section,entity,metric,value
run,,reporting_year,2026
run,,status,PASSED
source,BSNY,ytd_row_count,134
master,BSNY,ytd_row_count,87
source,BSNY,in_scope_gross_total,3922447.05
master,BSNY,in_scope_gross_total,2439215.15
source,SANCAP,ytd_row_count,3052
master,SANCAP,ytd_row_count,2518
source,SANCAP,in_scope_gross_total,13900212.96
master,SANCAP,in_scope_gross_total,11596611.42
new,BSNY,source_row,BSNY - SAP & Concur Repoort May 2025 - June 2026.xlsx:281; Document ID=2773636
new,BSNY,source_row,BSNY - SAP & Concur Repoort May 2025 - June 2026.xlsx:295; Document ID=2846093
new,BSNY,source_row,BSNY - SAP & Concur Repoort May 2025 - June 2026.xlsx:322; Document ID=2926866
new,BSNY,source_row,BSNY - SAP & Concur Repoort May 2025 - June 2026.xlsx:362; Document ID=3033241
new,BSNY,source_row,BSNY - SAP & Concur Repoort May 2025 - June 2026.xlsx:363; Document ID=3033261
new,BSNY,source_row,BSNY - SAP & Concur Repoort May 2025 - June 2026.xlsx:365; Document ID=3033435
new,BSNY,source_row,BSNY - SAP & Concur Repoort May 2025 - June 2026.xlsx:367; Document ID=3047311
new,BSNY,source_row,BSNY - SAP & Concur Repoort May 2025 - June 2026.xlsx:368; Document ID=3050410
new,BSNY,source_row,BSNY - SAP & Concur Repoort May 2025 - June 2026.xlsx:369; Document ID=3055106
new,BSNY,source_row,BSNY - SAP & Concur Repoort May 2025 - June 2026.xlsx:370; Document ID=3060338
new,BSNY,source_row,BSNY - SAP & Concur Repoort May 2025 - June 2026.xlsx:371; Document ID=3060551
new,BSNY,source_row,BSNY - SAP & Concur Repoort May 2025 - June 2026.xlsx:372; Document ID=3062417
new,BSNY,source_row,BSNY - SAP & Concur Repoort May 2025 - June 2026.xlsx:373; Document ID=3062424
new,BSNY,source_row,BSNY - SAP & Concur Repoort May 2025 - June 2026.xlsx:374; Document ID=3062432
new,BSNY,source_row,BSNY - SAP & Concur Repoort May 2025 - June 2026.xlsx:375; Document ID=3062438
new,BSNY,source_row,BSNY - SAP & Concur Repoort May 2025 - June 2026.xlsx:376; Document ID=3062909
new,BSNY,source_row,BSNY - SAP & Concur Repoort May 2025 - June 2026.xlsx:377; Document ID=3062942
new,BSNY,source_row,BSNY - SAP & Concur Repoort May 2025 - June 2026.xlsx:378; Document ID=3063098
new,BSNY,source_row,BSNY - SAP & Concur Repoort May 2025 - June 2026.xlsx:379; Document ID=3063202
new,BSNY,source_row,BSNY - SAP & Concur Repoort May 2025 - June 2026.xlsx:380; Document ID=3066192
new,BSNY,source_row,BSNY - SAP & Concur Repoort May 2025 - June 2026.xlsx:381; Document ID=3066197
new,BSNY,source_row,BSNY - SAP & Concur Repoort May 2025 - June 2026.xlsx:382; Document ID=3066203
new,BSNY,source_row,BSNY - SAP & Concur Repoort May 2025 - June 2026.xlsx:383; Document ID=3071600
new,BSNY,source_row,BSNY - SAP & Concur Repoort May 2025 - June 2026.xlsx:384; Document ID=3075400
new,BSNY,source_row,BSNY - SAP & Concur Repoort May 2025 - June 2026.xlsx:385; Document ID=3078766
new,BSNY,source_row,BSNY - SAP & Concur Repoort May 2025 - June 2026.xlsx:386; Document ID=3079323
new,BSNY,source_row,BSNY - SAP & Concur Repoort May 2025 - June 2026.xlsx:387; Document ID=3079330
new,BSNY,source_row,BSNY - SAP & Concur Repoort May 2025 - June 2026.xlsx:388; Document ID=3079335
new,BSNY,source_row,BSNY - SAP & Concur Repoort May 2025 - June 2026.xlsx:389; Document ID=3079338
new,BSNY,source_row,BSNY - SAP & Concur Repoort May 2025 - June 2026.xlsx:390; Document ID=3079356
new,BSNY,source_row,BSNY - SAP & Concur Repoort May 2025 - June 2026.xlsx:391; Document ID=3079474
new,BSNY,source_row,BSNY - SAP & Concur Repoort May 2025 - June 2026.xlsx:392; Document ID=3079611
new,BSNY,source_row,BSNY - SAP & Concur Repoort May 2025 - June 2026.xlsx:393; Document ID=3079671
new,BSNY,source_row,BSNY - SAP & Concur Repoort May 2025 - June 2026.xlsx:394; Document ID=3079675
new,BSNY,source_row,BSNY - SAP & Concur Repoort May 2025 - June 2026.xlsx:396; Document ID=3090790
new,BSNY,source_row,BSNY - SAP & Concur Repoort May 2025 - June 2026.xlsx:397; Document ID=3090793
new,BSNY,source_row,BSNY - SAP & Concur Repoort May 2025 - June 2026.xlsx:398; Document ID=3092672
new,BSNY,source_row,BSNY - SAP & Concur Repoort May 2025 - June 2026.xlsx:400; Document ID=3099677
new,BSNY,source_row,BSNY - SAP & Concur Repoort May 2025 - June 2026.xlsx:401; Document ID=3104023
new,BSNY,source_row,BSNY - SAP & Concur Repoort May 2025 - June 2026.xlsx:402; Document ID=3113976
new,BSNY,source_row,BSNY - SAP & Concur Repoort May 2025 - June 2026.xlsx:403; Document ID=3114582
new,BSNY,source_row,BSNY - SAP & Concur Repoort May 2025 - June 2026.xlsx:404; Document ID=3114718
new,BSNY,source_row,BSNY - SAP & Concur Repoort May 2025 - June 2026.xlsx:405; Document ID=3114775
new,BSNY,source_row,BSNY - SAP & Concur Repoort May 2025 - June 2026.xlsx:406; Document ID=3114973
new,BSNY,source_row,BSNY - SAP & Concur Repoort May 2025 - June 2026.xlsx:407; Document ID=3114979
new,BSNY,source_row,BSNY - SAP & Concur Repoort May 2025 - June 2026.xlsx:408; Document ID=3115123
new,BSNY,source_row,BSNY - SAP & Concur Repoort May 2025 - June 2026.xlsx:409; Document ID=3115164
new,SANCAP,source_row,SanCap - VIM STATUS REPORT 2026-07-01 8.49 AM.xlsx:3; Document ID=3046842
new,SANCAP,source_row,SanCap - VIM STATUS REPORT 2026-07-01 8.49 AM.xlsx:4; Document ID=3106229
new,SANCAP,source_row,SanCap - VIM STATUS REPORT 2026-07-01 8.49 AM.xlsx:5; Document ID=3111461
new,SANCAP,source_row,SanCap - VIM STATUS REPORT 2026-07-01 8.49 AM.xlsx:6; Document ID=3119515
new,SANCAP,source_row,SanCap - VIM STATUS REPORT 2026-07-01 8.49 AM.xlsx:7; Document ID=3119769
new,SANCAP,source_row,SanCap - VIM STATUS REPORT 2026-07-01 8.49 AM.xlsx:8; Document ID=3120147
new,SANCAP,source_row,SanCap - VIM STATUS REPORT 2026-07-01 8.49 AM.xlsx:13; Document ID=3106104
new,SANCAP,source_row,SanCap - VIM STATUS REPORT 2026-07-01 8.49 AM.xlsx:14; Document ID=3115252
new,SANCAP,source_row,SanCap - VIM STATUS REPORT 2026-07-01 8.49 AM.xlsx:15; Document ID=3117470
new,SANCAP,source_row,SanCap - VIM STATUS REPORT 2026-07-01 8.49 AM.xlsx:16; Document ID=3119342
new,SANCAP,source_row,SanCap - VIM STATUS REPORT 2026-07-01 8.49 AM.xlsx:17; Document ID=3119478
new,SANCAP,source_row,SanCap - VIM STATUS REPORT 2026-07-01 8.49 AM.xlsx:21; Document ID=3119655
new,SANCAP,source_row,SanCap - VIM STATUS REPORT 2026-07-01 8.49 AM.xlsx:22; Document ID=3119664
new,SANCAP,source_row,SanCap - VIM STATUS REPORT 2026-07-01 8.49 AM.xlsx:25; Document ID=3106141
new,SANCAP,source_row,SanCap - VIM STATUS REPORT 2026-07-01 8.49 AM.xlsx:26; Document ID=3110803
new,SANCAP,source_row,SanCap - VIM STATUS REPORT 2026-07-01 8.49 AM.xlsx:27; Document ID=3115084
new,SANCAP,source_row,SanCap - VIM STATUS REPORT 2026-07-01 8.49 AM.xlsx:29; Document ID=2777031
new,SANCAP,source_row,SanCap - VIM STATUS REPORT 2026-07-01 8.49 AM.xlsx:30; Document ID=2786852
new,SANCAP,source_row,SanCap - VIM STATUS REPORT 2026-07-01 8.49 AM.xlsx:31; Document ID=3009759
new,SANCAP,source_row,SanCap - VIM STATUS REPORT 2026-07-01 8.49 AM.xlsx:32; Document ID=3040569
new,SANCAP,source_row,SanCap - VIM STATUS REPORT 2026-07-01 8.49 AM.xlsx:33; Document ID=3046713
new,SANCAP,source_row,SanCap - VIM STATUS REPORT 2026-07-01 8.49 AM.xlsx:34; Document ID=3050641
new,SANCAP,source_row,SanCap - VIM STATUS REPORT 2026-07-01 8.49 AM.xlsx:35; Document ID=3069027
new,SANCAP,source_row,SanCap - VIM STATUS REPORT 2026-07-01 8.49 AM.xlsx:36; Document ID=3069422
new,SANCAP,source_row,SanCap - VIM STATUS REPORT 2026-07-01 8.49 AM.xlsx:37; Document ID=3075074
new,SANCAP,source_row,SanCap - VIM STATUS REPORT 2026-07-01 8.49 AM.xlsx:40; Document ID=3084565
new,SANCAP,source_row,SanCap - VIM STATUS REPORT 2026-07-01 8.49 AM.xlsx:42; Document ID=3092667
new,SANCAP,source_row,SanCap - VIM STATUS REPORT 2026-07-01 8.49 AM.xlsx:43; Document ID=3107572
new,SANCAP,source_row,SanCap - VIM STATUS REPORT 2026-07-01 8.49 AM.xlsx:44; Document ID=3107799
new,SANCAP,source_row,SanCap - VIM STATUS REPORT 2026-07-01 8.49 AM.xlsx:45; Document ID=3108032
new,SANCAP,source_row,SanCap - VIM STATUS REPORT 2026-07-01 8.49 AM.xlsx:46; Document ID=3108057
new,SANCAP,source_row,SanCap - VIM STATUS REPORT 2026-07-01 8.49 AM.xlsx:47; Document ID=3110043
new,SANCAP,source_row,SanCap - VIM STATUS REPORT 2026-07-01 8.49 AM.xlsx:48; Document ID=3110307
new,SANCAP,source_row,SanCap - VIM STATUS REPORT 2026-07-01 8.49 AM.xlsx:49; Document ID=3110529
new,SANCAP,source_row,SanCap - VIM STATUS REPORT 2026-07-01 8.49 AM.xlsx:50; Document ID=3114735
new,SANCAP,source_row,SanCap - VIM STATUS REPORT 2026-07-01 8.49 AM.xlsx:51; Document ID=3115219
new,SANCAP,source_row,SanCap - VIM STATUS REPORT 2026-07-01 8.49 AM.xlsx:52; Document ID=3115247
new,SANCAP,source_row,SanCap - VIM STATUS REPORT 2026-07-01 8.49 AM.xlsx:54; Document ID=3115287
new,SANCAP,source_row,SanCap - VIM STATUS REPORT 2026-07-01 8.49 AM.xlsx:55; Document ID=3115299
new,SANCAP,source_row,SanCap - VIM STATUS REPORT 2026-07-01 8.49 AM.xlsx:56; Document ID=3115318
new,SANCAP,source_row,SanCap - VIM STATUS REPORT 2026-07-01 8.49 AM.xlsx:57; Document ID=3115407
new,SANCAP,source_row,SanCap - VIM STATUS REPORT 2026-07-01 8.49 AM.xlsx:58; Document ID=3115415
new,SANCAP,source_row,SanCap - VIM STATUS REPORT 2026-07-01 8.49 AM.xlsx:59; Document ID=3115479
new,SANCAP,source_row,SanCap - VIM STATUS REPORT 2026-07-01 8.49 AM.xlsx:60; Document ID=3116815
new,SANCAP,source_row,SanCap - VIM STATUS REPORT 2026-07-01 8.49 AM.xlsx:61; Document ID=3117117
new,SANCAP,source_row,SanCap - VIM STATUS REPORT 2026-07-01 8.49 AM.xlsx:62; Document ID=3117185
new,SANCAP,source_row,SanCap - VIM STATUS REPORT 2026-07-01 8.49 AM.xlsx:64; Document ID=3117373
new,SANCAP,source_row,SanCap - VIM STATUS REPORT 2026-07-01 8.49 AM.xlsx:65; Document ID=3117424
new,SANCAP,source_row,SanCap - VIM STATUS REPORT 2026-07-01 8.49 AM.xlsx:66; Document ID=3117491
new,SANCAP,source_row,SanCap - VIM STATUS REPORT 2026-07-01 8.49 AM.xlsx:67; Document ID=3117524
new,SANCAP,source_row,SanCap - VIM STATUS REPORT 2026-07-01 8.49 AM.xlsx:68; Document ID=3117544
new,SANCAP,source_row,SanCap - VIM STATUS REPORT 2026-07-01 8.49 AM.xlsx:70; Document ID=2746167
new,SANCAP,source_row,SanCap - VIM STATUS REPORT 2026-07-01 8.49 AM.xlsx:71; Document ID=2842006
new,SANCAP,source_row,SanCap - VIM STATUS REPORT 2026-07-01 8.49 AM.xlsx:72; Document ID=2870387
new,SANCAP,source_row,SanCap - VIM STATUS REPORT 2026-07-01 8.49 AM.xlsx:73; Document ID=2896202
new,SANCAP,source_row,SanCap - VIM STATUS REPORT 2026-07-01 8.49 AM.xlsx:74; Document ID=2901416
new,SANCAP,source_row,SanCap - VIM STATUS REPORT 2026-07-01 8.49 AM.xlsx:75; Document ID=2954281
new,SANCAP,source_row,SanCap - VIM STATUS REPORT 2026-07-01 8.49 AM.xlsx:76; Document ID=2981412
new,SANCAP,source_row,SanCap - VIM STATUS REPORT 2026-07-01 8.49 AM.xlsx:77; Document ID=3065309
new,SANCAP,source_row,SanCap - VIM STATUS REPORT 2026-07-01 8.49 AM.xlsx:78; Document ID=3065457
new,SANCAP,source_row,SanCap - VIM STATUS REPORT 2026-07-01 8.49 AM.xlsx:79; Document ID=3065558
new,SANCAP,source_row,SanCap - VIM STATUS REPORT 2026-07-01 8.49 AM.xlsx:80; Document ID=3074928
new,SANCAP,source_row,SanCap - VIM STATUS REPORT 2026-07-01 8.49 AM.xlsx:81; Document ID=3109987
new,SANCAP,source_row,SanCap - VIM STATUS REPORT 2026-07-01 8.49 AM.xlsx:82; Document ID=3110205
new,SANCAP,source_row,SanCap - VIM STATUS REPORT 2026-07-01 8.49 AM.xlsx:83; Document ID=3110269
new,SANCAP,source_row,SanCap - VIM STATUS REPORT 2026-07-01 8.49 AM.xlsx:84; Document ID=3110597
new,SANCAP,source_row,SanCap - VIM STATUS REPORT 2026-07-01 8.49 AM.xlsx:85; Document ID=3111482
new,SANCAP,source_row,SanCap - VIM STATUS REPORT 2026-07-01 8.49 AM.xlsx:86; Document ID=3111561
new,SANCAP,source_row,SanCap - VIM STATUS REPORT 2026-07-01 8.49 AM.xlsx:87; Document ID=3111628
new,SANCAP,source_row,SanCap - VIM STATUS REPORT 2026-07-01 8.49 AM.xlsx:88; Document ID=3111648
new,SANCAP,source_row,SanCap - VIM STATUS REPORT 2026-07-01 8.49 AM.xlsx:89; Document ID=3111662
new,SANCAP,source_row,SanCap - VIM STATUS REPORT 2026-07-01 8.49 AM.xlsx:90; Document ID=3111690
new,SANCAP,source_row,SanCap - VIM STATUS REPORT 2026-07-01 8.49 AM.xlsx:91; Document ID=3111706
new,SANCAP,source_row,SanCap - VIM STATUS REPORT 2026-07-01 8.49 AM.xlsx:92; Document ID=3111732
new,SANCAP,source_row,SanCap - VIM STATUS REPORT 2026-07-01 8.49 AM.xlsx:93; Document ID=3111770
new,SANCAP,source_row,SanCap - VIM STATUS REPORT 2026-07-01 8.49 AM.xlsx:94; Document ID=3111793
new,SANCAP,source_row,SanCap - VIM STATUS REPORT 2026-07-01 8.49 AM.xlsx:95; Document ID=3112564
new,SANCAP,source_row,SanCap - VIM STATUS REPORT 2026-07-01 8.49 AM.xlsx:96; Document ID=3112600
new,SANCAP,source_row,SanCap - VIM STATUS REPORT 2026-07-01 8.49 AM.xlsx:97; Document ID=3112634
new,SANCAP,source_row,SanCap - VIM STATUS REPORT 2026-07-01 8.49 AM.xlsx:98; Document ID=3112635
new,SANCAP,source_row,SanCap - VIM STATUS REPORT 2026-07-01 8.49 AM.xlsx:99; Document ID=3112636
new,SANCAP,source_row,SanCap - VIM STATUS REPORT 2026-07-01 8.49 AM.xlsx:100; Document ID=3112672
new,SANCAP,source_row,SanCap - VIM STATUS REPORT 2026-07-01 8.49 AM.xlsx:101; Document ID=3113689
new,SANCAP,source_row,SanCap - VIM STATUS REPORT 2026-07-01 8.49 AM.xlsx:102; Document ID=3113697
new,SANCAP,source_row,SanCap - VIM STATUS REPORT 2026-07-01 8.49 AM.xlsx:103; Document ID=3113731
new,SANCAP,source_row,SanCap - VIM STATUS REPORT 2026-07-01 8.49 AM.xlsx:104; Document ID=3113749
new,SANCAP,source_row,SanCap - VIM STATUS REPORT 2026-07-01 8.49 AM.xlsx:105; Document ID=3113803
new,SANCAP,source_row,SanCap - VIM STATUS REPORT 2026-07-01 8.49 AM.xlsx:106; Document ID=3114036
new,SANCAP,source_row,SanCap - VIM STATUS REPORT 2026-07-01 8.49 AM.xlsx:107; Document ID=3114070
new,SANCAP,source_row,SanCap - VIM STATUS REPORT 2026-07-01 8.49 AM.xlsx:112; Document ID=3115161
new,SANCAP,source_row,SanCap - VIM STATUS REPORT 2026-07-01 8.49 AM.xlsx:113; Document ID=3115177
new,SANCAP,source_row,SanCap - VIM STATUS REPORT 2026-07-01 8.49 AM.xlsx:114; Document ID=3115184
new,SANCAP,source_row,SanCap - VIM STATUS REPORT 2026-07-01 8.49 AM.xlsx:119; Document ID=3074650
new,SANCAP,source_row,SanCap - VIM STATUS REPORT 2026-07-01 8.49 AM.xlsx:120; Document ID=3074657
new,SANCAP,source_row,SanCap - VIM STATUS REPORT 2026-07-01 8.49 AM.xlsx:121; Document ID=3074661
new,SANCAP,source_row,SanCap - VIM STATUS REPORT 2026-07-01 8.49 AM.xlsx:122; Document ID=3074666
new,SANCAP,source_row,SanCap - VIM STATUS REPORT 2026-07-01 8.49 AM.xlsx:123; Document ID=3074708
new,SANCAP,source_row,SanCap - VIM STATUS REPORT 2026-07-01 8.49 AM.xlsx:124; Document ID=3074846
new,SANCAP,source_row,SanCap - VIM STATUS REPORT 2026-07-01 8.49 AM.xlsx:125; Document ID=3074889
new,SANCAP,source_row,SanCap - VIM STATUS REPORT 2026-07-01 8.49 AM.xlsx:126; Document ID=3081514
new,SANCAP,source_row,SanCap - VIM STATUS REPORT 2026-07-01 8.49 AM.xlsx:127; Document ID=3085400
new,SANCAP,source_row,SanCap - VIM STATUS REPORT 2026-07-01 8.49 AM.xlsx:128; Document ID=3103460
new,SANCAP,source_row,SanCap - VIM STATUS REPORT 2026-07-01 8.49 AM.xlsx:129; Document ID=3106193
new,SANCAP,source_row,SanCap - VIM STATUS REPORT 2026-07-01 8.49 AM.xlsx:130; Document ID=3106379
new,SANCAP,source_row,SanCap - VIM STATUS REPORT 2026-07-01 8.49 AM.xlsx:131; Document ID=3106402
new,SANCAP,source_row,SanCap - VIM STATUS REPORT 2026-07-01 8.49 AM.xlsx:132; Document ID=3106407
new,SANCAP,source_row,SanCap - VIM STATUS REPORT 2026-07-01 8.49 AM.xlsx:133; Document ID=3106914
new,SANCAP,source_row,SanCap - VIM STATUS REPORT 2026-07-01 8.49 AM.xlsx:134; Document ID=3106986
new,SANCAP,source_row,SanCap - VIM STATUS REPORT 2026-07-01 8.49 AM.xlsx:135; Document ID=3107005
new,SANCAP,source_row,SanCap - VIM STATUS REPORT 2026-07-01 8.49 AM.xlsx:136; Document ID=3107010
new,SANCAP,source_row,SanCap - VIM STATUS REPORT 2026-07-01 8.49 AM.xlsx:137; Document ID=3107011
new,SANCAP,source_row,SanCap - VIM STATUS REPORT 2026-07-01 8.49 AM.xlsx:138; Document ID=3107216
new,SANCAP,source_row,SanCap - VIM STATUS REPORT 2026-07-01 8.49 AM.xlsx:139; Document ID=3107232
new,SANCAP,source_row,SanCap - VIM STATUS REPORT 2026-07-01 8.49 AM.xlsx:140; Document ID=3107445
new,SANCAP,source_row,SanCap - VIM STATUS REPORT 2026-07-01 8.49 AM.xlsx:141; Document ID=3107477
new,SANCAP,source_row,SanCap - VIM STATUS REPORT 2026-07-01 8.49 AM.xlsx:142; Document ID=3107498
new,SANCAP,source_row,SanCap - VIM STATUS REPORT 2026-07-01 8.49 AM.xlsx:143; Document ID=3107543
new,SANCAP,source_row,SanCap - VIM STATUS REPORT 2026-07-01 8.49 AM.xlsx:144; Document ID=3107581
new,SANCAP,source_row,SanCap - VIM STATUS REPORT 2026-07-01 8.49 AM.xlsx:145; Document ID=3107643
new,SANCAP,source_row,SanCap - VIM STATUS REPORT 2026-07-01 8.49 AM.xlsx:146; Document ID=3107905
new,SANCAP,source_row,SanCap - VIM STATUS REPORT 2026-07-01 8.49 AM.xlsx:148; Document ID=3109866
new,SANCAP,source_row,SanCap - VIM STATUS REPORT 2026-07-01 8.49 AM.xlsx:149; Document ID=3109897
new,SANCAP,source_row,SanCap - VIM STATUS REPORT 2026-07-01 8.49 AM.xlsx:150; Document ID=3109942
new,SANCAP,source_row,SanCap - VIM STATUS REPORT 2026-07-01 8.49 AM.xlsx:151; Document ID=3110017
new,SANCAP,source_row,SanCap - VIM STATUS REPORT 2026-07-01 8.49 AM.xlsx:152; Document ID=3110031
new,SANCAP,source_row,SanCap - VIM STATUS REPORT 2026-07-01 8.49 AM.xlsx:153; Document ID=3110038
new,SANCAP,source_row,SanCap - VIM STATUS REPORT 2026-07-01 8.49 AM.xlsx:154; Document ID=3110064
new,SANCAP,source_row,SanCap - VIM STATUS REPORT 2026-07-01 8.49 AM.xlsx:155; Document ID=3110086
new,SANCAP,source_row,SanCap - VIM STATUS REPORT 2026-07-01 8.49 AM.xlsx:156; Document ID=3110106
new,SANCAP,source_row,SanCap - VIM STATUS REPORT 2026-07-01 8.49 AM.xlsx:157; Document ID=3110192
new,SANCAP,source_row,SanCap - VIM STATUS REPORT 2026-07-01 8.49 AM.xlsx:158; Document ID=3110209
new,SANCAP,source_row,SanCap - VIM STATUS REPORT 2026-07-01 8.49 AM.xlsx:159; Document ID=3110355
new,SANCAP,source_row,SanCap - VIM STATUS REPORT 2026-07-01 8.49 AM.xlsx:160; Document ID=3110362
new,SANCAP,source_row,SanCap - VIM STATUS REPORT 2026-07-01 8.49 AM.xlsx:161; Document ID=3110370
new,SANCAP,source_row,SanCap - VIM STATUS REPORT 2026-07-01 8.49 AM.xlsx:162; Document ID=3110460
new,SANCAP,source_row,SanCap - VIM STATUS REPORT 2026-07-01 8.49 AM.xlsx:163; Document ID=3110490
new,SANCAP,source_row,SanCap - VIM STATUS REPORT 2026-07-01 8.49 AM.xlsx:164; Document ID=3110499
new,SANCAP,source_row,SanCap - VIM STATUS REPORT 2026-07-01 8.49 AM.xlsx:165; Document ID=3110717
new,SANCAP,source_row,SanCap - VIM STATUS REPORT 2026-07-01 8.49 AM.xlsx:166; Document ID=3110718
new,SANCAP,source_row,SanCap - VIM STATUS REPORT 2026-07-01 8.49 AM.xlsx:167; Document ID=3110976
new,SANCAP,source_row,SanCap - VIM STATUS REPORT 2026-07-01 8.49 AM.xlsx:169; Document ID=3111484
new,SANCAP,source_row,SanCap - VIM STATUS REPORT 2026-07-01 8.49 AM.xlsx:170; Document ID=2945585
new,SANCAP,source_row,SanCap - VIM STATUS REPORT 2026-07-01 8.49 AM.xlsx:172; Document ID=3094028
new,SANCAP,source_row,SanCap - VIM STATUS REPORT 2026-07-01 8.49 AM.xlsx:174; Document ID=3104101
new,SANCAP,source_row,SanCap - VIM STATUS REPORT 2026-07-01 8.49 AM.xlsx:175; Document ID=3106007
new,SANCAP,source_row,SanCap - VIM STATUS REPORT 2026-07-01 8.49 AM.xlsx:177; Document ID=3106086
new,SANCAP,source_row,SanCap - VIM STATUS REPORT 2026-07-01 8.49 AM.xlsx:178; Document ID=3106177
new,SANCAP,source_row,SanCap - VIM STATUS REPORT 2026-07-01 8.49 AM.xlsx:179; Document ID=3106376
new,SANCAP,source_row,SanCap - VIM STATUS REPORT 2026-07-01 8.49 AM.xlsx:180; Document ID=3106592
new,SANCAP,source_row,SanCap - VIM STATUS REPORT 2026-07-01 8.49 AM.xlsx:181; Document ID=3106681
new,SANCAP,source_row,SanCap - VIM STATUS REPORT 2026-07-01 8.49 AM.xlsx:183; Document ID=3106814
new,SANCAP,source_row,SanCap - VIM STATUS REPORT 2026-07-01 8.49 AM.xlsx:184; Document ID=3106828
new,SANCAP,source_row,SanCap - VIM STATUS REPORT 2026-07-01 8.49 AM.xlsx:185; Document ID=3106867
new,SANCAP,source_row,SanCap - VIM STATUS REPORT 2026-07-01 8.49 AM.xlsx:186; Document ID=3106872
new,SANCAP,source_row,SanCap - VIM STATUS REPORT 2026-07-01 8.49 AM.xlsx:187; Document ID=3107020
new,SANCAP,source_row,SanCap - VIM STATUS REPORT 2026-07-01 8.49 AM.xlsx:188; Document ID=3107027
new,SANCAP,source_row,SanCap - VIM STATUS REPORT 2026-07-01 8.49 AM.xlsx:189; Document ID=3107036
new,SANCAP,source_row,SanCap - VIM STATUS REPORT 2026-07-01 8.49 AM.xlsx:190; Document ID=3107046
new,SANCAP,source_row,SanCap - VIM STATUS REPORT 2026-07-01 8.49 AM.xlsx:191; Document ID=3107067
new,SANCAP,source_row,SanCap - VIM STATUS REPORT 2026-07-01 8.49 AM.xlsx:192; Document ID=3107087
new,SANCAP,source_row,SanCap - VIM STATUS REPORT 2026-07-01 8.49 AM.xlsx:193; Document ID=3107097
new,SANCAP,source_row,SanCap - VIM STATUS REPORT 2026-07-01 8.49 AM.xlsx:194; Document ID=3107112
new,SANCAP,source_row,SanCap - VIM STATUS REPORT 2026-07-01 8.49 AM.xlsx:196; Document ID=3107236
new,SANCAP,source_row,SanCap - VIM STATUS REPORT 2026-07-01 8.49 AM.xlsx:197; Document ID=3107298
new,SANCAP,source_row,SanCap - VIM STATUS REPORT 2026-07-01 8.49 AM.xlsx:199; Document ID=3108012
new,SANCAP,source_row,SanCap - VIM STATUS REPORT 2026-07-01 8.49 AM.xlsx:200; Document ID=3108014
new,SANCAP,source_row,SanCap - VIM STATUS REPORT 2026-07-01 8.49 AM.xlsx:201; Document ID=3108016
new,SANCAP,source_row,SanCap - VIM STATUS REPORT 2026-07-01 8.49 AM.xlsx:202; Document ID=3108018
new,SANCAP,source_row,SanCap - VIM STATUS REPORT 2026-07-01 8.49 AM.xlsx:203; Document ID=2961992
new,SANCAP,source_row,SanCap - VIM STATUS REPORT 2026-07-01 8.49 AM.xlsx:204; Document ID=3007046
new,SANCAP,source_row,SanCap - VIM STATUS REPORT 2026-07-01 8.49 AM.xlsx:205; Document ID=3007064
new,SANCAP,source_row,SanCap - VIM STATUS REPORT 2026-07-01 8.49 AM.xlsx:206; Document ID=3058062
new,SANCAP,source_row,SanCap - VIM STATUS REPORT 2026-07-01 8.49 AM.xlsx:207; Document ID=3094018
new,SANCAP,source_row,SanCap - VIM STATUS REPORT 2026-07-01 8.49 AM.xlsx:208; Document ID=3094023
new,SANCAP,source_row,SanCap - VIM STATUS REPORT 2026-07-01 8.49 AM.xlsx:209; Document ID=3096084
new,SANCAP,source_row,SanCap - VIM STATUS REPORT 2026-07-01 8.49 AM.xlsx:210; Document ID=3097792
new,SANCAP,source_row,SanCap - VIM STATUS REPORT 2026-07-01 8.49 AM.xlsx:211; Document ID=3097802
new,SANCAP,source_row,SanCap - VIM STATUS REPORT 2026-07-01 8.49 AM.xlsx:212; Document ID=3097822
new,SANCAP,source_row,SanCap - VIM STATUS REPORT 2026-07-01 8.49 AM.xlsx:213; Document ID=3102718
new,SANCAP,source_row,SanCap - VIM STATUS REPORT 2026-07-01 8.49 AM.xlsx:214; Document ID=3102826
new,SANCAP,source_row,SanCap - VIM STATUS REPORT 2026-07-01 8.49 AM.xlsx:215; Document ID=3102963
new,SANCAP,source_row,SanCap - VIM STATUS REPORT 2026-07-01 8.49 AM.xlsx:216; Document ID=3103037
new,SANCAP,source_row,SanCap - VIM STATUS REPORT 2026-07-01 8.49 AM.xlsx:217; Document ID=3103211
new,SANCAP,source_row,SanCap - VIM STATUS REPORT 2026-07-01 8.49 AM.xlsx:218; Document ID=3103271
new,SANCAP,source_row,SanCap - VIM STATUS REPORT 2026-07-01 8.49 AM.xlsx:219; Document ID=3103317
new,SANCAP,source_row,SanCap - VIM STATUS REPORT 2026-07-01 8.49 AM.xlsx:220; Document ID=3103345
new,SANCAP,source_row,SanCap - VIM STATUS REPORT 2026-07-01 8.49 AM.xlsx:221; Document ID=3103406
new,SANCAP,source_row,SanCap - VIM STATUS REPORT 2026-07-01 8.49 AM.xlsx:222; Document ID=3103443
new,SANCAP,source_row,SanCap - VIM STATUS REPORT 2026-07-01 8.49 AM.xlsx:224; Document ID=3103669
new,SANCAP,source_row,SanCap - VIM STATUS REPORT 2026-07-01 8.49 AM.xlsx:225; Document ID=3103713
new,SANCAP,source_row,SanCap - VIM STATUS REPORT 2026-07-01 8.49 AM.xlsx:226; Document ID=3103761
new,SANCAP,source_row,SanCap - VIM STATUS REPORT 2026-07-01 8.49 AM.xlsx:227; Document ID=3103805
new,SANCAP,source_row,SanCap - VIM STATUS REPORT 2026-07-01 8.49 AM.xlsx:229; Document ID=3097549
new,SANCAP,source_row,SanCap - VIM STATUS REPORT 2026-07-01 8.49 AM.xlsx:230; Document ID=3009205
new,SANCAP,source_row,SanCap - VIM STATUS REPORT 2026-07-01 8.49 AM.xlsx:231; Document ID=3058316
new,SANCAP,source_row,SanCap - VIM STATUS REPORT 2026-07-01 8.49 AM.xlsx:232; Document ID=3058654
new,SANCAP,source_row,SanCap - VIM STATUS REPORT 2026-07-01 8.49 AM.xlsx:233; Document ID=3058811
new,SANCAP,source_row,SanCap - VIM STATUS REPORT 2026-07-01 8.49 AM.xlsx:234; Document ID=3085509
new,SANCAP,source_row,SanCap - VIM STATUS REPORT 2026-07-01 8.49 AM.xlsx:235; Document ID=3085515
new,SANCAP,source_row,SanCap - VIM STATUS REPORT 2026-07-01 8.49 AM.xlsx:236; Document ID=3093243
new,SANCAP,source_row,SanCap - VIM STATUS REPORT 2026-07-01 8.49 AM.xlsx:238; Document ID=3050927
new,SANCAP,source_row,SanCap - VIM STATUS REPORT 2026-07-01 8.49 AM.xlsx:239; Document ID=3088346
new,SANCAP,source_row,SanCap - VIM STATUS REPORT 2026-07-01 8.49 AM.xlsx:240; Document ID=3089446
new,SANCAP,source_row,SanCap - VIM STATUS REPORT 2026-07-01 8.49 AM.xlsx:241; Document ID=3089464
new,SANCAP,source_row,SanCap - VIM STATUS REPORT 2026-07-01 8.49 AM.xlsx:242; Document ID=3089639
new,SANCAP,source_row,SanCap - VIM STATUS REPORT 2026-07-01 8.49 AM.xlsx:243; Document ID=3090806
new,SANCAP,source_row,SanCap - VIM STATUS REPORT 2026-07-01 8.49 AM.xlsx:244; Document ID=3090807
new,SANCAP,source_row,SanCap - VIM STATUS REPORT 2026-07-01 8.49 AM.xlsx:245; Document ID=3090808
new,SANCAP,source_row,SanCap - VIM STATUS REPORT 2026-07-01 8.49 AM.xlsx:246; Document ID=3090809
new,SANCAP,source_row,SanCap - VIM STATUS REPORT 2026-07-01 8.49 AM.xlsx:247; Document ID=3090810
new,SANCAP,source_row,SanCap - VIM STATUS REPORT 2026-07-01 8.49 AM.xlsx:248; Document ID=3090811
new,SANCAP,source_row,SanCap - VIM STATUS REPORT 2026-07-01 8.49 AM.xlsx:249; Document ID=3090812
new,SANCAP,source_row,SanCap - VIM STATUS REPORT 2026-07-01 8.49 AM.xlsx:250; Document ID=3090813
new,SANCAP,source_row,SanCap - VIM STATUS REPORT 2026-07-01 8.49 AM.xlsx:251; Document ID=3090814
new,SANCAP,source_row,SanCap - VIM STATUS REPORT 2026-07-01 8.49 AM.xlsx:252; Document ID=3090815
new,SANCAP,source_row,SanCap - VIM STATUS REPORT 2026-07-01 8.49 AM.xlsx:253; Document ID=3090816
new,SANCAP,source_row,SanCap - VIM STATUS REPORT 2026-07-01 8.49 AM.xlsx:254; Document ID=3090817
new,SANCAP,source_row,SanCap - VIM STATUS REPORT 2026-07-01 8.49 AM.xlsx:255; Document ID=3090818
new,SANCAP,source_row,SanCap - VIM STATUS REPORT 2026-07-01 8.49 AM.xlsx:256; Document ID=3090819
new,SANCAP,source_row,SanCap - VIM STATUS REPORT 2026-07-01 8.49 AM.xlsx:257; Document ID=3090820
new,SANCAP,source_row,SanCap - VIM STATUS REPORT 2026-07-01 8.49 AM.xlsx:258; Document ID=3092740
new,SANCAP,source_row,SanCap - VIM STATUS REPORT 2026-07-01 8.49 AM.xlsx:259; Document ID=3093052
new,SANCAP,source_row,SanCap - VIM STATUS REPORT 2026-07-01 8.49 AM.xlsx:260; Document ID=3093250
new,SANCAP,source_row,SanCap - VIM STATUS REPORT 2026-07-01 8.49 AM.xlsx:262; Document ID=3093509
new,SANCAP,source_row,SanCap - VIM STATUS REPORT 2026-07-01 8.49 AM.xlsx:263; Document ID=3093516
new,SANCAP,source_row,SanCap - VIM STATUS REPORT 2026-07-01 8.49 AM.xlsx:264; Document ID=3093522
new,SANCAP,source_row,SanCap - VIM STATUS REPORT 2026-07-01 8.49 AM.xlsx:265; Document ID=3093533
new,SANCAP,source_row,SanCap - VIM STATUS REPORT 2026-07-01 8.49 AM.xlsx:268; Document ID=3094008
new,SANCAP,source_row,SanCap - VIM STATUS REPORT 2026-07-01 8.49 AM.xlsx:269; Document ID=3094032
new,SANCAP,source_row,SanCap - VIM STATUS REPORT 2026-07-01 8.49 AM.xlsx:270; Document ID=3094054
new,SANCAP,source_row,SanCap - VIM STATUS REPORT 2026-07-01 8.49 AM.xlsx:271; Document ID=3094130
new,SANCAP,source_row,SanCap - VIM STATUS REPORT 2026-07-01 8.49 AM.xlsx:272; Document ID=3094132
new,SANCAP,source_row,SanCap - VIM STATUS REPORT 2026-07-01 8.49 AM.xlsx:273; Document ID=3094146
new,SANCAP,source_row,SanCap - VIM STATUS REPORT 2026-07-01 8.49 AM.xlsx:275; Document ID=3094172
new,SANCAP,source_row,SanCap - VIM STATUS REPORT 2026-07-01 8.49 AM.xlsx:276; Document ID=3094181
new,SANCAP,source_row,SanCap - VIM STATUS REPORT 2026-07-01 8.49 AM.xlsx:277; Document ID=2942502
new,SANCAP,source_row,SanCap - VIM STATUS REPORT 2026-07-01 8.49 AM.xlsx:278; Document ID=3021305
new,SANCAP,source_row,SanCap - VIM STATUS REPORT 2026-07-01 8.49 AM.xlsx:279; Document ID=3021398
new,SANCAP,source_row,SanCap - VIM STATUS REPORT 2026-07-01 8.49 AM.xlsx:280; Document ID=3021429
new,SANCAP,source_row,SanCap - VIM STATUS REPORT 2026-07-01 8.49 AM.xlsx:281; Document ID=3085426
new,SANCAP,source_row,SanCap - VIM STATUS REPORT 2026-07-01 8.49 AM.xlsx:282; Document ID=3085451
new,SANCAP,source_row,SanCap - VIM STATUS REPORT 2026-07-01 8.49 AM.xlsx:283; Document ID=3087658
new,SANCAP,source_row,SanCap - VIM STATUS REPORT 2026-07-01 8.49 AM.xlsx:284; Document ID=3087970
new,SANCAP,source_row,SanCap - VIM STATUS REPORT 2026-07-01 8.49 AM.xlsx:285; Document ID=3087999
new,SANCAP,source_row,SanCap - VIM STATUS REPORT 2026-07-01 8.49 AM.xlsx:286; Document ID=3029894
new,SANCAP,source_row,SanCap - VIM STATUS REPORT 2026-07-01 8.49 AM.xlsx:287; Document ID=3054125
new,SANCAP,source_row,SanCap - VIM STATUS REPORT 2026-07-01 8.49 AM.xlsx:288; Document ID=3084519
new,SANCAP,source_row,SanCap - VIM STATUS REPORT 2026-07-01 8.49 AM.xlsx:289; Document ID=3084590
new,SANCAP,source_row,SanCap - VIM STATUS REPORT 2026-07-01 8.49 AM.xlsx:290; Document ID=3084623
new,SANCAP,source_row,SanCap - VIM STATUS REPORT 2026-07-01 8.49 AM.xlsx:291; Document ID=3084656
new,SANCAP,source_row,SanCap - VIM STATUS REPORT 2026-07-01 8.49 AM.xlsx:292; Document ID=3084702
new,SANCAP,source_row,SanCap - VIM STATUS REPORT 2026-07-01 8.49 AM.xlsx:293; Document ID=3084720
new,SANCAP,source_row,SanCap - VIM STATUS REPORT 2026-07-01 8.49 AM.xlsx:294; Document ID=3084730
new,SANCAP,source_row,SanCap - VIM STATUS REPORT 2026-07-01 8.49 AM.xlsx:295; Document ID=3084773
new,SANCAP,source_row,SanCap - VIM STATUS REPORT 2026-07-01 8.49 AM.xlsx:296; Document ID=3081387
new,SANCAP,source_row,SanCap - VIM STATUS REPORT 2026-07-01 8.49 AM.xlsx:297; Document ID=2792619
new,SANCAP,source_row,SanCap - VIM STATUS REPORT 2026-07-01 8.49 AM.xlsx:298; Document ID=3020538
new,SANCAP,source_row,SanCap - VIM STATUS REPORT 2026-07-01 8.49 AM.xlsx:299; Document ID=3050827
new,SANCAP,source_row,SanCap - VIM STATUS REPORT 2026-07-01 8.49 AM.xlsx:300; Document ID=3081293
new,SANCAP,source_row,SanCap - VIM STATUS REPORT 2026-07-01 8.49 AM.xlsx:301; Document ID=3081305
new,SANCAP,source_row,SanCap - VIM STATUS REPORT 2026-07-01 8.49 AM.xlsx:302; Document ID=2845444
new,SANCAP,source_row,SanCap - VIM STATUS REPORT 2026-07-01 8.49 AM.xlsx:303; Document ID=2943042
new,SANCAP,source_row,SanCap - VIM STATUS REPORT 2026-07-01 8.49 AM.xlsx:304; Document ID=2972301
new,SANCAP,source_row,SanCap - VIM STATUS REPORT 2026-07-01 8.49 AM.xlsx:306; Document ID=3069183
new,SANCAP,source_row,SanCap - VIM STATUS REPORT 2026-07-01 8.49 AM.xlsx:307; Document ID=3069435
new,SANCAP,source_row,SanCap - VIM STATUS REPORT 2026-07-01 8.49 AM.xlsx:308; Document ID=3074250
new,SANCAP,source_row,SanCap - VIM STATUS REPORT 2026-07-01 8.49 AM.xlsx:309; Document ID=3074254
new,SANCAP,source_row,SanCap - VIM STATUS REPORT 2026-07-01 8.49 AM.xlsx:310; Document ID=3074265
new,SANCAP,source_row,SanCap - VIM STATUS REPORT 2026-07-01 8.49 AM.xlsx:311; Document ID=3074279
new,SANCAP,source_row,SanCap - VIM STATUS REPORT 2026-07-01 8.49 AM.xlsx:312; Document ID=3074308
new,SANCAP,source_row,SanCap - VIM STATUS REPORT 2026-07-01 8.49 AM.xlsx:313; Document ID=3074601
new,SANCAP,source_row,SanCap - VIM STATUS REPORT 2026-07-01 8.49 AM.xlsx:314; Document ID=3074754
new,SANCAP,source_row,SanCap - VIM STATUS REPORT 2026-07-01 8.49 AM.xlsx:315; Document ID=3074888
new,SANCAP,source_row,SanCap - VIM STATUS REPORT 2026-07-01 8.49 AM.xlsx:316; Document ID=3074958
new,SANCAP,source_row,SanCap - VIM STATUS REPORT 2026-07-01 8.49 AM.xlsx:317; Document ID=3074966
new,SANCAP,source_row,SanCap - VIM STATUS REPORT 2026-07-01 8.49 AM.xlsx:318; Document ID=3075035
new,SANCAP,source_row,SanCap - VIM STATUS REPORT 2026-07-01 8.49 AM.xlsx:319; Document ID=3075039
new,SANCAP,source_row,SanCap - VIM STATUS REPORT 2026-07-01 8.49 AM.xlsx:320; Document ID=3075072
new,SANCAP,source_row,SanCap - VIM STATUS REPORT 2026-07-01 8.49 AM.xlsx:321; Document ID=3075093
new,SANCAP,source_row,SanCap - VIM STATUS REPORT 2026-07-01 8.49 AM.xlsx:322; Document ID=3075099
new,SANCAP,source_row,SanCap - VIM STATUS REPORT 2026-07-01 8.49 AM.xlsx:323; Document ID=3075104
new,SANCAP,source_row,SanCap - VIM STATUS REPORT 2026-07-01 8.49 AM.xlsx:324; Document ID=3075106
new,SANCAP,source_row,SanCap - VIM STATUS REPORT 2026-07-01 8.49 AM.xlsx:325; Document ID=3075113
new,SANCAP,source_row,SanCap - VIM STATUS REPORT 2026-07-01 8.49 AM.xlsx:326; Document ID=3075132
new,SANCAP,source_row,SanCap - VIM STATUS REPORT 2026-07-01 8.49 AM.xlsx:327; Document ID=3076090
new,SANCAP,source_row,SanCap - VIM STATUS REPORT 2026-07-01 8.49 AM.xlsx:328; Document ID=3076173
new,SANCAP,source_row,SanCap - VIM STATUS REPORT 2026-07-01 8.49 AM.xlsx:329; Document ID=3076220
new,SANCAP,source_row,SanCap - VIM STATUS REPORT 2026-07-01 8.49 AM.xlsx:330; Document ID=3076221
new,SANCAP,source_row,SanCap - VIM STATUS REPORT 2026-07-01 8.49 AM.xlsx:331; Document ID=3076486
new,SANCAP,source_row,SanCap - VIM STATUS REPORT 2026-07-01 8.49 AM.xlsx:332; Document ID=3077603
new,SANCAP,source_row,SanCap - VIM STATUS REPORT 2026-07-01 8.49 AM.xlsx:333; Document ID=3077991
new,SANCAP,source_row,SanCap - VIM STATUS REPORT 2026-07-01 8.49 AM.xlsx:335; Document ID=3079248
new,SANCAP,source_row,SanCap - VIM STATUS REPORT 2026-07-01 8.49 AM.xlsx:336; Document ID=3041630
new,SANCAP,source_row,SanCap - VIM STATUS REPORT 2026-07-01 8.49 AM.xlsx:337; Document ID=3049666
new,SANCAP,source_row,SanCap - VIM STATUS REPORT 2026-07-01 8.49 AM.xlsx:338; Document ID=3049818
new,SANCAP,source_row,SanCap - VIM STATUS REPORT 2026-07-01 8.49 AM.xlsx:339; Document ID=3050110
new,SANCAP,source_row,SanCap - VIM STATUS REPORT 2026-07-01 8.49 AM.xlsx:340; Document ID=3051000
new,SANCAP,source_row,SanCap - VIM STATUS REPORT 2026-07-01 8.49 AM.xlsx:341; Document ID=3054447
new,SANCAP,source_row,SanCap - VIM STATUS REPORT 2026-07-01 8.49 AM.xlsx:342; Document ID=3055037
new,SANCAP,source_row,SanCap - VIM STATUS REPORT 2026-07-01 8.49 AM.xlsx:343; Document ID=3055042
new,SANCAP,source_row,SanCap - VIM STATUS REPORT 2026-07-01 8.49 AM.xlsx:344; Document ID=3055185
new,SANCAP,source_row,SanCap - VIM STATUS REPORT 2026-07-01 8.49 AM.xlsx:345; Document ID=3066040
new,SANCAP,source_row,SanCap - VIM STATUS REPORT 2026-07-01 8.49 AM.xlsx:346; Document ID=3069227
new,SANCAP,source_row,SanCap - VIM STATUS REPORT 2026-07-01 8.49 AM.xlsx:347; Document ID=3069882
new,SANCAP,source_row,SanCap - VIM STATUS REPORT 2026-07-01 8.49 AM.xlsx:348; Document ID=3070063
new,SANCAP,source_row,SanCap - VIM STATUS REPORT 2026-07-01 8.49 AM.xlsx:349; Document ID=3073340
new,SANCAP,source_row,SanCap - VIM STATUS REPORT 2026-07-01 8.49 AM.xlsx:350; Document ID=3073389
new,SANCAP,source_row,SanCap - VIM STATUS REPORT 2026-07-01 8.49 AM.xlsx:351; Document ID=3073401
new,SANCAP,source_row,SanCap - VIM STATUS REPORT 2026-07-01 8.49 AM.xlsx:352; Document ID=3073432
new,SANCAP,source_row,SanCap - VIM STATUS REPORT 2026-07-01 8.49 AM.xlsx:353; Document ID=3073456
new,SANCAP,source_row,SanCap - VIM STATUS REPORT 2026-07-01 8.49 AM.xlsx:354; Document ID=3073659
new,SANCAP,source_row,SanCap - VIM STATUS REPORT 2026-07-01 8.49 AM.xlsx:355; Document ID=3073686
new,SANCAP,source_row,SanCap - VIM STATUS REPORT 2026-07-01 8.49 AM.xlsx:356; Document ID=3073724
new,SANCAP,source_row,SanCap - VIM STATUS REPORT 2026-07-01 8.49 AM.xlsx:357; Document ID=3073747
new,SANCAP,source_row,SanCap - VIM STATUS REPORT 2026-07-01 8.49 AM.xlsx:358; Document ID=3073790
new,SANCAP,source_row,SanCap - VIM STATUS REPORT 2026-07-01 8.49 AM.xlsx:359; Document ID=3073913
new,SANCAP,source_row,SanCap - VIM STATUS REPORT 2026-07-01 8.49 AM.xlsx:360; Document ID=3073922
new,SANCAP,source_row,SanCap - VIM STATUS REPORT 2026-07-01 8.49 AM.xlsx:361; Document ID=3073966
new,SANCAP,source_row,SanCap - VIM STATUS REPORT 2026-07-01 8.49 AM.xlsx:362; Document ID=3074106
new,SANCAP,source_row,SanCap - VIM STATUS REPORT 2026-07-01 8.49 AM.xlsx:363; Document ID=3074253
new,SANCAP,source_row,SanCap - VIM STATUS REPORT 2026-07-01 8.49 AM.xlsx:364; Document ID=3074271
new,SANCAP,source_row,SanCap - VIM STATUS REPORT 2026-07-01 8.49 AM.xlsx:365; Document ID=3074320
new,SANCAP,source_row,SanCap - VIM STATUS REPORT 2026-07-01 8.49 AM.xlsx:369; Document ID=2973410
new,SANCAP,source_row,SanCap - VIM STATUS REPORT 2026-07-01 8.49 AM.xlsx:370; Document ID=2973423
new,SANCAP,source_row,SanCap - VIM STATUS REPORT 2026-07-01 8.49 AM.xlsx:371; Document ID=2973436
new,SANCAP,source_row,SanCap - VIM STATUS REPORT 2026-07-01 8.49 AM.xlsx:372; Document ID=2985227
new,SANCAP,source_row,SanCap - VIM STATUS REPORT 2026-07-01 8.49 AM.xlsx:373; Document ID=3006763
new,SANCAP,source_row,SanCap - VIM STATUS REPORT 2026-07-01 8.49 AM.xlsx:374; Document ID=3029895
new,SANCAP,source_row,SanCap - VIM STATUS REPORT 2026-07-01 8.49 AM.xlsx:375; Document ID=3039976
new,SANCAP,source_row,SanCap - VIM STATUS REPORT 2026-07-01 8.49 AM.xlsx:376; Document ID=3040000
new,SANCAP,source_row,SanCap - VIM STATUS REPORT 2026-07-01 8.49 AM.xlsx:377; Document ID=3041473
new,SANCAP,source_row,SanCap - VIM STATUS REPORT 2026-07-01 8.49 AM.xlsx:378; Document ID=3041595
new,SANCAP,source_row,SanCap - VIM STATUS REPORT 2026-07-01 8.49 AM.xlsx:379; Document ID=3046766
new,SANCAP,source_row,SanCap - VIM STATUS REPORT 2026-07-01 8.49 AM.xlsx:380; Document ID=3050119
new,SANCAP,source_row,SanCap - VIM STATUS REPORT 2026-07-01 8.49 AM.xlsx:381; Document ID=3054115
new,SANCAP,source_row,SanCap - VIM STATUS REPORT 2026-07-01 8.49 AM.xlsx:382; Document ID=3054139
new,SANCAP,source_row,SanCap - VIM STATUS REPORT 2026-07-01 8.49 AM.xlsx:383; Document ID=3054143
new,SANCAP,source_row,SanCap - VIM STATUS REPORT 2026-07-01 8.49 AM.xlsx:384; Document ID=3054144
new,SANCAP,source_row,SanCap - VIM STATUS REPORT 2026-07-01 8.49 AM.xlsx:385; Document ID=3054280
new,SANCAP,source_row,SanCap - VIM STATUS REPORT 2026-07-01 8.49 AM.xlsx:386; Document ID=3054295
new,SANCAP,source_row,SanCap - VIM STATUS REPORT 2026-07-01 8.49 AM.xlsx:387; Document ID=3054454
new,SANCAP,source_row,SanCap - VIM STATUS REPORT 2026-07-01 8.49 AM.xlsx:388; Document ID=3054472
new,SANCAP,source_row,SanCap - VIM STATUS REPORT 2026-07-01 8.49 AM.xlsx:389; Document ID=3055135
new,SANCAP,source_row,SanCap - VIM STATUS REPORT 2026-07-01 8.49 AM.xlsx:390; Document ID=3057791
new,SANCAP,source_row,SanCap - VIM STATUS REPORT 2026-07-01 8.49 AM.xlsx:391; Document ID=3064802
new,SANCAP,source_row,SanCap - VIM STATUS REPORT 2026-07-01 8.49 AM.xlsx:392; Document ID=3065187
new,SANCAP,source_row,SanCap - VIM STATUS REPORT 2026-07-01 8.49 AM.xlsx:393; Document ID=3065951
new,SANCAP,source_row,SanCap - VIM STATUS REPORT 2026-07-01 8.49 AM.xlsx:395; Document ID=3068769
new,SANCAP,source_row,SanCap - VIM STATUS REPORT 2026-07-01 8.49 AM.xlsx:396; Document ID=3068912
new,SANCAP,source_row,SanCap - VIM STATUS REPORT 2026-07-01 8.49 AM.xlsx:397; Document ID=3069164
new,SANCAP,source_row,SanCap - VIM STATUS REPORT 2026-07-01 8.49 AM.xlsx:398; Document ID=3069166
new,SANCAP,source_row,SanCap - VIM STATUS REPORT 2026-07-01 8.49 AM.xlsx:399; Document ID=3069167
new,SANCAP,source_row,SanCap - VIM STATUS REPORT 2026-07-01 8.49 AM.xlsx:400; Document ID=3069169
new,SANCAP,source_row,SanCap - VIM STATUS REPORT 2026-07-01 8.49 AM.xlsx:401; Document ID=3069170
new,SANCAP,source_row,SanCap - VIM STATUS REPORT 2026-07-01 8.49 AM.xlsx:402; Document ID=3069171
new,SANCAP,source_row,SanCap - VIM STATUS REPORT 2026-07-01 8.49 AM.xlsx:403; Document ID=3069172
new,SANCAP,source_row,SanCap - VIM STATUS REPORT 2026-07-01 8.49 AM.xlsx:404; Document ID=3069173
new,SANCAP,source_row,SanCap - VIM STATUS REPORT 2026-07-01 8.49 AM.xlsx:405; Document ID=3069174
new,SANCAP,source_row,SanCap - VIM STATUS REPORT 2026-07-01 8.49 AM.xlsx:406; Document ID=3069175
new,SANCAP,source_row,SanCap - VIM STATUS REPORT 2026-07-01 8.49 AM.xlsx:407; Document ID=3069176
new,SANCAP,source_row,SanCap - VIM STATUS REPORT 2026-07-01 8.49 AM.xlsx:408; Document ID=3069177
new,SANCAP,source_row,SanCap - VIM STATUS REPORT 2026-07-01 8.49 AM.xlsx:409; Document ID=3069180
new,SANCAP,source_row,SanCap - VIM STATUS REPORT 2026-07-01 8.49 AM.xlsx:410; Document ID=3069181
new,SANCAP,source_row,SanCap - VIM STATUS REPORT 2026-07-01 8.49 AM.xlsx:411; Document ID=3069182
new,SANCAP,source_row,SanCap - VIM STATUS REPORT 2026-07-01 8.49 AM.xlsx:412; Document ID=3069184
new,SANCAP,source_row,SanCap - VIM STATUS REPORT 2026-07-01 8.49 AM.xlsx:413; Document ID=3069185
new,SANCAP,source_row,SanCap - VIM STATUS REPORT 2026-07-01 8.49 AM.xlsx:414; Document ID=3069212
new,SANCAP,source_row,SanCap - VIM STATUS REPORT 2026-07-01 8.49 AM.xlsx:415; Document ID=3069217
new,SANCAP,source_row,SanCap - VIM STATUS REPORT 2026-07-01 8.49 AM.xlsx:416; Document ID=3069221
new,SANCAP,source_row,SanCap - VIM STATUS REPORT 2026-07-01 8.49 AM.xlsx:418; Document ID=3069384
new,SANCAP,source_row,SanCap - VIM STATUS REPORT 2026-07-01 8.49 AM.xlsx:419; Document ID=3069571
new,SANCAP,source_row,SanCap - VIM STATUS REPORT 2026-07-01 8.49 AM.xlsx:420; Document ID=3069778
new,SANCAP,source_row,SanCap - VIM STATUS REPORT 2026-07-01 8.49 AM.xlsx:421; Document ID=3069853
new,SANCAP,source_row,SanCap - VIM STATUS REPORT 2026-07-01 8.49 AM.xlsx:422; Document ID=3069951
new,SANCAP,source_row,SanCap - VIM STATUS REPORT 2026-07-01 8.49 AM.xlsx:423; Document ID=3069966
new,SANCAP,source_row,SanCap - VIM STATUS REPORT 2026-07-01 8.49 AM.xlsx:424; Document ID=3070045
new,SANCAP,source_row,SanCap - VIM STATUS REPORT 2026-07-01 8.49 AM.xlsx:425; Document ID=2993837
new,SANCAP,source_row,SanCap - VIM STATUS REPORT 2026-07-01 8.49 AM.xlsx:427; Document ID=3051157
new,SANCAP,source_row,SanCap - VIM STATUS REPORT 2026-07-01 8.49 AM.xlsx:428; Document ID=3059549
new,SANCAP,source_row,SanCap - VIM STATUS REPORT 2026-07-01 8.49 AM.xlsx:429; Document ID=3064220
new,SANCAP,source_row,SanCap - VIM STATUS REPORT 2026-07-01 8.49 AM.xlsx:430; Document ID=3064342
new,SANCAP,source_row,SanCap - VIM STATUS REPORT 2026-07-01 8.49 AM.xlsx:431; Document ID=3064418
new,SANCAP,source_row,SanCap - VIM STATUS REPORT 2026-07-01 8.49 AM.xlsx:432; Document ID=3064452
new,SANCAP,source_row,SanCap - VIM STATUS REPORT 2026-07-01 8.49 AM.xlsx:433; Document ID=3064477
new,SANCAP,source_row,SanCap - VIM STATUS REPORT 2026-07-01 8.49 AM.xlsx:434; Document ID=3064680
new,SANCAP,source_row,SanCap - VIM STATUS REPORT 2026-07-01 8.49 AM.xlsx:435; Document ID=3064732
new,SANCAP,source_row,SanCap - VIM STATUS REPORT 2026-07-01 8.49 AM.xlsx:436; Document ID=3064776
new,SANCAP,source_row,SanCap - VIM STATUS REPORT 2026-07-01 8.49 AM.xlsx:437; Document ID=3064878
new,SANCAP,source_row,SanCap - VIM STATUS REPORT 2026-07-01 8.49 AM.xlsx:438; Document ID=3064887
new,SANCAP,source_row,SanCap - VIM STATUS REPORT 2026-07-01 8.49 AM.xlsx:440; Document ID=3064963
new,SANCAP,source_row,SanCap - VIM STATUS REPORT 2026-07-01 8.49 AM.xlsx:441; Document ID=3064972
new,SANCAP,source_row,SanCap - VIM STATUS REPORT 2026-07-01 8.49 AM.xlsx:443; Document ID=3064992
new,SANCAP,source_row,SanCap - VIM STATUS REPORT 2026-07-01 8.49 AM.xlsx:445; Document ID=3065145
new,SANCAP,source_row,SanCap - VIM STATUS REPORT 2026-07-01 8.49 AM.xlsx:446; Document ID=3065158
new,SANCAP,source_row,SanCap - VIM STATUS REPORT 2026-07-01 8.49 AM.xlsx:447; Document ID=3065262
new,SANCAP,source_row,SanCap - VIM STATUS REPORT 2026-07-01 8.49 AM.xlsx:448; Document ID=3065981
new,SANCAP,source_row,SanCap - VIM STATUS REPORT 2026-07-01 8.49 AM.xlsx:450; Document ID=3066167
new,SANCAP,source_row,SanCap - VIM STATUS REPORT 2026-07-01 8.49 AM.xlsx:451; Document ID=3066169
new,SANCAP,source_row,SanCap - VIM STATUS REPORT 2026-07-01 8.49 AM.xlsx:452; Document ID=3066170
new,SANCAP,source_row,SanCap - VIM STATUS REPORT 2026-07-01 8.49 AM.xlsx:453; Document ID=3066171
new,SANCAP,source_row,SanCap - VIM STATUS REPORT 2026-07-01 8.49 AM.xlsx:454; Document ID=3066172
new,SANCAP,source_row,SanCap - VIM STATUS REPORT 2026-07-01 8.49 AM.xlsx:455; Document ID=3049018
new,SANCAP,source_row,SanCap - VIM STATUS REPORT 2026-07-01 8.49 AM.xlsx:456; Document ID=3055142
new,SANCAP,source_row,SanCap - VIM STATUS REPORT 2026-07-01 8.49 AM.xlsx:457; Document ID=3055188
new,SANCAP,source_row,SanCap - VIM STATUS REPORT 2026-07-01 8.49 AM.xlsx:459; Document ID=3055280
new,SANCAP,source_row,SanCap - VIM STATUS REPORT 2026-07-01 8.49 AM.xlsx:460; Document ID=3055315
new,SANCAP,source_row,SanCap - VIM STATUS REPORT 2026-07-01 8.49 AM.xlsx:461; Document ID=3055319
new,SANCAP,source_row,SanCap - VIM STATUS REPORT 2026-07-01 8.49 AM.xlsx:462; Document ID=3055325
new,SANCAP,source_row,SanCap - VIM STATUS REPORT 2026-07-01 8.49 AM.xlsx:463; Document ID=3055331
new,SANCAP,source_row,SanCap - VIM STATUS REPORT 2026-07-01 8.49 AM.xlsx:464; Document ID=3055335
new,SANCAP,source_row,SanCap - VIM STATUS REPORT 2026-07-01 8.49 AM.xlsx:465; Document ID=3055341
new,SANCAP,source_row,SanCap - VIM STATUS REPORT 2026-07-01 8.49 AM.xlsx:466; Document ID=3055344
new,SANCAP,source_row,SanCap - VIM STATUS REPORT 2026-07-01 8.49 AM.xlsx:467; Document ID=3055346
new,SANCAP,source_row,SanCap - VIM STATUS REPORT 2026-07-01 8.49 AM.xlsx:468; Document ID=3055347
new,SANCAP,source_row,SanCap - VIM STATUS REPORT 2026-07-01 8.49 AM.xlsx:469; Document ID=3055348
new,SANCAP,source_row,SanCap - VIM STATUS REPORT 2026-07-01 8.49 AM.xlsx:470; Document ID=3055350
new,SANCAP,source_row,SanCap - VIM STATUS REPORT 2026-07-01 8.49 AM.xlsx:471; Document ID=3055352
new,SANCAP,source_row,SanCap - VIM STATUS REPORT 2026-07-01 8.49 AM.xlsx:472; Document ID=3055357
new,SANCAP,source_row,SanCap - VIM STATUS REPORT 2026-07-01 8.49 AM.xlsx:473; Document ID=3057822
new,SANCAP,source_row,SanCap - VIM STATUS REPORT 2026-07-01 8.49 AM.xlsx:474; Document ID=3057841
new,SANCAP,source_row,SanCap - VIM STATUS REPORT 2026-07-01 8.49 AM.xlsx:475; Document ID=3057844
new,SANCAP,source_row,SanCap - VIM STATUS REPORT 2026-07-01 8.49 AM.xlsx:476; Document ID=3057872
new,SANCAP,source_row,SanCap - VIM STATUS REPORT 2026-07-01 8.49 AM.xlsx:477; Document ID=3057913
new,SANCAP,source_row,SanCap - VIM STATUS REPORT 2026-07-01 8.49 AM.xlsx:478; Document ID=3058021
new,SANCAP,source_row,SanCap - VIM STATUS REPORT 2026-07-01 8.49 AM.xlsx:479; Document ID=3058095
new,SANCAP,source_row,SanCap - VIM STATUS REPORT 2026-07-01 8.49 AM.xlsx:480; Document ID=3058119
new,SANCAP,source_row,SanCap - VIM STATUS REPORT 2026-07-01 8.49 AM.xlsx:481; Document ID=3058165
new,SANCAP,source_row,SanCap - VIM STATUS REPORT 2026-07-01 8.49 AM.xlsx:482; Document ID=3058187
new,SANCAP,source_row,SanCap - VIM STATUS REPORT 2026-07-01 8.49 AM.xlsx:483; Document ID=3058260
new,SANCAP,source_row,SanCap - VIM STATUS REPORT 2026-07-01 8.49 AM.xlsx:484; Document ID=3058261
new,SANCAP,source_row,SanCap - VIM STATUS REPORT 2026-07-01 8.49 AM.xlsx:485; Document ID=3050145
new,SANCAP,source_row,SanCap - VIM STATUS REPORT 2026-07-01 8.49 AM.xlsx:486; Document ID=3050239
new,SANCAP,source_row,SanCap - VIM STATUS REPORT 2026-07-01 8.49 AM.xlsx:487; Document ID=3050259
new,SANCAP,source_row,SanCap - VIM STATUS REPORT 2026-07-01 8.49 AM.xlsx:488; Document ID=3050743
new,SANCAP,source_row,SanCap - VIM STATUS REPORT 2026-07-01 8.49 AM.xlsx:489; Document ID=3050760
new,SANCAP,source_row,SanCap - VIM STATUS REPORT 2026-07-01 8.49 AM.xlsx:490; Document ID=3050855
new,SANCAP,source_row,SanCap - VIM STATUS REPORT 2026-07-01 8.49 AM.xlsx:491; Document ID=3050882
new,SANCAP,source_row,SanCap - VIM STATUS REPORT 2026-07-01 8.49 AM.xlsx:492; Document ID=3050887
new,SANCAP,source_row,SanCap - VIM STATUS REPORT 2026-07-01 8.49 AM.xlsx:493; Document ID=3050906
new,SANCAP,source_row,SanCap - VIM STATUS REPORT 2026-07-01 8.49 AM.xlsx:494; Document ID=3051020
new,SANCAP,source_row,SanCap - VIM STATUS REPORT 2026-07-01 8.49 AM.xlsx:495; Document ID=3051077
new,SANCAP,source_row,SanCap - VIM STATUS REPORT 2026-07-01 8.49 AM.xlsx:496; Document ID=3051173
new,SANCAP,source_row,SanCap - VIM STATUS REPORT 2026-07-01 8.49 AM.xlsx:497; Document ID=3052515
new,SANCAP,source_row,SanCap - VIM STATUS REPORT 2026-07-01 8.49 AM.xlsx:498; Document ID=3052520
new,SANCAP,source_row,SanCap - VIM STATUS REPORT 2026-07-01 8.49 AM.xlsx:499; Document ID=3052584
new,SANCAP,source_row,SanCap - VIM STATUS REPORT 2026-07-01 8.49 AM.xlsx:500; Document ID=3052616
new,SANCAP,source_row,SanCap - VIM STATUS REPORT 2026-07-01 8.49 AM.xlsx:501; Document ID=3052619
new,SANCAP,source_row,SanCap - VIM STATUS REPORT 2026-07-01 8.49 AM.xlsx:502; Document ID=3052624
new,SANCAP,source_row,SanCap - VIM STATUS REPORT 2026-07-01 8.49 AM.xlsx:503; Document ID=3053023
new,SANCAP,source_row,SanCap - VIM STATUS REPORT 2026-07-01 8.49 AM.xlsx:504; Document ID=3053130
new,SANCAP,source_row,SanCap - VIM STATUS REPORT 2026-07-01 8.49 AM.xlsx:505; Document ID=3053185
new,SANCAP,source_row,SanCap - VIM STATUS REPORT 2026-07-01 8.49 AM.xlsx:506; Document ID=3053200
new,SANCAP,source_row,SanCap - VIM STATUS REPORT 2026-07-01 8.49 AM.xlsx:507; Document ID=3053232
new,SANCAP,source_row,SanCap - VIM STATUS REPORT 2026-07-01 8.49 AM.xlsx:508; Document ID=3053436
new,SANCAP,source_row,SanCap - VIM STATUS REPORT 2026-07-01 8.49 AM.xlsx:509; Document ID=3054119
new,SANCAP,source_row,SanCap - VIM STATUS REPORT 2026-07-01 8.49 AM.xlsx:510; Document ID=3054123
new,SANCAP,source_row,SanCap - VIM STATUS REPORT 2026-07-01 8.49 AM.xlsx:511; Document ID=3054124
new,SANCAP,source_row,SanCap - VIM STATUS REPORT 2026-07-01 8.49 AM.xlsx:512; Document ID=3054136
new,SANCAP,source_row,SanCap - VIM STATUS REPORT 2026-07-01 8.49 AM.xlsx:513; Document ID=3054147
new,SANCAP,source_row,SanCap - VIM STATUS REPORT 2026-07-01 8.49 AM.xlsx:514; Document ID=3054149
new,SANCAP,source_row,SanCap - VIM STATUS REPORT 2026-07-01 8.49 AM.xlsx:515; Document ID=3054156
new,SANCAP,source_row,SanCap - VIM STATUS REPORT 2026-07-01 8.49 AM.xlsx:516; Document ID=3054157
new,SANCAP,source_row,SanCap - VIM STATUS REPORT 2026-07-01 8.49 AM.xlsx:517; Document ID=3054169
new,SANCAP,source_row,SanCap - VIM STATUS REPORT 2026-07-01 8.49 AM.xlsx:518; Document ID=3054234
new,SANCAP,source_row,SanCap - VIM STATUS REPORT 2026-07-01 8.49 AM.xlsx:519; Document ID=3054278
new,SANCAP,source_row,SanCap - VIM STATUS REPORT 2026-07-01 8.49 AM.xlsx:520; Document ID=3054281
new,SANCAP,source_row,SanCap - VIM STATUS REPORT 2026-07-01 8.49 AM.xlsx:521; Document ID=3054440
new,SANCAP,source_row,SanCap - VIM STATUS REPORT 2026-07-01 8.49 AM.xlsx:522; Document ID=3054450
new,SANCAP,source_row,SanCap - VIM STATUS REPORT 2026-07-01 8.49 AM.xlsx:523; Document ID=3054461
new,SANCAP,source_row,SanCap - VIM STATUS REPORT 2026-07-01 8.49 AM.xlsx:524; Document ID=3054488
new,SANCAP,source_row,SanCap - VIM STATUS REPORT 2026-07-01 8.49 AM.xlsx:525; Document ID=3054821
new,SANCAP,source_row,SanCap - VIM STATUS REPORT 2026-07-01 8.49 AM.xlsx:526; Document ID=3054962
new,SANCAP,source_row,SanCap - VIM STATUS REPORT 2026-07-01 8.49 AM.xlsx:528; Document ID=3055069
new,SANCAP,source_row,SanCap - VIM STATUS REPORT 2026-07-01 8.49 AM.xlsx:529; Document ID=3055154
new,SANCAP,source_row,SanCap - VIM STATUS REPORT 2026-07-01 8.49 AM.xlsx:530; Document ID=3055161
new,SANCAP,source_row,SanCap - VIM STATUS REPORT 2026-07-01 8.49 AM.xlsx:533; Document ID=3055203
new,SANCAP,source_row,SanCap - VIM STATUS REPORT 2026-07-01 8.49 AM.xlsx:536; Document ID=2896580
new,SANCAP,source_row,SanCap - VIM STATUS REPORT 2026-07-01 8.49 AM.xlsx:537; Document ID=2972337
new,SANCAP,source_row,SanCap - VIM STATUS REPORT 2026-07-01 8.49 AM.xlsx:538; Document ID=2985517
new,SANCAP,source_row,SanCap - VIM STATUS REPORT 2026-07-01 8.49 AM.xlsx:539; Document ID=3028326
new,SANCAP,source_row,SanCap - VIM STATUS REPORT 2026-07-01 8.49 AM.xlsx:540; Document ID=3032210
new,SANCAP,source_row,SanCap - VIM STATUS REPORT 2026-07-01 8.49 AM.xlsx:541; Document ID=3040512
new,SANCAP,source_row,SanCap - VIM STATUS REPORT 2026-07-01 8.49 AM.xlsx:542; Document ID=3042873
new,SANCAP,source_row,SanCap - VIM STATUS REPORT 2026-07-01 8.49 AM.xlsx:543; Document ID=3045653
new,SANCAP,source_row,SanCap - VIM STATUS REPORT 2026-07-01 8.49 AM.xlsx:544; Document ID=3046424
new,SANCAP,source_row,SanCap - VIM STATUS REPORT 2026-07-01 8.49 AM.xlsx:545; Document ID=3046569
new,SANCAP,source_row,SanCap - VIM STATUS REPORT 2026-07-01 8.49 AM.xlsx:546; Document ID=3046619
new,SANCAP,source_row,SanCap - VIM STATUS REPORT 2026-07-01 8.49 AM.xlsx:547; Document ID=3046667
new,SANCAP,source_row,SanCap - VIM STATUS REPORT 2026-07-01 8.49 AM.xlsx:548; Document ID=3046737
new,SANCAP,source_row,SanCap - VIM STATUS REPORT 2026-07-01 8.49 AM.xlsx:549; Document ID=3048757
new,SANCAP,source_row,SanCap - VIM STATUS REPORT 2026-07-01 8.49 AM.xlsx:550; Document ID=3048975
new,SANCAP,source_row,SanCap - VIM STATUS REPORT 2026-07-01 8.49 AM.xlsx:551; Document ID=3049057
new,SANCAP,source_row,SanCap - VIM STATUS REPORT 2026-07-01 8.49 AM.xlsx:552; Document ID=3049081
new,SANCAP,source_row,SanCap - VIM STATUS REPORT 2026-07-01 8.49 AM.xlsx:553; Document ID=3049211
new,SANCAP,source_row,SanCap - VIM STATUS REPORT 2026-07-01 8.49 AM.xlsx:554; Document ID=3049275
new,SANCAP,source_row,SanCap - VIM STATUS REPORT 2026-07-01 8.49 AM.xlsx:555; Document ID=3049406
new,SANCAP,source_row,SanCap - VIM STATUS REPORT 2026-07-01 8.49 AM.xlsx:556; Document ID=3049647
new,SANCAP,source_row,SanCap - VIM STATUS REPORT 2026-07-01 8.49 AM.xlsx:558; Document ID=3050627
new,SANCAP,source_row,SanCap - VIM STATUS REPORT 2026-07-01 8.49 AM.xlsx:563; Document ID=2913637
new,SANCAP,source_row,SanCap - VIM STATUS REPORT 2026-07-01 8.49 AM.xlsx:564; Document ID=2937233
new,SANCAP,source_row,SanCap - VIM STATUS REPORT 2026-07-01 8.49 AM.xlsx:565; Document ID=2993014
new,SANCAP,source_row,SanCap - VIM STATUS REPORT 2026-07-01 8.49 AM.xlsx:566; Document ID=3006365
new,SANCAP,source_row,SanCap - VIM STATUS REPORT 2026-07-01 8.49 AM.xlsx:567; Document ID=3017690
new,SANCAP,source_row,SanCap - VIM STATUS REPORT 2026-07-01 8.49 AM.xlsx:568; Document ID=3030877
new,SANCAP,source_row,SanCap - VIM STATUS REPORT 2026-07-01 8.49 AM.xlsx:570; Document ID=3041749
new,SANCAP,source_row,SanCap - VIM STATUS REPORT 2026-07-01 8.49 AM.xlsx:571; Document ID=3046450
new,SANCAP,source_row,SanCap - VIM STATUS REPORT 2026-07-01 8.49 AM.xlsx:572; Document ID=3046451
new,SANCAP,source_row,SanCap - VIM STATUS REPORT 2026-07-01 8.49 AM.xlsx:573; Document ID=3046452
new,SANCAP,source_row,SanCap - VIM STATUS REPORT 2026-07-01 8.49 AM.xlsx:574; Document ID=3046453
new,SANCAP,source_row,SanCap - VIM STATUS REPORT 2026-07-01 8.49 AM.xlsx:577; Document ID=3017743
new,SANCAP,source_row,SanCap - VIM STATUS REPORT 2026-07-01 8.49 AM.xlsx:578; Document ID=3018348
new,SANCAP,source_row,SanCap - VIM STATUS REPORT 2026-07-01 8.49 AM.xlsx:579; Document ID=3037512
new,SANCAP,source_row,SanCap - VIM STATUS REPORT 2026-07-01 8.49 AM.xlsx:580; Document ID=3038402
new,SANCAP,source_row,SanCap - VIM STATUS REPORT 2026-07-01 8.49 AM.xlsx:581; Document ID=3038417
new,SANCAP,source_row,SanCap - VIM STATUS REPORT 2026-07-01 8.49 AM.xlsx:582; Document ID=3038509
new,SANCAP,source_row,SanCap - VIM STATUS REPORT 2026-07-01 8.49 AM.xlsx:583; Document ID=3038515
new,SANCAP,source_row,SanCap - VIM STATUS REPORT 2026-07-01 8.49 AM.xlsx:584; Document ID=3040026
new,SANCAP,source_row,SanCap - VIM STATUS REPORT 2026-07-01 8.49 AM.xlsx:586; Document ID=3040059
new,SANCAP,source_row,SanCap - VIM STATUS REPORT 2026-07-01 8.49 AM.xlsx:587; Document ID=3040100
new,SANCAP,source_row,SanCap - VIM STATUS REPORT 2026-07-01 8.49 AM.xlsx:588; Document ID=3040267
new,SANCAP,source_row,SanCap - VIM STATUS REPORT 2026-07-01 8.49 AM.xlsx:589; Document ID=3040268
new,SANCAP,source_row,SanCap - VIM STATUS REPORT 2026-07-01 8.49 AM.xlsx:590; Document ID=3040269
new,SANCAP,source_row,SanCap - VIM STATUS REPORT 2026-07-01 8.49 AM.xlsx:591; Document ID=3040271
new,SANCAP,source_row,SanCap - VIM STATUS REPORT 2026-07-01 8.49 AM.xlsx:592; Document ID=3040273
new,SANCAP,source_row,SanCap - VIM STATUS REPORT 2026-07-01 8.49 AM.xlsx:593; Document ID=3040274
new,SANCAP,source_row,SanCap - VIM STATUS REPORT 2026-07-01 8.49 AM.xlsx:594; Document ID=3040275
new,SANCAP,source_row,SanCap - VIM STATUS REPORT 2026-07-01 8.49 AM.xlsx:595; Document ID=3040276
new,SANCAP,source_row,SanCap - VIM STATUS REPORT 2026-07-01 8.49 AM.xlsx:596; Document ID=3040277
new,SANCAP,source_row,SanCap - VIM STATUS REPORT 2026-07-01 8.49 AM.xlsx:597; Document ID=3040283
new,SANCAP,source_row,SanCap - VIM STATUS REPORT 2026-07-01 8.49 AM.xlsx:598; Document ID=3040285
new,SANCAP,source_row,SanCap - VIM STATUS REPORT 2026-07-01 8.49 AM.xlsx:599; Document ID=3040286
new,SANCAP,source_row,SanCap - VIM STATUS REPORT 2026-07-01 8.49 AM.xlsx:600; Document ID=3040287
new,SANCAP,source_row,SanCap - VIM STATUS REPORT 2026-07-01 8.49 AM.xlsx:601; Document ID=3040290
new,SANCAP,source_row,SanCap - VIM STATUS REPORT 2026-07-01 8.49 AM.xlsx:602; Document ID=3040291
new,SANCAP,source_row,SanCap - VIM STATUS REPORT 2026-07-01 8.49 AM.xlsx:603; Document ID=3040292
new,SANCAP,source_row,SanCap - VIM STATUS REPORT 2026-07-01 8.49 AM.xlsx:604; Document ID=3040293
new,SANCAP,source_row,SanCap - VIM STATUS REPORT 2026-07-01 8.49 AM.xlsx:605; Document ID=3040295
new,SANCAP,source_row,SanCap - VIM STATUS REPORT 2026-07-01 8.49 AM.xlsx:606; Document ID=3041349
existing,BSNY,source_row,BSNY - SAP & Concur Repoort May 2025 - June 2026.xlsx:272; Document ID=2664994
existing,BSNY,source_row,BSNY - SAP & Concur Repoort May 2025 - June 2026.xlsx:273; Document ID=2683287
existing,BSNY,source_row,BSNY - SAP & Concur Repoort May 2025 - June 2026.xlsx:274; Document ID=2713188
existing,BSNY,source_row,BSNY - SAP & Concur Repoort May 2025 - June 2026.xlsx:275; Document ID=2715706
existing,BSNY,source_row,BSNY - SAP & Concur Repoort May 2025 - June 2026.xlsx:276; Document ID=2715713
existing,BSNY,source_row,BSNY - SAP & Concur Repoort May 2025 - June 2026.xlsx:277; Document ID=2715898
existing,BSNY,source_row,BSNY - SAP & Concur Repoort May 2025 - June 2026.xlsx:278; Document ID=2715975
existing,BSNY,source_row,BSNY - SAP & Concur Repoort May 2025 - June 2026.xlsx:279; Document ID=2715978
existing,BSNY,source_row,BSNY - SAP & Concur Repoort May 2025 - June 2026.xlsx:280; Document ID=2755703
existing,BSNY,source_row,BSNY - SAP & Concur Repoort May 2025 - June 2026.xlsx:282; Document ID=2800617
existing,BSNY,source_row,BSNY - SAP & Concur Repoort May 2025 - June 2026.xlsx:283; Document ID=2800698
existing,BSNY,source_row,BSNY - SAP & Concur Repoort May 2025 - June 2026.xlsx:284; Document ID=2800841
existing,BSNY,source_row,BSNY - SAP & Concur Repoort May 2025 - June 2026.xlsx:285; Document ID=2800846
existing,BSNY,source_row,BSNY - SAP & Concur Repoort May 2025 - June 2026.xlsx:286; Document ID=2800866
existing,BSNY,source_row,BSNY - SAP & Concur Repoort May 2025 - June 2026.xlsx:287; Document ID=2800870
existing,BSNY,source_row,BSNY - SAP & Concur Repoort May 2025 - June 2026.xlsx:288; Document ID=2803307
existing,BSNY,source_row,BSNY - SAP & Concur Repoort May 2025 - June 2026.xlsx:289; Document ID=2803309
existing,BSNY,source_row,BSNY - SAP & Concur Repoort May 2025 - June 2026.xlsx:290; Document ID=2806937
existing,BSNY,source_row,BSNY - SAP & Concur Repoort May 2025 - June 2026.xlsx:291; Document ID=2826363
existing,BSNY,source_row,BSNY - SAP & Concur Repoort May 2025 - June 2026.xlsx:292; Document ID=2826418
existing,BSNY,source_row,BSNY - SAP & Concur Repoort May 2025 - June 2026.xlsx:293; Document ID=2830418
existing,BSNY,source_row,BSNY - SAP & Concur Repoort May 2025 - June 2026.xlsx:294; Document ID=2835664
existing,BSNY,source_row,BSNY - SAP & Concur Repoort May 2025 - June 2026.xlsx:296; Document ID=2846136
existing,BSNY,source_row,BSNY - SAP & Concur Repoort May 2025 - June 2026.xlsx:297; Document ID=2846453
existing,BSNY,source_row,BSNY - SAP & Concur Repoort May 2025 - June 2026.xlsx:298; Document ID=2846455
existing,BSNY,source_row,BSNY - SAP & Concur Repoort May 2025 - June 2026.xlsx:299; Document ID=2881562
existing,BSNY,source_row,BSNY - SAP & Concur Repoort May 2025 - June 2026.xlsx:300; Document ID=2881564
existing,BSNY,source_row,BSNY - SAP & Concur Repoort May 2025 - June 2026.xlsx:301; Document ID=2881610
existing,BSNY,source_row,BSNY - SAP & Concur Repoort May 2025 - June 2026.xlsx:303; Document ID=2881632
existing,BSNY,source_row,BSNY - SAP & Concur Repoort May 2025 - June 2026.xlsx:304; Document ID=2897034
existing,BSNY,source_row,BSNY - SAP & Concur Repoort May 2025 - June 2026.xlsx:305; Document ID=2897180
existing,BSNY,source_row,BSNY - SAP & Concur Repoort May 2025 - June 2026.xlsx:306; Document ID=2901653
existing,BSNY,source_row,BSNY - SAP & Concur Repoort May 2025 - June 2026.xlsx:307; Document ID=2910233
existing,BSNY,source_row,BSNY - SAP & Concur Repoort May 2025 - June 2026.xlsx:308; Document ID=2910287
existing,BSNY,source_row,BSNY - SAP & Concur Repoort May 2025 - June 2026.xlsx:309; Document ID=2910770
existing,BSNY,source_row,BSNY - SAP & Concur Repoort May 2025 - June 2026.xlsx:310; Document ID=2912802
existing,BSNY,source_row,BSNY - SAP & Concur Repoort May 2025 - June 2026.xlsx:311; Document ID=2912819
existing,BSNY,source_row,BSNY - SAP & Concur Repoort May 2025 - June 2026.xlsx:312; Document ID=2912888
existing,BSNY,source_row,BSNY - SAP & Concur Repoort May 2025 - June 2026.xlsx:313; Document ID=2912949
existing,BSNY,source_row,BSNY - SAP & Concur Repoort May 2025 - June 2026.xlsx:314; Document ID=2914131
existing,BSNY,source_row,BSNY - SAP & Concur Repoort May 2025 - June 2026.xlsx:315; Document ID=2914137
existing,BSNY,source_row,BSNY - SAP & Concur Repoort May 2025 - June 2026.xlsx:316; Document ID=2914138
existing,BSNY,source_row,BSNY - SAP & Concur Repoort May 2025 - June 2026.xlsx:317; Document ID=2914144
existing,BSNY,source_row,BSNY - SAP & Concur Repoort May 2025 - June 2026.xlsx:318; Document ID=2914152
existing,BSNY,source_row,BSNY - SAP & Concur Repoort May 2025 - June 2026.xlsx:319; Document ID=2914181
existing,BSNY,source_row,BSNY - SAP & Concur Repoort May 2025 - June 2026.xlsx:320; Document ID=2914190
existing,BSNY,source_row,BSNY - SAP & Concur Repoort May 2025 - June 2026.xlsx:321; Document ID=2923498
existing,BSNY,source_row,BSNY - SAP & Concur Repoort May 2025 - June 2026.xlsx:323; Document ID=2926875
existing,BSNY,source_row,BSNY - SAP & Concur Repoort May 2025 - June 2026.xlsx:324; Document ID=2926877
existing,BSNY,source_row,BSNY - SAP & Concur Repoort May 2025 - June 2026.xlsx:325; Document ID=2929653
existing,BSNY,source_row,BSNY - SAP & Concur Repoort May 2025 - June 2026.xlsx:326; Document ID=2929661
existing,BSNY,source_row,BSNY - SAP & Concur Repoort May 2025 - June 2026.xlsx:327; Document ID=2929735
existing,BSNY,source_row,BSNY - SAP & Concur Repoort May 2025 - June 2026.xlsx:328; Document ID=2929756
existing,BSNY,source_row,BSNY - SAP & Concur Repoort May 2025 - June 2026.xlsx:329; Document ID=2929764
existing,BSNY,source_row,BSNY - SAP & Concur Repoort May 2025 - June 2026.xlsx:330; Document ID=2945708
existing,BSNY,source_row,BSNY - SAP & Concur Repoort May 2025 - June 2026.xlsx:331; Document ID=2945816
existing,BSNY,source_row,BSNY - SAP & Concur Repoort May 2025 - June 2026.xlsx:332; Document ID=2945842
existing,BSNY,source_row,BSNY - SAP & Concur Repoort May 2025 - June 2026.xlsx:333; Document ID=2946118
existing,BSNY,source_row,BSNY - SAP & Concur Repoort May 2025 - June 2026.xlsx:335; Document ID=2958178
existing,BSNY,source_row,BSNY - SAP & Concur Repoort May 2025 - June 2026.xlsx:336; Document ID=2958184
existing,BSNY,source_row,BSNY - SAP & Concur Repoort May 2025 - June 2026.xlsx:337; Document ID=2966984
existing,BSNY,source_row,BSNY - SAP & Concur Repoort May 2025 - June 2026.xlsx:338; Document ID=2967066
existing,BSNY,source_row,BSNY - SAP & Concur Repoort May 2025 - June 2026.xlsx:339; Document ID=2967086
existing,BSNY,source_row,BSNY - SAP & Concur Repoort May 2025 - June 2026.xlsx:340; Document ID=2967088
existing,BSNY,source_row,BSNY - SAP & Concur Repoort May 2025 - June 2026.xlsx:341; Document ID=2967091
existing,BSNY,source_row,BSNY - SAP & Concur Repoort May 2025 - June 2026.xlsx:342; Document ID=2967210
existing,BSNY,source_row,BSNY - SAP & Concur Repoort May 2025 - June 2026.xlsx:343; Document ID=2967276
existing,BSNY,source_row,BSNY - SAP & Concur Repoort May 2025 - June 2026.xlsx:344; Document ID=2968057
existing,BSNY,source_row,BSNY - SAP & Concur Repoort May 2025 - June 2026.xlsx:345; Document ID=2968060
existing,BSNY,source_row,BSNY - SAP & Concur Repoort May 2025 - June 2026.xlsx:346; Document ID=2968065
existing,BSNY,source_row,BSNY - SAP & Concur Repoort May 2025 - June 2026.xlsx:347; Document ID=2968067
existing,BSNY,source_row,BSNY - SAP & Concur Repoort May 2025 - June 2026.xlsx:348; Document ID=2968073
existing,BSNY,source_row,BSNY - SAP & Concur Repoort May 2025 - June 2026.xlsx:349; Document ID=2968138
existing,BSNY,source_row,BSNY - SAP & Concur Repoort May 2025 - June 2026.xlsx:350; Document ID=2968139
existing,BSNY,source_row,BSNY - SAP & Concur Repoort May 2025 - June 2026.xlsx:351; Document ID=2968143
existing,BSNY,source_row,BSNY - SAP & Concur Repoort May 2025 - June 2026.xlsx:352; Document ID=2989674
existing,BSNY,source_row,BSNY - SAP & Concur Repoort May 2025 - June 2026.xlsx:353; Document ID=3002330
existing,BSNY,source_row,BSNY - SAP & Concur Repoort May 2025 - June 2026.xlsx:354; Document ID=3002679
existing,BSNY,source_row,BSNY - SAP & Concur Repoort May 2025 - June 2026.xlsx:355; Document ID=3002847
existing,BSNY,source_row,BSNY - SAP & Concur Repoort May 2025 - June 2026.xlsx:356; Document ID=3002979
existing,BSNY,source_row,BSNY - SAP & Concur Repoort May 2025 - June 2026.xlsx:357; Document ID=3003000
existing,BSNY,source_row,BSNY - SAP & Concur Repoort May 2025 - June 2026.xlsx:358; Document ID=3014580
existing,BSNY,source_row,BSNY - SAP & Concur Repoort May 2025 - June 2026.xlsx:359; Document ID=3022253
existing,BSNY,source_row,BSNY - SAP & Concur Repoort May 2025 - June 2026.xlsx:360; Document ID=3022268
existing,BSNY,source_row,BSNY - SAP & Concur Repoort May 2025 - June 2026.xlsx:361; Document ID=3030150
existing,BSNY,source_row,BSNY - SAP & Concur Repoort May 2025 - June 2026.xlsx:364; Document ID=3033320
existing,BSNY,source_row,BSNY - SAP & Concur Repoort May 2025 - June 2026.xlsx:366; Document ID=3033445
existing,SANCAP,source_row,SanCap - VIM STATUS REPORT 2026-07-01 8.49 AM.xlsx:608; Document ID=2993067
existing,SANCAP,source_row,SanCap - VIM STATUS REPORT 2026-07-01 8.49 AM.xlsx:609; Document ID=2993078
existing,SANCAP,source_row,SanCap - VIM STATUS REPORT 2026-07-01 8.49 AM.xlsx:610; Document ID=2993095
existing,SANCAP,source_row,SanCap - VIM STATUS REPORT 2026-07-01 8.49 AM.xlsx:611; Document ID=2993216
existing,SANCAP,source_row,SanCap - VIM STATUS REPORT 2026-07-01 8.49 AM.xlsx:612; Document ID=2993226
existing,SANCAP,source_row,SanCap - VIM STATUS REPORT 2026-07-01 8.49 AM.xlsx:613; Document ID=2995123
existing,SANCAP,source_row,SanCap - VIM STATUS REPORT 2026-07-01 8.49 AM.xlsx:614; Document ID=3017721
existing,SANCAP,source_row,SanCap - VIM STATUS REPORT 2026-07-01 8.49 AM.xlsx:615; Document ID=3017754
existing,SANCAP,source_row,SanCap - VIM STATUS REPORT 2026-07-01 8.49 AM.xlsx:616; Document ID=3018344
existing,SANCAP,source_row,SanCap - VIM STATUS REPORT 2026-07-01 8.49 AM.xlsx:617; Document ID=3029972
existing,SANCAP,source_row,SanCap - VIM STATUS REPORT 2026-07-01 8.49 AM.xlsx:618; Document ID=3031453
existing,SANCAP,source_row,SanCap - VIM STATUS REPORT 2026-07-01 8.49 AM.xlsx:620; Document ID=2967846
existing,SANCAP,source_row,SanCap - VIM STATUS REPORT 2026-07-01 8.49 AM.xlsx:621; Document ID=2984629
existing,SANCAP,source_row,SanCap - VIM STATUS REPORT 2026-07-01 8.49 AM.xlsx:622; Document ID=3028981
existing,SANCAP,source_row,SanCap - VIM STATUS REPORT 2026-07-01 8.49 AM.xlsx:623; Document ID=3029934
existing,SANCAP,source_row,SanCap - VIM STATUS REPORT 2026-07-01 8.49 AM.xlsx:624; Document ID=3032819
existing,SANCAP,source_row,SanCap - VIM STATUS REPORT 2026-07-01 8.49 AM.xlsx:625; Document ID=3032962
existing,SANCAP,source_row,SanCap - VIM STATUS REPORT 2026-07-01 8.49 AM.xlsx:626; Document ID=3033132
existing,SANCAP,source_row,SanCap - VIM STATUS REPORT 2026-07-01 8.49 AM.xlsx:627; Document ID=3034808
existing,SANCAP,source_row,SanCap - VIM STATUS REPORT 2026-07-01 8.49 AM.xlsx:628; Document ID=3034850
existing,SANCAP,source_row,SanCap - VIM STATUS REPORT 2026-07-01 8.49 AM.xlsx:629; Document ID=2951400
existing,SANCAP,source_row,SanCap - VIM STATUS REPORT 2026-07-01 8.49 AM.xlsx:630; Document ID=2983587
existing,SANCAP,source_row,SanCap - VIM STATUS REPORT 2026-07-01 8.49 AM.xlsx:631; Document ID=2983606
existing,SANCAP,source_row,SanCap - VIM STATUS REPORT 2026-07-01 8.49 AM.xlsx:632; Document ID=2983686
existing,SANCAP,source_row,SanCap - VIM STATUS REPORT 2026-07-01 8.49 AM.xlsx:633; Document ID=2984552
existing,SANCAP,source_row,SanCap - VIM STATUS REPORT 2026-07-01 8.49 AM.xlsx:634; Document ID=2992975
existing,SANCAP,source_row,SanCap - VIM STATUS REPORT 2026-07-01 8.49 AM.xlsx:635; Document ID=2992990
existing,SANCAP,source_row,SanCap - VIM STATUS REPORT 2026-07-01 8.49 AM.xlsx:636; Document ID=2993435
existing,SANCAP,source_row,SanCap - VIM STATUS REPORT 2026-07-01 8.49 AM.xlsx:637; Document ID=2993531
existing,SANCAP,source_row,SanCap - VIM STATUS REPORT 2026-07-01 8.49 AM.xlsx:638; Document ID=2993568
existing,SANCAP,source_row,SanCap - VIM STATUS REPORT 2026-07-01 8.49 AM.xlsx:639; Document ID=2995390
existing,SANCAP,source_row,SanCap - VIM STATUS REPORT 2026-07-01 8.49 AM.xlsx:641; Document ID=2998340
existing,SANCAP,source_row,SanCap - VIM STATUS REPORT 2026-07-01 8.49 AM.xlsx:642; Document ID=3005386
existing,SANCAP,source_row,SanCap - VIM STATUS REPORT 2026-07-01 8.49 AM.xlsx:643; Document ID=3006439
existing,SANCAP,source_row,SanCap - VIM STATUS REPORT 2026-07-01 8.49 AM.xlsx:644; Document ID=3009591
existing,SANCAP,source_row,SanCap - VIM STATUS REPORT 2026-07-01 8.49 AM.xlsx:645; Document ID=3009874
existing,SANCAP,source_row,SanCap - VIM STATUS REPORT 2026-07-01 8.49 AM.xlsx:646; Document ID=3010648
existing,SANCAP,source_row,SanCap - VIM STATUS REPORT 2026-07-01 8.49 AM.xlsx:647; Document ID=3010909
existing,SANCAP,source_row,SanCap - VIM STATUS REPORT 2026-07-01 8.49 AM.xlsx:648; Document ID=3019028
existing,SANCAP,source_row,SanCap - VIM STATUS REPORT 2026-07-01 8.49 AM.xlsx:649; Document ID=3028941
existing,SANCAP,source_row,SanCap - VIM STATUS REPORT 2026-07-01 8.49 AM.xlsx:650; Document ID=3029305
existing,SANCAP,source_row,SanCap - VIM STATUS REPORT 2026-07-01 8.49 AM.xlsx:651; Document ID=3031490
existing,SANCAP,source_row,SanCap - VIM STATUS REPORT 2026-07-01 8.49 AM.xlsx:652; Document ID=3031502
existing,SANCAP,source_row,SanCap - VIM STATUS REPORT 2026-07-01 8.49 AM.xlsx:653; Document ID=3031520
existing,SANCAP,source_row,SanCap - VIM STATUS REPORT 2026-07-01 8.49 AM.xlsx:654; Document ID=3031537
existing,SANCAP,source_row,SanCap - VIM STATUS REPORT 2026-07-01 8.49 AM.xlsx:655; Document ID=3032270
existing,SANCAP,source_row,SanCap - VIM STATUS REPORT 2026-07-01 8.49 AM.xlsx:656; Document ID=3032292
existing,SANCAP,source_row,SanCap - VIM STATUS REPORT 2026-07-01 8.49 AM.xlsx:657; Document ID=3032333
existing,SANCAP,source_row,SanCap - VIM STATUS REPORT 2026-07-01 8.49 AM.xlsx:658; Document ID=3032341
existing,SANCAP,source_row,SanCap - VIM STATUS REPORT 2026-07-01 8.49 AM.xlsx:659; Document ID=3032345
existing,SANCAP,source_row,SanCap - VIM STATUS REPORT 2026-07-01 8.49 AM.xlsx:660; Document ID=3032467
existing,SANCAP,source_row,SanCap - VIM STATUS REPORT 2026-07-01 8.49 AM.xlsx:662; Document ID=2936577
existing,SANCAP,source_row,SanCap - VIM STATUS REPORT 2026-07-01 8.49 AM.xlsx:663; Document ID=2958152
existing,SANCAP,source_row,SanCap - VIM STATUS REPORT 2026-07-01 8.49 AM.xlsx:664; Document ID=2967953
existing,SANCAP,source_row,SanCap - VIM STATUS REPORT 2026-07-01 8.49 AM.xlsx:665; Document ID=2992960
existing,SANCAP,source_row,SanCap - VIM STATUS REPORT 2026-07-01 8.49 AM.xlsx:666; Document ID=2994106
existing,SANCAP,source_row,SanCap - VIM STATUS REPORT 2026-07-01 8.49 AM.xlsx:667; Document ID=2995386
existing,SANCAP,source_row,SanCap - VIM STATUS REPORT 2026-07-01 8.49 AM.xlsx:668; Document ID=2995411
existing,SANCAP,source_row,SanCap - VIM STATUS REPORT 2026-07-01 8.49 AM.xlsx:669; Document ID=2999800
existing,SANCAP,source_row,SanCap - VIM STATUS REPORT 2026-07-01 8.49 AM.xlsx:670; Document ID=2999822
existing,SANCAP,source_row,SanCap - VIM STATUS REPORT 2026-07-01 8.49 AM.xlsx:671; Document ID=2999828
existing,SANCAP,source_row,SanCap - VIM STATUS REPORT 2026-07-01 8.49 AM.xlsx:672; Document ID=3006152
existing,SANCAP,source_row,SanCap - VIM STATUS REPORT 2026-07-01 8.49 AM.xlsx:673; Document ID=3007032
existing,SANCAP,source_row,SanCap - VIM STATUS REPORT 2026-07-01 8.49 AM.xlsx:674; Document ID=3007042
existing,SANCAP,source_row,SanCap - VIM STATUS REPORT 2026-07-01 8.49 AM.xlsx:675; Document ID=3007065
existing,SANCAP,source_row,SanCap - VIM STATUS REPORT 2026-07-01 8.49 AM.xlsx:676; Document ID=3007077
existing,SANCAP,source_row,SanCap - VIM STATUS REPORT 2026-07-01 8.49 AM.xlsx:677; Document ID=3007084
existing,SANCAP,source_row,SanCap - VIM STATUS REPORT 2026-07-01 8.49 AM.xlsx:678; Document ID=3007087
existing,SANCAP,source_row,SanCap - VIM STATUS REPORT 2026-07-01 8.49 AM.xlsx:679; Document ID=3009132
existing,SANCAP,source_row,SanCap - VIM STATUS REPORT 2026-07-01 8.49 AM.xlsx:680; Document ID=3009168
existing,SANCAP,source_row,SanCap - VIM STATUS REPORT 2026-07-01 8.49 AM.xlsx:681; Document ID=3009198
existing,SANCAP,source_row,SanCap - VIM STATUS REPORT 2026-07-01 8.49 AM.xlsx:682; Document ID=3010605
existing,SANCAP,source_row,SanCap - VIM STATUS REPORT 2026-07-01 8.49 AM.xlsx:683; Document ID=3010779
existing,SANCAP,source_row,SanCap - VIM STATUS REPORT 2026-07-01 8.49 AM.xlsx:684; Document ID=3010941
existing,SANCAP,source_row,SanCap - VIM STATUS REPORT 2026-07-01 8.49 AM.xlsx:685; Document ID=3010987
existing,SANCAP,source_row,SanCap - VIM STATUS REPORT 2026-07-01 8.49 AM.xlsx:686; Document ID=3013868
existing,SANCAP,source_row,SanCap - VIM STATUS REPORT 2026-07-01 8.49 AM.xlsx:687; Document ID=3014505
existing,SANCAP,source_row,SanCap - VIM STATUS REPORT 2026-07-01 8.49 AM.xlsx:688; Document ID=3014510
existing,SANCAP,source_row,SanCap - VIM STATUS REPORT 2026-07-01 8.49 AM.xlsx:689; Document ID=3014517
existing,SANCAP,source_row,SanCap - VIM STATUS REPORT 2026-07-01 8.49 AM.xlsx:690; Document ID=3014524
existing,SANCAP,source_row,SanCap - VIM STATUS REPORT 2026-07-01 8.49 AM.xlsx:691; Document ID=3028453
existing,SANCAP,source_row,SanCap - VIM STATUS REPORT 2026-07-01 8.49 AM.xlsx:692; Document ID=3028922
existing,SANCAP,source_row,SanCap - VIM STATUS REPORT 2026-07-01 8.49 AM.xlsx:693; Document ID=3029103
existing,SANCAP,source_row,SanCap - VIM STATUS REPORT 2026-07-01 8.49 AM.xlsx:694; Document ID=3029105
existing,SANCAP,source_row,SanCap - VIM STATUS REPORT 2026-07-01 8.49 AM.xlsx:695; Document ID=3029214
existing,SANCAP,source_row,SanCap - VIM STATUS REPORT 2026-07-01 8.49 AM.xlsx:696; Document ID=3029893
existing,SANCAP,source_row,SanCap - VIM STATUS REPORT 2026-07-01 8.49 AM.xlsx:697; Document ID=2796967
existing,SANCAP,source_row,SanCap - VIM STATUS REPORT 2026-07-01 8.49 AM.xlsx:698; Document ID=2796987
existing,SANCAP,source_row,SanCap - VIM STATUS REPORT 2026-07-01 8.49 AM.xlsx:699; Document ID=2797079
existing,SANCAP,source_row,SanCap - VIM STATUS REPORT 2026-07-01 8.49 AM.xlsx:700; Document ID=2852689
existing,SANCAP,source_row,SanCap - VIM STATUS REPORT 2026-07-01 8.49 AM.xlsx:701; Document ID=2933770
existing,SANCAP,source_row,SanCap - VIM STATUS REPORT 2026-07-01 8.49 AM.xlsx:702; Document ID=2933816
existing,SANCAP,source_row,SanCap - VIM STATUS REPORT 2026-07-01 8.49 AM.xlsx:703; Document ID=2967521
existing,SANCAP,source_row,SanCap - VIM STATUS REPORT 2026-07-01 8.49 AM.xlsx:704; Document ID=2985145
existing,SANCAP,source_row,SanCap - VIM STATUS REPORT 2026-07-01 8.49 AM.xlsx:705; Document ID=2985218
existing,SANCAP,source_row,SanCap - VIM STATUS REPORT 2026-07-01 8.49 AM.xlsx:706; Document ID=2985226
existing,SANCAP,source_row,SanCap - VIM STATUS REPORT 2026-07-01 8.49 AM.xlsx:707; Document ID=2990125
existing,SANCAP,source_row,SanCap - VIM STATUS REPORT 2026-07-01 8.49 AM.xlsx:708; Document ID=2993085
existing,SANCAP,source_row,SanCap - VIM STATUS REPORT 2026-07-01 8.49 AM.xlsx:709; Document ID=3010729
existing,SANCAP,source_row,SanCap - VIM STATUS REPORT 2026-07-01 8.49 AM.xlsx:710; Document ID=3010853
existing,SANCAP,source_row,SanCap - VIM STATUS REPORT 2026-07-01 8.49 AM.xlsx:711; Document ID=3013676
existing,SANCAP,source_row,SanCap - VIM STATUS REPORT 2026-07-01 8.49 AM.xlsx:712; Document ID=3013767
existing,SANCAP,source_row,SanCap - VIM STATUS REPORT 2026-07-01 8.49 AM.xlsx:713; Document ID=3017228
existing,SANCAP,source_row,SanCap - VIM STATUS REPORT 2026-07-01 8.49 AM.xlsx:714; Document ID=3017260
existing,SANCAP,source_row,SanCap - VIM STATUS REPORT 2026-07-01 8.49 AM.xlsx:715; Document ID=3019031
existing,SANCAP,source_row,SanCap - VIM STATUS REPORT 2026-07-01 8.49 AM.xlsx:719; Document ID=3006424
existing,SANCAP,source_row,SanCap - VIM STATUS REPORT 2026-07-01 8.49 AM.xlsx:720; Document ID=3011084
existing,SANCAP,source_row,SanCap - VIM STATUS REPORT 2026-07-01 8.49 AM.xlsx:721; Document ID=3014113
existing,SANCAP,source_row,SanCap - VIM STATUS REPORT 2026-07-01 8.49 AM.xlsx:722; Document ID=3014408
existing,SANCAP,source_row,SanCap - VIM STATUS REPORT 2026-07-01 8.49 AM.xlsx:723; Document ID=3014540
existing,SANCAP,source_row,SanCap - VIM STATUS REPORT 2026-07-01 8.49 AM.xlsx:724; Document ID=3015724
existing,SANCAP,source_row,SanCap - VIM STATUS REPORT 2026-07-01 8.49 AM.xlsx:725; Document ID=3015846
existing,SANCAP,source_row,SanCap - VIM STATUS REPORT 2026-07-01 8.49 AM.xlsx:726; Document ID=3015847
existing,SANCAP,source_row,SanCap - VIM STATUS REPORT 2026-07-01 8.49 AM.xlsx:727; Document ID=3015848
existing,SANCAP,source_row,SanCap - VIM STATUS REPORT 2026-07-01 8.49 AM.xlsx:728; Document ID=3016142
existing,SANCAP,source_row,SanCap - VIM STATUS REPORT 2026-07-01 8.49 AM.xlsx:729; Document ID=3016143
existing,SANCAP,source_row,SanCap - VIM STATUS REPORT 2026-07-01 8.49 AM.xlsx:730; Document ID=3017618
existing,SANCAP,source_row,SanCap - VIM STATUS REPORT 2026-07-01 8.49 AM.xlsx:731; Document ID=3017634
existing,SANCAP,source_row,SanCap - VIM STATUS REPORT 2026-07-01 8.49 AM.xlsx:732; Document ID=3017648
existing,SANCAP,source_row,SanCap - VIM STATUS REPORT 2026-07-01 8.49 AM.xlsx:733; Document ID=3017672
existing,SANCAP,source_row,SanCap - VIM STATUS REPORT 2026-07-01 8.49 AM.xlsx:734; Document ID=3018580
existing,SANCAP,source_row,SanCap - VIM STATUS REPORT 2026-07-01 8.49 AM.xlsx:735; Document ID=3018591
existing,SANCAP,source_row,SanCap - VIM STATUS REPORT 2026-07-01 8.49 AM.xlsx:737; Document ID=2909433
existing,SANCAP,source_row,SanCap - VIM STATUS REPORT 2026-07-01 8.49 AM.xlsx:738; Document ID=2973335
existing,SANCAP,source_row,SanCap - VIM STATUS REPORT 2026-07-01 8.49 AM.xlsx:739; Document ID=2973396
existing,SANCAP,source_row,SanCap - VIM STATUS REPORT 2026-07-01 8.49 AM.xlsx:740; Document ID=2993350
existing,SANCAP,source_row,SanCap - VIM STATUS REPORT 2026-07-01 8.49 AM.xlsx:741; Document ID=2993407
existing,SANCAP,source_row,SanCap - VIM STATUS REPORT 2026-07-01 8.49 AM.xlsx:742; Document ID=2993463
existing,SANCAP,source_row,SanCap - VIM STATUS REPORT 2026-07-01 8.49 AM.xlsx:743; Document ID=2993653
existing,SANCAP,source_row,SanCap - VIM STATUS REPORT 2026-07-01 8.49 AM.xlsx:744; Document ID=2993676
existing,SANCAP,source_row,SanCap - VIM STATUS REPORT 2026-07-01 8.49 AM.xlsx:745; Document ID=3006795
existing,SANCAP,source_row,SanCap - VIM STATUS REPORT 2026-07-01 8.49 AM.xlsx:746; Document ID=3006838
existing,SANCAP,source_row,SanCap - VIM STATUS REPORT 2026-07-01 8.49 AM.xlsx:747; Document ID=3007011
existing,SANCAP,source_row,SanCap - VIM STATUS REPORT 2026-07-01 8.49 AM.xlsx:748; Document ID=3010447
existing,SANCAP,source_row,SanCap - VIM STATUS REPORT 2026-07-01 8.49 AM.xlsx:749; Document ID=3010513
existing,SANCAP,source_row,SanCap - VIM STATUS REPORT 2026-07-01 8.49 AM.xlsx:750; Document ID=3010551
existing,SANCAP,source_row,SanCap - VIM STATUS REPORT 2026-07-01 8.49 AM.xlsx:751; Document ID=3010562
existing,SANCAP,source_row,SanCap - VIM STATUS REPORT 2026-07-01 8.49 AM.xlsx:752; Document ID=3010689
existing,SANCAP,source_row,SanCap - VIM STATUS REPORT 2026-07-01 8.49 AM.xlsx:753; Document ID=3010717
existing,SANCAP,source_row,SanCap - VIM STATUS REPORT 2026-07-01 8.49 AM.xlsx:754; Document ID=3011124
existing,SANCAP,source_row,SanCap - VIM STATUS REPORT 2026-07-01 8.49 AM.xlsx:755; Document ID=3013543
existing,SANCAP,source_row,SanCap - VIM STATUS REPORT 2026-07-01 8.49 AM.xlsx:756; Document ID=3013556
existing,SANCAP,source_row,SanCap - VIM STATUS REPORT 2026-07-01 8.49 AM.xlsx:757; Document ID=3013960
existing,SANCAP,source_row,SanCap - VIM STATUS REPORT 2026-07-01 8.49 AM.xlsx:758; Document ID=3014030
existing,SANCAP,source_row,SanCap - VIM STATUS REPORT 2026-07-01 8.49 AM.xlsx:759; Document ID=3014096
existing,SANCAP,source_row,SanCap - VIM STATUS REPORT 2026-07-01 8.49 AM.xlsx:760; Document ID=3014104
existing,SANCAP,source_row,SanCap - VIM STATUS REPORT 2026-07-01 8.49 AM.xlsx:762; Document ID=3014170
existing,SANCAP,source_row,SanCap - VIM STATUS REPORT 2026-07-01 8.49 AM.xlsx:763; Document ID=3014188
existing,SANCAP,source_row,SanCap - VIM STATUS REPORT 2026-07-01 8.49 AM.xlsx:765; Document ID=3014588
existing,SANCAP,source_row,SanCap - VIM STATUS REPORT 2026-07-01 8.49 AM.xlsx:766; Document ID=3014816
existing,SANCAP,source_row,SanCap - VIM STATUS REPORT 2026-07-01 8.49 AM.xlsx:768; Document ID=3014863
existing,SANCAP,source_row,SanCap - VIM STATUS REPORT 2026-07-01 8.49 AM.xlsx:769; Document ID=3014895
existing,SANCAP,source_row,SanCap - VIM STATUS REPORT 2026-07-01 8.49 AM.xlsx:770; Document ID=3014915
existing,SANCAP,source_row,SanCap - VIM STATUS REPORT 2026-07-01 8.49 AM.xlsx:771; Document ID=3014924
existing,SANCAP,source_row,SanCap - VIM STATUS REPORT 2026-07-01 8.49 AM.xlsx:773; Document ID=3006673
existing,SANCAP,source_row,SanCap - VIM STATUS REPORT 2026-07-01 8.49 AM.xlsx:774; Document ID=3006720
existing,SANCAP,source_row,SanCap - VIM STATUS REPORT 2026-07-01 8.49 AM.xlsx:775; Document ID=3006846
existing,SANCAP,source_row,SanCap - VIM STATUS REPORT 2026-07-01 8.49 AM.xlsx:776; Document ID=3006848
existing,SANCAP,source_row,SanCap - VIM STATUS REPORT 2026-07-01 8.49 AM.xlsx:777; Document ID=3006940
existing,SANCAP,source_row,SanCap - VIM STATUS REPORT 2026-07-01 8.49 AM.xlsx:778; Document ID=3007015
existing,SANCAP,source_row,SanCap - VIM STATUS REPORT 2026-07-01 8.49 AM.xlsx:779; Document ID=3007019
existing,SANCAP,source_row,SanCap - VIM STATUS REPORT 2026-07-01 8.49 AM.xlsx:780; Document ID=3009212
existing,SANCAP,source_row,SanCap - VIM STATUS REPORT 2026-07-01 8.49 AM.xlsx:781; Document ID=3009229
existing,SANCAP,source_row,SanCap - VIM STATUS REPORT 2026-07-01 8.49 AM.xlsx:782; Document ID=3010514
existing,SANCAP,source_row,SanCap - VIM STATUS REPORT 2026-07-01 8.49 AM.xlsx:783; Document ID=3010515
existing,SANCAP,source_row,SanCap - VIM STATUS REPORT 2026-07-01 8.49 AM.xlsx:784; Document ID=3010516
existing,SANCAP,source_row,SanCap - VIM STATUS REPORT 2026-07-01 8.49 AM.xlsx:785; Document ID=2896446
existing,SANCAP,source_row,SanCap - VIM STATUS REPORT 2026-07-01 8.49 AM.xlsx:786; Document ID=2909392
existing,SANCAP,source_row,SanCap - VIM STATUS REPORT 2026-07-01 8.49 AM.xlsx:787; Document ID=2909394
existing,SANCAP,source_row,SanCap - VIM STATUS REPORT 2026-07-01 8.49 AM.xlsx:789; Document ID=2984316
existing,SANCAP,source_row,SanCap - VIM STATUS REPORT 2026-07-01 8.49 AM.xlsx:790; Document ID=2995159
existing,SANCAP,source_row,SanCap - VIM STATUS REPORT 2026-07-01 8.49 AM.xlsx:791; Document ID=2999284
existing,SANCAP,source_row,SanCap - VIM STATUS REPORT 2026-07-01 8.49 AM.xlsx:792; Document ID=2999325
existing,SANCAP,source_row,SanCap - VIM STATUS REPORT 2026-07-01 8.49 AM.xlsx:793; Document ID=2999343
existing,SANCAP,source_row,SanCap - VIM STATUS REPORT 2026-07-01 8.49 AM.xlsx:794; Document ID=2999640
existing,SANCAP,source_row,SanCap - VIM STATUS REPORT 2026-07-01 8.49 AM.xlsx:795; Document ID=3005616
existing,SANCAP,source_row,SanCap - VIM STATUS REPORT 2026-07-01 8.49 AM.xlsx:796; Document ID=3005623
existing,SANCAP,source_row,SanCap - VIM STATUS REPORT 2026-07-01 8.49 AM.xlsx:797; Document ID=3005628
existing,SANCAP,source_row,SanCap - VIM STATUS REPORT 2026-07-01 8.49 AM.xlsx:798; Document ID=3005630
existing,SANCAP,source_row,SanCap - VIM STATUS REPORT 2026-07-01 8.49 AM.xlsx:799; Document ID=3005649
existing,SANCAP,source_row,SanCap - VIM STATUS REPORT 2026-07-01 8.49 AM.xlsx:800; Document ID=3005668
existing,SANCAP,source_row,SanCap - VIM STATUS REPORT 2026-07-01 8.49 AM.xlsx:801; Document ID=3005795
existing,SANCAP,source_row,SanCap - VIM STATUS REPORT 2026-07-01 8.49 AM.xlsx:802; Document ID=3005804
existing,SANCAP,source_row,SanCap - VIM STATUS REPORT 2026-07-01 8.49 AM.xlsx:803; Document ID=3005808
existing,SANCAP,source_row,SanCap - VIM STATUS REPORT 2026-07-01 8.49 AM.xlsx:805; Document ID=3006243
existing,SANCAP,source_row,SanCap - VIM STATUS REPORT 2026-07-01 8.49 AM.xlsx:808; Document ID=2968052
existing,SANCAP,source_row,SanCap - VIM STATUS REPORT 2026-07-01 8.49 AM.xlsx:809; Document ID=2728500
existing,SANCAP,source_row,SanCap - VIM STATUS REPORT 2026-07-01 8.49 AM.xlsx:810; Document ID=2731121
existing,SANCAP,source_row,SanCap - VIM STATUS REPORT 2026-07-01 8.49 AM.xlsx:811; Document ID=2731129
existing,SANCAP,source_row,SanCap - VIM STATUS REPORT 2026-07-01 8.49 AM.xlsx:813; Document ID=2768363
existing,SANCAP,source_row,SanCap - VIM STATUS REPORT 2026-07-01 8.49 AM.xlsx:814; Document ID=2792837
existing,SANCAP,source_row,SanCap - VIM STATUS REPORT 2026-07-01 8.49 AM.xlsx:815; Document ID=2967603
existing,SANCAP,source_row,SanCap - VIM STATUS REPORT 2026-07-01 8.49 AM.xlsx:816; Document ID=2984213
existing,SANCAP,source_row,SanCap - VIM STATUS REPORT 2026-07-01 8.49 AM.xlsx:817; Document ID=2990147
existing,SANCAP,source_row,SanCap - VIM STATUS REPORT 2026-07-01 8.49 AM.xlsx:818; Document ID=2993230
existing,SANCAP,source_row,SanCap - VIM STATUS REPORT 2026-07-01 8.49 AM.xlsx:819; Document ID=2993400
existing,SANCAP,source_row,SanCap - VIM STATUS REPORT 2026-07-01 8.49 AM.xlsx:820; Document ID=2993665
existing,SANCAP,source_row,SanCap - VIM STATUS REPORT 2026-07-01 8.49 AM.xlsx:821; Document ID=2993929
existing,SANCAP,source_row,SanCap - VIM STATUS REPORT 2026-07-01 8.49 AM.xlsx:822; Document ID=3000335
existing,SANCAP,source_row,SanCap - VIM STATUS REPORT 2026-07-01 8.49 AM.xlsx:823; Document ID=3000336
existing,SANCAP,source_row,SanCap - VIM STATUS REPORT 2026-07-01 8.49 AM.xlsx:824; Document ID=3000337
existing,SANCAP,source_row,SanCap - VIM STATUS REPORT 2026-07-01 8.49 AM.xlsx:825; Document ID=3000338
existing,SANCAP,source_row,SanCap - VIM STATUS REPORT 2026-07-01 8.49 AM.xlsx:826; Document ID=3000339
existing,SANCAP,source_row,SanCap - VIM STATUS REPORT 2026-07-01 8.49 AM.xlsx:827; Document ID=3000340
existing,SANCAP,source_row,SanCap - VIM STATUS REPORT 2026-07-01 8.49 AM.xlsx:828; Document ID=3000341
existing,SANCAP,source_row,SanCap - VIM STATUS REPORT 2026-07-01 8.49 AM.xlsx:829; Document ID=3000342
existing,SANCAP,source_row,SanCap - VIM STATUS REPORT 2026-07-01 8.49 AM.xlsx:830; Document ID=3000343
existing,SANCAP,source_row,SanCap - VIM STATUS REPORT 2026-07-01 8.49 AM.xlsx:831; Document ID=3000345
existing,SANCAP,source_row,SanCap - VIM STATUS REPORT 2026-07-01 8.49 AM.xlsx:832; Document ID=3000346
existing,SANCAP,source_row,SanCap - VIM STATUS REPORT 2026-07-01 8.49 AM.xlsx:833; Document ID=3000347
existing,SANCAP,source_row,SanCap - VIM STATUS REPORT 2026-07-01 8.49 AM.xlsx:834; Document ID=3000348
existing,SANCAP,source_row,SanCap - VIM STATUS REPORT 2026-07-01 8.49 AM.xlsx:835; Document ID=3000349
existing,SANCAP,source_row,SanCap - VIM STATUS REPORT 2026-07-01 8.49 AM.xlsx:836; Document ID=3000350
existing,SANCAP,source_row,SanCap - VIM STATUS REPORT 2026-07-01 8.49 AM.xlsx:837; Document ID=3000351
existing,SANCAP,source_row,SanCap - VIM STATUS REPORT 2026-07-01 8.49 AM.xlsx:838; Document ID=3000352
existing,SANCAP,source_row,SanCap - VIM STATUS REPORT 2026-07-01 8.49 AM.xlsx:839; Document ID=3000353
existing,SANCAP,source_row,SanCap - VIM STATUS REPORT 2026-07-01 8.49 AM.xlsx:840; Document ID=3000354
existing,SANCAP,source_row,SanCap - VIM STATUS REPORT 2026-07-01 8.49 AM.xlsx:841; Document ID=3000355
existing,SANCAP,source_row,SanCap - VIM STATUS REPORT 2026-07-01 8.49 AM.xlsx:842; Document ID=3000358
existing,SANCAP,source_row,SanCap - VIM STATUS REPORT 2026-07-01 8.49 AM.xlsx:843; Document ID=3000359
existing,SANCAP,source_row,SanCap - VIM STATUS REPORT 2026-07-01 8.49 AM.xlsx:844; Document ID=3000360
existing,SANCAP,source_row,SanCap - VIM STATUS REPORT 2026-07-01 8.49 AM.xlsx:845; Document ID=3000362
existing,SANCAP,source_row,SanCap - VIM STATUS REPORT 2026-07-01 8.49 AM.xlsx:846; Document ID=3000363
existing,SANCAP,source_row,SanCap - VIM STATUS REPORT 2026-07-01 8.49 AM.xlsx:847; Document ID=3000365
existing,SANCAP,source_row,SanCap - VIM STATUS REPORT 2026-07-01 8.49 AM.xlsx:848; Document ID=3000367
existing,SANCAP,source_row,SanCap - VIM STATUS REPORT 2026-07-01 8.49 AM.xlsx:849; Document ID=3000371
existing,SANCAP,source_row,SanCap - VIM STATUS REPORT 2026-07-01 8.49 AM.xlsx:850; Document ID=3000372
existing,SANCAP,source_row,SanCap - VIM STATUS REPORT 2026-07-01 8.49 AM.xlsx:851; Document ID=3000376
existing,SANCAP,source_row,SanCap - VIM STATUS REPORT 2026-07-01 8.49 AM.xlsx:852; Document ID=3000380
existing,SANCAP,source_row,SanCap - VIM STATUS REPORT 2026-07-01 8.49 AM.xlsx:853; Document ID=3000381
existing,SANCAP,source_row,SanCap - VIM STATUS REPORT 2026-07-01 8.49 AM.xlsx:854; Document ID=3000382
existing,SANCAP,source_row,SanCap - VIM STATUS REPORT 2026-07-01 8.49 AM.xlsx:855; Document ID=3000520
existing,SANCAP,source_row,SanCap - VIM STATUS REPORT 2026-07-01 8.49 AM.xlsx:856; Document ID=3000566
existing,SANCAP,source_row,SanCap - VIM STATUS REPORT 2026-07-01 8.49 AM.xlsx:857; Document ID=3000567
existing,SANCAP,source_row,SanCap - VIM STATUS REPORT 2026-07-01 8.49 AM.xlsx:858; Document ID=3000568
existing,SANCAP,source_row,SanCap - VIM STATUS REPORT 2026-07-01 8.49 AM.xlsx:859; Document ID=3000661
existing,SANCAP,source_row,SanCap - VIM STATUS REPORT 2026-07-01 8.49 AM.xlsx:860; Document ID=3000662
existing,SANCAP,source_row,SanCap - VIM STATUS REPORT 2026-07-01 8.49 AM.xlsx:861; Document ID=3002278
existing,SANCAP,source_row,SanCap - VIM STATUS REPORT 2026-07-01 8.49 AM.xlsx:862; Document ID=2989972
existing,SANCAP,source_row,SanCap - VIM STATUS REPORT 2026-07-01 8.49 AM.xlsx:863; Document ID=2989994
existing,SANCAP,source_row,SanCap - VIM STATUS REPORT 2026-07-01 8.49 AM.xlsx:864; Document ID=2990012
existing,SANCAP,source_row,SanCap - VIM STATUS REPORT 2026-07-01 8.49 AM.xlsx:865; Document ID=2990068
existing,SANCAP,source_row,SanCap - VIM STATUS REPORT 2026-07-01 8.49 AM.xlsx:866; Document ID=2993046
existing,SANCAP,source_row,SanCap - VIM STATUS REPORT 2026-07-01 8.49 AM.xlsx:867; Document ID=2993685
existing,SANCAP,source_row,SanCap - VIM STATUS REPORT 2026-07-01 8.49 AM.xlsx:868; Document ID=2993873
existing,SANCAP,source_row,SanCap - VIM STATUS REPORT 2026-07-01 8.49 AM.xlsx:869; Document ID=2993899
existing,SANCAP,source_row,SanCap - VIM STATUS REPORT 2026-07-01 8.49 AM.xlsx:870; Document ID=2993912
existing,SANCAP,source_row,SanCap - VIM STATUS REPORT 2026-07-01 8.49 AM.xlsx:871; Document ID=2993926
existing,SANCAP,source_row,SanCap - VIM STATUS REPORT 2026-07-01 8.49 AM.xlsx:872; Document ID=2993931
existing,SANCAP,source_row,SanCap - VIM STATUS REPORT 2026-07-01 8.49 AM.xlsx:873; Document ID=2993934
existing,SANCAP,source_row,SanCap - VIM STATUS REPORT 2026-07-01 8.49 AM.xlsx:874; Document ID=2993945
existing,SANCAP,source_row,SanCap - VIM STATUS REPORT 2026-07-01 8.49 AM.xlsx:875; Document ID=2993958
existing,SANCAP,source_row,SanCap - VIM STATUS REPORT 2026-07-01 8.49 AM.xlsx:876; Document ID=2994944
existing,SANCAP,source_row,SanCap - VIM STATUS REPORT 2026-07-01 8.49 AM.xlsx:877; Document ID=2995881
existing,SANCAP,source_row,SanCap - VIM STATUS REPORT 2026-07-01 8.49 AM.xlsx:878; Document ID=2995983
existing,SANCAP,source_row,SanCap - VIM STATUS REPORT 2026-07-01 8.49 AM.xlsx:881; Document ID=2998555
existing,SANCAP,source_row,SanCap - VIM STATUS REPORT 2026-07-01 8.49 AM.xlsx:884; Document ID=2999319
existing,SANCAP,source_row,SanCap - VIM STATUS REPORT 2026-07-01 8.49 AM.xlsx:885; Document ID=2999360
existing,SANCAP,source_row,SanCap - VIM STATUS REPORT 2026-07-01 8.49 AM.xlsx:887; Document ID=2988841
existing,SANCAP,source_row,SanCap - VIM STATUS REPORT 2026-07-01 8.49 AM.xlsx:888; Document ID=2988885
existing,SANCAP,source_row,SanCap - VIM STATUS REPORT 2026-07-01 8.49 AM.xlsx:889; Document ID=2988893
existing,SANCAP,source_row,SanCap - VIM STATUS REPORT 2026-07-01 8.49 AM.xlsx:890; Document ID=2989905
existing,SANCAP,source_row,SanCap - VIM STATUS REPORT 2026-07-01 8.49 AM.xlsx:891; Document ID=2990230
existing,SANCAP,source_row,SanCap - VIM STATUS REPORT 2026-07-01 8.49 AM.xlsx:893; Document ID=2994835
existing,SANCAP,source_row,SanCap - VIM STATUS REPORT 2026-07-01 8.49 AM.xlsx:894; Document ID=2995039
existing,SANCAP,source_row,SanCap - VIM STATUS REPORT 2026-07-01 8.49 AM.xlsx:895; Document ID=2995055
existing,SANCAP,source_row,SanCap - VIM STATUS REPORT 2026-07-01 8.49 AM.xlsx:899; Document ID=2943560
existing,SANCAP,source_row,SanCap - VIM STATUS REPORT 2026-07-01 8.49 AM.xlsx:900; Document ID=2973346
existing,SANCAP,source_row,SanCap - VIM STATUS REPORT 2026-07-01 8.49 AM.xlsx:901; Document ID=2982960
existing,SANCAP,source_row,SanCap - VIM STATUS REPORT 2026-07-01 8.49 AM.xlsx:902; Document ID=2983086
existing,SANCAP,source_row,SanCap - VIM STATUS REPORT 2026-07-01 8.49 AM.xlsx:903; Document ID=2983095
existing,SANCAP,source_row,SanCap - VIM STATUS REPORT 2026-07-01 8.49 AM.xlsx:904; Document ID=2983159
existing,SANCAP,source_row,SanCap - VIM STATUS REPORT 2026-07-01 8.49 AM.xlsx:905; Document ID=2983166
existing,SANCAP,source_row,SanCap - VIM STATUS REPORT 2026-07-01 8.49 AM.xlsx:906; Document ID=2983229
existing,SANCAP,source_row,SanCap - VIM STATUS REPORT 2026-07-01 8.49 AM.xlsx:907; Document ID=2983253
existing,SANCAP,source_row,SanCap - VIM STATUS REPORT 2026-07-01 8.49 AM.xlsx:908; Document ID=2983269
existing,SANCAP,source_row,SanCap - VIM STATUS REPORT 2026-07-01 8.49 AM.xlsx:909; Document ID=2984107
existing,SANCAP,source_row,SanCap - VIM STATUS REPORT 2026-07-01 8.49 AM.xlsx:910; Document ID=2984226
existing,SANCAP,source_row,SanCap - VIM STATUS REPORT 2026-07-01 8.49 AM.xlsx:911; Document ID=2984294
existing,SANCAP,source_row,SanCap - VIM STATUS REPORT 2026-07-01 8.49 AM.xlsx:912; Document ID=2984880
existing,SANCAP,source_row,SanCap - VIM STATUS REPORT 2026-07-01 8.49 AM.xlsx:913; Document ID=2984998
existing,SANCAP,source_row,SanCap - VIM STATUS REPORT 2026-07-01 8.49 AM.xlsx:914; Document ID=2985513
existing,SANCAP,source_row,SanCap - VIM STATUS REPORT 2026-07-01 8.49 AM.xlsx:915; Document ID=2985583
existing,SANCAP,source_row,SanCap - VIM STATUS REPORT 2026-07-01 8.49 AM.xlsx:916; Document ID=2985601
existing,SANCAP,source_row,SanCap - VIM STATUS REPORT 2026-07-01 8.49 AM.xlsx:917; Document ID=2987551
existing,SANCAP,source_row,SanCap - VIM STATUS REPORT 2026-07-01 8.49 AM.xlsx:919; Document ID=2988570
existing,SANCAP,source_row,SanCap - VIM STATUS REPORT 2026-07-01 8.49 AM.xlsx:920; Document ID=2988644
existing,SANCAP,source_row,SanCap - VIM STATUS REPORT 2026-07-01 8.49 AM.xlsx:923; Document ID=2988964
existing,SANCAP,source_row,SanCap - VIM STATUS REPORT 2026-07-01 8.49 AM.xlsx:925; Document ID=2989170
existing,SANCAP,source_row,SanCap - VIM STATUS REPORT 2026-07-01 8.49 AM.xlsx:926; Document ID=2989171
existing,SANCAP,source_row,SanCap - VIM STATUS REPORT 2026-07-01 8.49 AM.xlsx:927; Document ID=2989174
existing,SANCAP,source_row,SanCap - VIM STATUS REPORT 2026-07-01 8.49 AM.xlsx:928; Document ID=2989176
existing,SANCAP,source_row,SanCap - VIM STATUS REPORT 2026-07-01 8.49 AM.xlsx:929; Document ID=2989208
existing,SANCAP,source_row,SanCap - VIM STATUS REPORT 2026-07-01 8.49 AM.xlsx:930; Document ID=2989677
existing,SANCAP,source_row,SanCap - VIM STATUS REPORT 2026-07-01 8.49 AM.xlsx:931; Document ID=2989680
existing,SANCAP,source_row,SanCap - VIM STATUS REPORT 2026-07-01 8.49 AM.xlsx:932; Document ID=2989681
existing,SANCAP,source_row,SanCap - VIM STATUS REPORT 2026-07-01 8.49 AM.xlsx:933; Document ID=2989683
existing,SANCAP,source_row,SanCap - VIM STATUS REPORT 2026-07-01 8.49 AM.xlsx:934; Document ID=2989758
existing,SANCAP,source_row,SanCap - VIM STATUS REPORT 2026-07-01 8.49 AM.xlsx:935; Document ID=2989762
existing,SANCAP,source_row,SanCap - VIM STATUS REPORT 2026-07-01 8.49 AM.xlsx:938; Document ID=2797256
existing,SANCAP,source_row,SanCap - VIM STATUS REPORT 2026-07-01 8.49 AM.xlsx:939; Document ID=2973128
existing,SANCAP,source_row,SanCap - VIM STATUS REPORT 2026-07-01 8.49 AM.xlsx:940; Document ID=2973134
existing,SANCAP,source_row,SanCap - VIM STATUS REPORT 2026-07-01 8.49 AM.xlsx:942; Document ID=2982777
existing,SANCAP,source_row,SanCap - VIM STATUS REPORT 2026-07-01 8.49 AM.xlsx:943; Document ID=2983116
existing,SANCAP,source_row,SanCap - VIM STATUS REPORT 2026-07-01 8.49 AM.xlsx:944; Document ID=2983553
existing,SANCAP,source_row,SanCap - VIM STATUS REPORT 2026-07-01 8.49 AM.xlsx:945; Document ID=2983566
existing,SANCAP,source_row,SanCap - VIM STATUS REPORT 2026-07-01 8.49 AM.xlsx:947; Document ID=2984238
existing,SANCAP,source_row,SanCap - VIM STATUS REPORT 2026-07-01 8.49 AM.xlsx:948; Document ID=2984445
existing,SANCAP,source_row,SanCap - VIM STATUS REPORT 2026-07-01 8.49 AM.xlsx:949; Document ID=2984456
existing,SANCAP,source_row,SanCap - VIM STATUS REPORT 2026-07-01 8.49 AM.xlsx:950; Document ID=2984499
existing,SANCAP,source_row,SanCap - VIM STATUS REPORT 2026-07-01 8.49 AM.xlsx:951; Document ID=2984525
existing,SANCAP,source_row,SanCap - VIM STATUS REPORT 2026-07-01 8.49 AM.xlsx:952; Document ID=2984573
existing,SANCAP,source_row,SanCap - VIM STATUS REPORT 2026-07-01 8.49 AM.xlsx:953; Document ID=2984585
existing,SANCAP,source_row,SanCap - VIM STATUS REPORT 2026-07-01 8.49 AM.xlsx:954; Document ID=2984649
existing,SANCAP,source_row,SanCap - VIM STATUS REPORT 2026-07-01 8.49 AM.xlsx:955; Document ID=2957400
existing,SANCAP,source_row,SanCap - VIM STATUS REPORT 2026-07-01 8.49 AM.xlsx:956; Document ID=2967451
existing,SANCAP,source_row,SanCap - VIM STATUS REPORT 2026-07-01 8.49 AM.xlsx:957; Document ID=2967548
existing,SANCAP,source_row,SanCap - VIM STATUS REPORT 2026-07-01 8.49 AM.xlsx:958; Document ID=2972912
existing,SANCAP,source_row,SanCap - VIM STATUS REPORT 2026-07-01 8.49 AM.xlsx:959; Document ID=2973111
existing,SANCAP,source_row,SanCap - VIM STATUS REPORT 2026-07-01 8.49 AM.xlsx:960; Document ID=2973135
existing,SANCAP,source_row,SanCap - VIM STATUS REPORT 2026-07-01 8.49 AM.xlsx:961; Document ID=2973293
existing,SANCAP,source_row,SanCap - VIM STATUS REPORT 2026-07-01 8.49 AM.xlsx:962; Document ID=2973327
existing,SANCAP,source_row,SanCap - VIM STATUS REPORT 2026-07-01 8.49 AM.xlsx:963; Document ID=2973342
existing,SANCAP,source_row,SanCap - VIM STATUS REPORT 2026-07-01 8.49 AM.xlsx:964; Document ID=2973360
existing,SANCAP,source_row,SanCap - VIM STATUS REPORT 2026-07-01 8.49 AM.xlsx:965; Document ID=2973367
existing,SANCAP,source_row,SanCap - VIM STATUS REPORT 2026-07-01 8.49 AM.xlsx:966; Document ID=2973371
existing,SANCAP,source_row,SanCap - VIM STATUS REPORT 2026-07-01 8.49 AM.xlsx:967; Document ID=2973384
existing,SANCAP,source_row,SanCap - VIM STATUS REPORT 2026-07-01 8.49 AM.xlsx:968; Document ID=2973386
existing,SANCAP,source_row,SanCap - VIM STATUS REPORT 2026-07-01 8.49 AM.xlsx:969; Document ID=2977932
existing,SANCAP,source_row,SanCap - VIM STATUS REPORT 2026-07-01 8.49 AM.xlsx:970; Document ID=2979923
existing,SANCAP,source_row,SanCap - VIM STATUS REPORT 2026-07-01 8.49 AM.xlsx:972; Document ID=2956656
existing,SANCAP,source_row,SanCap - VIM STATUS REPORT 2026-07-01 8.49 AM.xlsx:973; Document ID=2956670
existing,SANCAP,source_row,SanCap - VIM STATUS REPORT 2026-07-01 8.49 AM.xlsx:974; Document ID=2962137
existing,SANCAP,source_row,SanCap - VIM STATUS REPORT 2026-07-01 8.49 AM.xlsx:975; Document ID=2966613
existing,SANCAP,source_row,SanCap - VIM STATUS REPORT 2026-07-01 8.49 AM.xlsx:976; Document ID=2966637
existing,SANCAP,source_row,SanCap - VIM STATUS REPORT 2026-07-01 8.49 AM.xlsx:977; Document ID=2966680
existing,SANCAP,source_row,SanCap - VIM STATUS REPORT 2026-07-01 8.49 AM.xlsx:978; Document ID=2967634
existing,SANCAP,source_row,SanCap - VIM STATUS REPORT 2026-07-01 8.49 AM.xlsx:979; Document ID=2967698
existing,SANCAP,source_row,SanCap - VIM STATUS REPORT 2026-07-01 8.49 AM.xlsx:980; Document ID=2967712
existing,SANCAP,source_row,SanCap - VIM STATUS REPORT 2026-07-01 8.49 AM.xlsx:981; Document ID=2967780
existing,SANCAP,source_row,SanCap - VIM STATUS REPORT 2026-07-01 8.49 AM.xlsx:982; Document ID=2967820
existing,SANCAP,source_row,SanCap - VIM STATUS REPORT 2026-07-01 8.49 AM.xlsx:983; Document ID=2971295
existing,SANCAP,source_row,SanCap - VIM STATUS REPORT 2026-07-01 8.49 AM.xlsx:984; Document ID=2971391
existing,SANCAP,source_row,SanCap - VIM STATUS REPORT 2026-07-01 8.49 AM.xlsx:985; Document ID=2971490
existing,SANCAP,source_row,SanCap - VIM STATUS REPORT 2026-07-01 8.49 AM.xlsx:986; Document ID=2971766
existing,SANCAP,source_row,SanCap - VIM STATUS REPORT 2026-07-01 8.49 AM.xlsx:987; Document ID=2971887
existing,SANCAP,source_row,SanCap - VIM STATUS REPORT 2026-07-01 8.49 AM.xlsx:988; Document ID=2972277
existing,SANCAP,source_row,SanCap - VIM STATUS REPORT 2026-07-01 8.49 AM.xlsx:990; Document ID=2973178
existing,SANCAP,source_row,SanCap - VIM STATUS REPORT 2026-07-01 8.49 AM.xlsx:991; Document ID=2944320
existing,SANCAP,source_row,SanCap - VIM STATUS REPORT 2026-07-01 8.49 AM.xlsx:992; Document ID=2945418
existing,SANCAP,source_row,SanCap - VIM STATUS REPORT 2026-07-01 8.49 AM.xlsx:993; Document ID=2951611
existing,SANCAP,source_row,SanCap - VIM STATUS REPORT 2026-07-01 8.49 AM.xlsx:994; Document ID=2956358
existing,SANCAP,source_row,SanCap - VIM STATUS REPORT 2026-07-01 8.49 AM.xlsx:995; Document ID=2956720
existing,SANCAP,source_row,SanCap - VIM STATUS REPORT 2026-07-01 8.49 AM.xlsx:996; Document ID=2962014
existing,SANCAP,source_row,SanCap - VIM STATUS REPORT 2026-07-01 8.49 AM.xlsx:997; Document ID=2962045
existing,SANCAP,source_row,SanCap - VIM STATUS REPORT 2026-07-01 8.49 AM.xlsx:998; Document ID=2962136
existing,SANCAP,source_row,SanCap - VIM STATUS REPORT 2026-07-01 8.49 AM.xlsx:999; Document ID=2962424
existing,SANCAP,source_row,SanCap - VIM STATUS REPORT 2026-07-01 8.49 AM.xlsx:1000; Document ID=2962436
existing,SANCAP,source_row,SanCap - VIM STATUS REPORT 2026-07-01 8.49 AM.xlsx:1001; Document ID=2962446
existing,SANCAP,source_row,SanCap - VIM STATUS REPORT 2026-07-01 8.49 AM.xlsx:1002; Document ID=2962455
existing,SANCAP,source_row,SanCap - VIM STATUS REPORT 2026-07-01 8.49 AM.xlsx:1003; Document ID=2962473
existing,SANCAP,source_row,SanCap - VIM STATUS REPORT 2026-07-01 8.49 AM.xlsx:1004; Document ID=2962542
existing,SANCAP,source_row,SanCap - VIM STATUS REPORT 2026-07-01 8.49 AM.xlsx:1005; Document ID=2962564
existing,SANCAP,source_row,SanCap - VIM STATUS REPORT 2026-07-01 8.49 AM.xlsx:1006; Document ID=2962582
existing,SANCAP,source_row,SanCap - VIM STATUS REPORT 2026-07-01 8.49 AM.xlsx:1007; Document ID=2966281
existing,SANCAP,source_row,SanCap - VIM STATUS REPORT 2026-07-01 8.49 AM.xlsx:1008; Document ID=2966349
existing,SANCAP,source_row,SanCap - VIM STATUS REPORT 2026-07-01 8.49 AM.xlsx:1009; Document ID=2966416
existing,SANCAP,source_row,SanCap - VIM STATUS REPORT 2026-07-01 8.49 AM.xlsx:1010; Document ID=2966453
existing,SANCAP,source_row,SanCap - VIM STATUS REPORT 2026-07-01 8.49 AM.xlsx:1011; Document ID=2966702
existing,SANCAP,source_row,SanCap - VIM STATUS REPORT 2026-07-01 8.49 AM.xlsx:1012; Document ID=2966920
existing,SANCAP,source_row,SanCap - VIM STATUS REPORT 2026-07-01 8.49 AM.xlsx:1013; Document ID=2966991
existing,SANCAP,source_row,SanCap - VIM STATUS REPORT 2026-07-01 8.49 AM.xlsx:1014; Document ID=2967069
existing,SANCAP,source_row,SanCap - VIM STATUS REPORT 2026-07-01 8.49 AM.xlsx:1015; Document ID=2967365
existing,SANCAP,source_row,SanCap - VIM STATUS REPORT 2026-07-01 8.49 AM.xlsx:1016; Document ID=2967430
existing,SANCAP,source_row,SanCap - VIM STATUS REPORT 2026-07-01 8.49 AM.xlsx:1017; Document ID=2967439
existing,SANCAP,source_row,SanCap - VIM STATUS REPORT 2026-07-01 8.49 AM.xlsx:1018; Document ID=2922881
existing,SANCAP,source_row,SanCap - VIM STATUS REPORT 2026-07-01 8.49 AM.xlsx:1019; Document ID=2950821
existing,SANCAP,source_row,SanCap - VIM STATUS REPORT 2026-07-01 8.49 AM.xlsx:1020; Document ID=2950836
existing,SANCAP,source_row,SanCap - VIM STATUS REPORT 2026-07-01 8.49 AM.xlsx:1021; Document ID=2950913
existing,SANCAP,source_row,SanCap - VIM STATUS REPORT 2026-07-01 8.49 AM.xlsx:1023; Document ID=2957536
existing,SANCAP,source_row,SanCap - VIM STATUS REPORT 2026-07-01 8.49 AM.xlsx:1024; Document ID=2957542
existing,SANCAP,source_row,SanCap - VIM STATUS REPORT 2026-07-01 8.49 AM.xlsx:1025; Document ID=2957829
existing,SANCAP,source_row,SanCap - VIM STATUS REPORT 2026-07-01 8.49 AM.xlsx:1026; Document ID=2957928
existing,SANCAP,source_row,SanCap - VIM STATUS REPORT 2026-07-01 8.49 AM.xlsx:1027; Document ID=2958113
existing,SANCAP,source_row,SanCap - VIM STATUS REPORT 2026-07-01 8.49 AM.xlsx:1028; Document ID=2958171
existing,SANCAP,source_row,SanCap - VIM STATUS REPORT 2026-07-01 8.49 AM.xlsx:1029; Document ID=2960769
existing,SANCAP,source_row,SanCap - VIM STATUS REPORT 2026-07-01 8.49 AM.xlsx:1030; Document ID=2960793
existing,SANCAP,source_row,SanCap - VIM STATUS REPORT 2026-07-01 8.49 AM.xlsx:1031; Document ID=2960944
existing,SANCAP,source_row,SanCap - VIM STATUS REPORT 2026-07-01 8.49 AM.xlsx:1032; Document ID=2961341
existing,SANCAP,source_row,SanCap - VIM STATUS REPORT 2026-07-01 8.49 AM.xlsx:1033; Document ID=2961680
existing,SANCAP,source_row,SanCap - VIM STATUS REPORT 2026-07-01 8.49 AM.xlsx:1034; Document ID=2961681
existing,SANCAP,source_row,SanCap - VIM STATUS REPORT 2026-07-01 8.49 AM.xlsx:1035; Document ID=2961682
existing,SANCAP,source_row,SanCap - VIM STATUS REPORT 2026-07-01 8.49 AM.xlsx:1036; Document ID=2961683
existing,SANCAP,source_row,SanCap - VIM STATUS REPORT 2026-07-01 8.49 AM.xlsx:1037; Document ID=2961685
existing,SANCAP,source_row,SanCap - VIM STATUS REPORT 2026-07-01 8.49 AM.xlsx:1038; Document ID=2961686
existing,SANCAP,source_row,SanCap - VIM STATUS REPORT 2026-07-01 8.49 AM.xlsx:1039; Document ID=2961688
existing,SANCAP,source_row,SanCap - VIM STATUS REPORT 2026-07-01 8.49 AM.xlsx:1040; Document ID=2961689
existing,SANCAP,source_row,SanCap - VIM STATUS REPORT 2026-07-01 8.49 AM.xlsx:1041; Document ID=2961690
existing,SANCAP,source_row,SanCap - VIM STATUS REPORT 2026-07-01 8.49 AM.xlsx:1042; Document ID=2961693
existing,SANCAP,source_row,SanCap - VIM STATUS REPORT 2026-07-01 8.49 AM.xlsx:1043; Document ID=2961694
existing,SANCAP,source_row,SanCap - VIM STATUS REPORT 2026-07-01 8.49 AM.xlsx:1044; Document ID=2961695
existing,SANCAP,source_row,SanCap - VIM STATUS REPORT 2026-07-01 8.49 AM.xlsx:1045; Document ID=2961696
existing,SANCAP,source_row,SanCap - VIM STATUS REPORT 2026-07-01 8.49 AM.xlsx:1046; Document ID=2961697
existing,SANCAP,source_row,SanCap - VIM STATUS REPORT 2026-07-01 8.49 AM.xlsx:1047; Document ID=2961700
existing,SANCAP,source_row,SanCap - VIM STATUS REPORT 2026-07-01 8.49 AM.xlsx:1048; Document ID=2961758
existing,SANCAP,source_row,SanCap - VIM STATUS REPORT 2026-07-01 8.49 AM.xlsx:1049; Document ID=2961822
existing,SANCAP,source_row,SanCap - VIM STATUS REPORT 2026-07-01 8.49 AM.xlsx:1050; Document ID=2961947
existing,SANCAP,source_row,SanCap - VIM STATUS REPORT 2026-07-01 8.49 AM.xlsx:1051; Document ID=2961979
existing,SANCAP,source_row,SanCap - VIM STATUS REPORT 2026-07-01 8.49 AM.xlsx:1052; Document ID=2961998
existing,SANCAP,source_row,SanCap - VIM STATUS REPORT 2026-07-01 8.49 AM.xlsx:1053; Document ID=2962019
existing,SANCAP,source_row,SanCap - VIM STATUS REPORT 2026-07-01 8.49 AM.xlsx:1054; Document ID=2962033
existing,SANCAP,source_row,SanCap - VIM STATUS REPORT 2026-07-01 8.49 AM.xlsx:1055; Document ID=2962062
existing,SANCAP,source_row,SanCap - VIM STATUS REPORT 2026-07-01 8.49 AM.xlsx:1057; Document ID=2962402
existing,SANCAP,source_row,SanCap - VIM STATUS REPORT 2026-07-01 8.49 AM.xlsx:1058; Document ID=2867180
existing,SANCAP,source_row,SanCap - VIM STATUS REPORT 2026-07-01 8.49 AM.xlsx:1059; Document ID=2867212
existing,SANCAP,source_row,SanCap - VIM STATUS REPORT 2026-07-01 8.49 AM.xlsx:1060; Document ID=2896537
existing,SANCAP,source_row,SanCap - VIM STATUS REPORT 2026-07-01 8.49 AM.xlsx:1061; Document ID=2919749
existing,SANCAP,source_row,SanCap - VIM STATUS REPORT 2026-07-01 8.49 AM.xlsx:1062; Document ID=2939177
existing,SANCAP,source_row,SanCap - VIM STATUS REPORT 2026-07-01 8.49 AM.xlsx:1063; Document ID=2946971
existing,SANCAP,source_row,SanCap - VIM STATUS REPORT 2026-07-01 8.49 AM.xlsx:1064; Document ID=2946994
existing,SANCAP,source_row,SanCap - VIM STATUS REPORT 2026-07-01 8.49 AM.xlsx:1065; Document ID=2947001
existing,SANCAP,source_row,SanCap - VIM STATUS REPORT 2026-07-01 8.49 AM.xlsx:1066; Document ID=2953339
existing,SANCAP,source_row,SanCap - VIM STATUS REPORT 2026-07-01 8.49 AM.xlsx:1067; Document ID=2954661
existing,SANCAP,source_row,SanCap - VIM STATUS REPORT 2026-07-01 8.49 AM.xlsx:1068; Document ID=2956164
existing,SANCAP,source_row,SanCap - VIM STATUS REPORT 2026-07-01 8.49 AM.xlsx:1070; Document ID=2956224
existing,SANCAP,source_row,SanCap - VIM STATUS REPORT 2026-07-01 8.49 AM.xlsx:1071; Document ID=2956227
existing,SANCAP,source_row,SanCap - VIM STATUS REPORT 2026-07-01 8.49 AM.xlsx:1072; Document ID=2956256
existing,SANCAP,source_row,SanCap - VIM STATUS REPORT 2026-07-01 8.49 AM.xlsx:1074; Document ID=2956329
existing,SANCAP,source_row,SanCap - VIM STATUS REPORT 2026-07-01 8.49 AM.xlsx:1075; Document ID=2956382
existing,SANCAP,source_row,SanCap - VIM STATUS REPORT 2026-07-01 8.49 AM.xlsx:1076; Document ID=2956392
existing,SANCAP,source_row,SanCap - VIM STATUS REPORT 2026-07-01 8.49 AM.xlsx:1077; Document ID=2956411
existing,SANCAP,source_row,SanCap - VIM STATUS REPORT 2026-07-01 8.49 AM.xlsx:1078; Document ID=2956438
existing,SANCAP,source_row,SanCap - VIM STATUS REPORT 2026-07-01 8.49 AM.xlsx:1079; Document ID=2956575
existing,SANCAP,source_row,SanCap - VIM STATUS REPORT 2026-07-01 8.49 AM.xlsx:1080; Document ID=2956580
existing,SANCAP,source_row,SanCap - VIM STATUS REPORT 2026-07-01 8.49 AM.xlsx:1081; Document ID=2956594
existing,SANCAP,source_row,SanCap - VIM STATUS REPORT 2026-07-01 8.49 AM.xlsx:1082; Document ID=2956603
existing,SANCAP,source_row,SanCap - VIM STATUS REPORT 2026-07-01 8.49 AM.xlsx:1084; Document ID=2956611
existing,SANCAP,source_row,SanCap - VIM STATUS REPORT 2026-07-01 8.49 AM.xlsx:1087; Document ID=2956770
existing,SANCAP,source_row,SanCap - VIM STATUS REPORT 2026-07-01 8.49 AM.xlsx:1089; Document ID=2957702
existing,SANCAP,source_row,SanCap - VIM STATUS REPORT 2026-07-01 8.49 AM.xlsx:1090; Document ID=2957812
existing,SANCAP,source_row,SanCap - VIM STATUS REPORT 2026-07-01 8.49 AM.xlsx:1091; Document ID=2958062
existing,SANCAP,source_row,SanCap - VIM STATUS REPORT 2026-07-01 8.49 AM.xlsx:1093; Document ID=2954529
existing,SANCAP,source_row,SanCap - VIM STATUS REPORT 2026-07-01 8.49 AM.xlsx:1094; Document ID=2954530
existing,SANCAP,source_row,SanCap - VIM STATUS REPORT 2026-07-01 8.49 AM.xlsx:1095; Document ID=2954531
existing,SANCAP,source_row,SanCap - VIM STATUS REPORT 2026-07-01 8.49 AM.xlsx:1096; Document ID=2954532
existing,SANCAP,source_row,SanCap - VIM STATUS REPORT 2026-07-01 8.49 AM.xlsx:1097; Document ID=2954533
existing,SANCAP,source_row,SanCap - VIM STATUS REPORT 2026-07-01 8.49 AM.xlsx:1098; Document ID=2954534
existing,SANCAP,source_row,SanCap - VIM STATUS REPORT 2026-07-01 8.49 AM.xlsx:1099; Document ID=2954535
existing,SANCAP,source_row,SanCap - VIM STATUS REPORT 2026-07-01 8.49 AM.xlsx:1100; Document ID=2954536
existing,SANCAP,source_row,SanCap - VIM STATUS REPORT 2026-07-01 8.49 AM.xlsx:1101; Document ID=2954537
existing,SANCAP,source_row,SanCap - VIM STATUS REPORT 2026-07-01 8.49 AM.xlsx:1102; Document ID=2954538
existing,SANCAP,source_row,SanCap - VIM STATUS REPORT 2026-07-01 8.49 AM.xlsx:1103; Document ID=2954539
existing,SANCAP,source_row,SanCap - VIM STATUS REPORT 2026-07-01 8.49 AM.xlsx:1104; Document ID=2954540
existing,SANCAP,source_row,SanCap - VIM STATUS REPORT 2026-07-01 8.49 AM.xlsx:1105; Document ID=2954542
existing,SANCAP,source_row,SanCap - VIM STATUS REPORT 2026-07-01 8.49 AM.xlsx:1106; Document ID=2954543
existing,SANCAP,source_row,SanCap - VIM STATUS REPORT 2026-07-01 8.49 AM.xlsx:1107; Document ID=2954544
existing,SANCAP,source_row,SanCap - VIM STATUS REPORT 2026-07-01 8.49 AM.xlsx:1108; Document ID=2954545
existing,SANCAP,source_row,SanCap - VIM STATUS REPORT 2026-07-01 8.49 AM.xlsx:1109; Document ID=2954546
existing,SANCAP,source_row,SanCap - VIM STATUS REPORT 2026-07-01 8.49 AM.xlsx:1110; Document ID=2954547
existing,SANCAP,source_row,SanCap - VIM STATUS REPORT 2026-07-01 8.49 AM.xlsx:1111; Document ID=2954548
existing,SANCAP,source_row,SanCap - VIM STATUS REPORT 2026-07-01 8.49 AM.xlsx:1112; Document ID=2954549
existing,SANCAP,source_row,SanCap - VIM STATUS REPORT 2026-07-01 8.49 AM.xlsx:1113; Document ID=2954550
existing,SANCAP,source_row,SanCap - VIM STATUS REPORT 2026-07-01 8.49 AM.xlsx:1114; Document ID=2954551
existing,SANCAP,source_row,SanCap - VIM STATUS REPORT 2026-07-01 8.49 AM.xlsx:1115; Document ID=2954658
existing,SANCAP,source_row,SanCap - VIM STATUS REPORT 2026-07-01 8.49 AM.xlsx:1116; Document ID=2954659
existing,SANCAP,source_row,SanCap - VIM STATUS REPORT 2026-07-01 8.49 AM.xlsx:1117; Document ID=2954660
existing,SANCAP,source_row,SanCap - VIM STATUS REPORT 2026-07-01 8.49 AM.xlsx:1118; Document ID=2836183
existing,SANCAP,source_row,SanCap - VIM STATUS REPORT 2026-07-01 8.49 AM.xlsx:1119; Document ID=2848649
existing,SANCAP,source_row,SanCap - VIM STATUS REPORT 2026-07-01 8.49 AM.xlsx:1120; Document ID=2909004
existing,SANCAP,source_row,SanCap - VIM STATUS REPORT 2026-07-01 8.49 AM.xlsx:1121; Document ID=2947008
existing,SANCAP,source_row,SanCap - VIM STATUS REPORT 2026-07-01 8.49 AM.xlsx:1122; Document ID=2951433
existing,SANCAP,source_row,SanCap - VIM STATUS REPORT 2026-07-01 8.49 AM.xlsx:1123; Document ID=2951450
existing,SANCAP,source_row,SanCap - VIM STATUS REPORT 2026-07-01 8.49 AM.xlsx:1124; Document ID=2951475
existing,SANCAP,source_row,SanCap - VIM STATUS REPORT 2026-07-01 8.49 AM.xlsx:1125; Document ID=2951582
existing,SANCAP,source_row,SanCap - VIM STATUS REPORT 2026-07-01 8.49 AM.xlsx:1126; Document ID=2951595
existing,SANCAP,source_row,SanCap - VIM STATUS REPORT 2026-07-01 8.49 AM.xlsx:1127; Document ID=2951619
existing,SANCAP,source_row,SanCap - VIM STATUS REPORT 2026-07-01 8.49 AM.xlsx:1128; Document ID=2951627
existing,SANCAP,source_row,SanCap - VIM STATUS REPORT 2026-07-01 8.49 AM.xlsx:1129; Document ID=2951635
existing,SANCAP,source_row,SanCap - VIM STATUS REPORT 2026-07-01 8.49 AM.xlsx:1130; Document ID=2951647
existing,SANCAP,source_row,SanCap - VIM STATUS REPORT 2026-07-01 8.49 AM.xlsx:1131; Document ID=2951652
existing,SANCAP,source_row,SanCap - VIM STATUS REPORT 2026-07-01 8.49 AM.xlsx:1132; Document ID=2953329
existing,SANCAP,source_row,SanCap - VIM STATUS REPORT 2026-07-01 8.49 AM.xlsx:1133; Document ID=2953602
existing,SANCAP,source_row,SanCap - VIM STATUS REPORT 2026-07-01 8.49 AM.xlsx:1134; Document ID=2942399
existing,SANCAP,source_row,SanCap - VIM STATUS REPORT 2026-07-01 8.49 AM.xlsx:1135; Document ID=2947026
existing,SANCAP,source_row,SanCap - VIM STATUS REPORT 2026-07-01 8.49 AM.xlsx:1136; Document ID=2949036
existing,SANCAP,source_row,SanCap - VIM STATUS REPORT 2026-07-01 8.49 AM.xlsx:1137; Document ID=2949244
existing,SANCAP,source_row,SanCap - VIM STATUS REPORT 2026-07-01 8.49 AM.xlsx:1138; Document ID=2949261
existing,SANCAP,source_row,SanCap - VIM STATUS REPORT 2026-07-01 8.49 AM.xlsx:1139; Document ID=2949267
existing,SANCAP,source_row,SanCap - VIM STATUS REPORT 2026-07-01 8.49 AM.xlsx:1140; Document ID=2949281
existing,SANCAP,source_row,SanCap - VIM STATUS REPORT 2026-07-01 8.49 AM.xlsx:1141; Document ID=2949310
existing,SANCAP,source_row,SanCap - VIM STATUS REPORT 2026-07-01 8.49 AM.xlsx:1142; Document ID=2949330
existing,SANCAP,source_row,SanCap - VIM STATUS REPORT 2026-07-01 8.49 AM.xlsx:1143; Document ID=2949345
existing,SANCAP,source_row,SanCap - VIM STATUS REPORT 2026-07-01 8.49 AM.xlsx:1144; Document ID=2950624
existing,SANCAP,source_row,SanCap - VIM STATUS REPORT 2026-07-01 8.49 AM.xlsx:1146; Document ID=2950924
existing,SANCAP,source_row,SanCap - VIM STATUS REPORT 2026-07-01 8.49 AM.xlsx:1148; Document ID=2951009
existing,SANCAP,source_row,SanCap - VIM STATUS REPORT 2026-07-01 8.49 AM.xlsx:1149; Document ID=2951054
existing,SANCAP,source_row,SanCap - VIM STATUS REPORT 2026-07-01 8.49 AM.xlsx:1150; Document ID=2951058
existing,SANCAP,source_row,SanCap - VIM STATUS REPORT 2026-07-01 8.49 AM.xlsx:1151; Document ID=2951079
existing,SANCAP,source_row,SanCap - VIM STATUS REPORT 2026-07-01 8.49 AM.xlsx:1152; Document ID=2951085
existing,SANCAP,source_row,SanCap - VIM STATUS REPORT 2026-07-01 8.49 AM.xlsx:1153; Document ID=2951093
existing,SANCAP,source_row,SanCap - VIM STATUS REPORT 2026-07-01 8.49 AM.xlsx:1154; Document ID=2951345
existing,SANCAP,source_row,SanCap - VIM STATUS REPORT 2026-07-01 8.49 AM.xlsx:1155; Document ID=2951359
existing,SANCAP,source_row,SanCap - VIM STATUS REPORT 2026-07-01 8.49 AM.xlsx:1156; Document ID=2951381
existing,SANCAP,source_row,SanCap - VIM STATUS REPORT 2026-07-01 8.49 AM.xlsx:1157; Document ID=2951523
existing,SANCAP,source_row,SanCap - VIM STATUS REPORT 2026-07-01 8.49 AM.xlsx:1158; Document ID=2951548
existing,SANCAP,source_row,SanCap - VIM STATUS REPORT 2026-07-01 8.49 AM.xlsx:1160; Document ID=2660791
existing,SANCAP,source_row,SanCap - VIM STATUS REPORT 2026-07-01 8.49 AM.xlsx:1161; Document ID=2896087
existing,SANCAP,source_row,SanCap - VIM STATUS REPORT 2026-07-01 8.49 AM.xlsx:1162; Document ID=2919563
existing,SANCAP,source_row,SanCap - VIM STATUS REPORT 2026-07-01 8.49 AM.xlsx:1163; Document ID=2938789
existing,SANCAP,source_row,SanCap - VIM STATUS REPORT 2026-07-01 8.49 AM.xlsx:1164; Document ID=2939637
existing,SANCAP,source_row,SanCap - VIM STATUS REPORT 2026-07-01 8.49 AM.xlsx:1165; Document ID=2939950
existing,SANCAP,source_row,SanCap - VIM STATUS REPORT 2026-07-01 8.49 AM.xlsx:1166; Document ID=2945507
existing,SANCAP,source_row,SanCap - VIM STATUS REPORT 2026-07-01 8.49 AM.xlsx:1167; Document ID=2945583
existing,SANCAP,source_row,SanCap - VIM STATUS REPORT 2026-07-01 8.49 AM.xlsx:1168; Document ID=2945781
existing,SANCAP,source_row,SanCap - VIM STATUS REPORT 2026-07-01 8.49 AM.xlsx:1169; Document ID=2945881
existing,SANCAP,source_row,SanCap - VIM STATUS REPORT 2026-07-01 8.49 AM.xlsx:1170; Document ID=2945984
existing,SANCAP,source_row,SanCap - VIM STATUS REPORT 2026-07-01 8.49 AM.xlsx:1171; Document ID=2945993
existing,SANCAP,source_row,SanCap - VIM STATUS REPORT 2026-07-01 8.49 AM.xlsx:1172; Document ID=2945998
existing,SANCAP,source_row,SanCap - VIM STATUS REPORT 2026-07-01 8.49 AM.xlsx:1173; Document ID=2946011
existing,SANCAP,source_row,SanCap - VIM STATUS REPORT 2026-07-01 8.49 AM.xlsx:1174; Document ID=2946024
existing,SANCAP,source_row,SanCap - VIM STATUS REPORT 2026-07-01 8.49 AM.xlsx:1175; Document ID=2946077
existing,SANCAP,source_row,SanCap - VIM STATUS REPORT 2026-07-01 8.49 AM.xlsx:1176; Document ID=2946086
existing,SANCAP,source_row,SanCap - VIM STATUS REPORT 2026-07-01 8.49 AM.xlsx:1177; Document ID=2946101
existing,SANCAP,source_row,SanCap - VIM STATUS REPORT 2026-07-01 8.49 AM.xlsx:1178; Document ID=2946112
existing,SANCAP,source_row,SanCap - VIM STATUS REPORT 2026-07-01 8.49 AM.xlsx:1179; Document ID=2946151
existing,SANCAP,source_row,SanCap - VIM STATUS REPORT 2026-07-01 8.49 AM.xlsx:1180; Document ID=2946236
existing,SANCAP,source_row,SanCap - VIM STATUS REPORT 2026-07-01 8.49 AM.xlsx:1181; Document ID=2946242
existing,SANCAP,source_row,SanCap - VIM STATUS REPORT 2026-07-01 8.49 AM.xlsx:1183; Document ID=2946369
existing,SANCAP,source_row,SanCap - VIM STATUS REPORT 2026-07-01 8.49 AM.xlsx:1184; Document ID=2946376
existing,SANCAP,source_row,SanCap - VIM STATUS REPORT 2026-07-01 8.49 AM.xlsx:1185; Document ID=2946386
existing,SANCAP,source_row,SanCap - VIM STATUS REPORT 2026-07-01 8.49 AM.xlsx:1186; Document ID=2946389
existing,SANCAP,source_row,SanCap - VIM STATUS REPORT 2026-07-01 8.49 AM.xlsx:1187; Document ID=2946759
existing,SANCAP,source_row,SanCap - VIM STATUS REPORT 2026-07-01 8.49 AM.xlsx:1188; Document ID=2946763
existing,SANCAP,source_row,SanCap - VIM STATUS REPORT 2026-07-01 8.49 AM.xlsx:1189; Document ID=2946769
existing,SANCAP,source_row,SanCap - VIM STATUS REPORT 2026-07-01 8.49 AM.xlsx:1190; Document ID=2946777
existing,SANCAP,source_row,SanCap - VIM STATUS REPORT 2026-07-01 8.49 AM.xlsx:1191; Document ID=2946797
existing,SANCAP,source_row,SanCap - VIM STATUS REPORT 2026-07-01 8.49 AM.xlsx:1192; Document ID=2946803
existing,SANCAP,source_row,SanCap - VIM STATUS REPORT 2026-07-01 8.49 AM.xlsx:1193; Document ID=2946828
existing,SANCAP,source_row,SanCap - VIM STATUS REPORT 2026-07-01 8.49 AM.xlsx:1194; Document ID=2946836
existing,SANCAP,source_row,SanCap - VIM STATUS REPORT 2026-07-01 8.49 AM.xlsx:1195; Document ID=2946843
existing,SANCAP,source_row,SanCap - VIM STATUS REPORT 2026-07-01 8.49 AM.xlsx:1196; Document ID=2946920
existing,SANCAP,source_row,SanCap - VIM STATUS REPORT 2026-07-01 8.49 AM.xlsx:1197; Document ID=2946968
existing,SANCAP,source_row,SanCap - VIM STATUS REPORT 2026-07-01 8.49 AM.xlsx:1198; Document ID=2946997
existing,SANCAP,source_row,SanCap - VIM STATUS REPORT 2026-07-01 8.49 AM.xlsx:1199; Document ID=2947003
existing,SANCAP,source_row,SanCap - VIM STATUS REPORT 2026-07-01 8.49 AM.xlsx:1200; Document ID=2947103
existing,SANCAP,source_row,SanCap - VIM STATUS REPORT 2026-07-01 8.49 AM.xlsx:1203; Document ID=2948397
existing,SANCAP,source_row,SanCap - VIM STATUS REPORT 2026-07-01 8.49 AM.xlsx:1204; Document ID=2948513
existing,SANCAP,source_row,SanCap - VIM STATUS REPORT 2026-07-01 8.49 AM.xlsx:1205; Document ID=2948539
existing,SANCAP,source_row,SanCap - VIM STATUS REPORT 2026-07-01 8.49 AM.xlsx:1206; Document ID=2948670
existing,SANCAP,source_row,SanCap - VIM STATUS REPORT 2026-07-01 8.49 AM.xlsx:1207; Document ID=2948687
existing,SANCAP,source_row,SanCap - VIM STATUS REPORT 2026-07-01 8.49 AM.xlsx:1208; Document ID=2948695
existing,SANCAP,source_row,SanCap - VIM STATUS REPORT 2026-07-01 8.49 AM.xlsx:1209; Document ID=2948713
existing,SANCAP,source_row,SanCap - VIM STATUS REPORT 2026-07-01 8.49 AM.xlsx:1210; Document ID=2948724
existing,SANCAP,source_row,SanCap - VIM STATUS REPORT 2026-07-01 8.49 AM.xlsx:1211; Document ID=2948728
existing,SANCAP,source_row,SanCap - VIM STATUS REPORT 2026-07-01 8.49 AM.xlsx:1212; Document ID=2948731
existing,SANCAP,source_row,SanCap - VIM STATUS REPORT 2026-07-01 8.49 AM.xlsx:1213; Document ID=2948734
existing,SANCAP,source_row,SanCap - VIM STATUS REPORT 2026-07-01 8.49 AM.xlsx:1214; Document ID=2948736
existing,SANCAP,source_row,SanCap - VIM STATUS REPORT 2026-07-01 8.49 AM.xlsx:1215; Document ID=2948741
existing,SANCAP,source_row,SanCap - VIM STATUS REPORT 2026-07-01 8.49 AM.xlsx:1216; Document ID=2948745
existing,SANCAP,source_row,SanCap - VIM STATUS REPORT 2026-07-01 8.49 AM.xlsx:1217; Document ID=2948753
existing,SANCAP,source_row,SanCap - VIM STATUS REPORT 2026-07-01 8.49 AM.xlsx:1218; Document ID=2948789
existing,SANCAP,source_row,SanCap - VIM STATUS REPORT 2026-07-01 8.49 AM.xlsx:1219; Document ID=2942308
existing,SANCAP,source_row,SanCap - VIM STATUS REPORT 2026-07-01 8.49 AM.xlsx:1220; Document ID=2945472
existing,SANCAP,source_row,SanCap - VIM STATUS REPORT 2026-07-01 8.49 AM.xlsx:1221; Document ID=2945495
existing,SANCAP,source_row,SanCap - VIM STATUS REPORT 2026-07-01 8.49 AM.xlsx:1222; Document ID=2945510
existing,SANCAP,source_row,SanCap - VIM STATUS REPORT 2026-07-01 8.49 AM.xlsx:1223; Document ID=2945533
existing,SANCAP,source_row,SanCap - VIM STATUS REPORT 2026-07-01 8.49 AM.xlsx:1224; Document ID=2945541
existing,SANCAP,source_row,SanCap - VIM STATUS REPORT 2026-07-01 8.49 AM.xlsx:1225; Document ID=2945564
existing,SANCAP,source_row,SanCap - VIM STATUS REPORT 2026-07-01 8.49 AM.xlsx:1226; Document ID=2945692
existing,SANCAP,source_row,SanCap - VIM STATUS REPORT 2026-07-01 8.49 AM.xlsx:1227; Document ID=2945741
existing,SANCAP,source_row,SanCap - VIM STATUS REPORT 2026-07-01 8.49 AM.xlsx:1228; Document ID=2945760
existing,SANCAP,source_row,SanCap - VIM STATUS REPORT 2026-07-01 8.49 AM.xlsx:1229; Document ID=2945783
existing,SANCAP,source_row,SanCap - VIM STATUS REPORT 2026-07-01 8.49 AM.xlsx:1230; Document ID=2946035
existing,SANCAP,source_row,SanCap - VIM STATUS REPORT 2026-07-01 8.49 AM.xlsx:1231; Document ID=2946083
existing,SANCAP,source_row,SanCap - VIM STATUS REPORT 2026-07-01 8.49 AM.xlsx:1232; Document ID=2946097
existing,SANCAP,source_row,SanCap - VIM STATUS REPORT 2026-07-01 8.49 AM.xlsx:1233; Document ID=2946117
existing,SANCAP,source_row,SanCap - VIM STATUS REPORT 2026-07-01 8.49 AM.xlsx:1234; Document ID=2946130
existing,SANCAP,source_row,SanCap - VIM STATUS REPORT 2026-07-01 8.49 AM.xlsx:1235; Document ID=2946238
existing,SANCAP,source_row,SanCap - VIM STATUS REPORT 2026-07-01 8.49 AM.xlsx:1236; Document ID=2946301
existing,SANCAP,source_row,SanCap - VIM STATUS REPORT 2026-07-01 8.49 AM.xlsx:1237; Document ID=2946339
existing,SANCAP,source_row,SanCap - VIM STATUS REPORT 2026-07-01 8.49 AM.xlsx:1238; Document ID=2946371
existing,SANCAP,source_row,SanCap - VIM STATUS REPORT 2026-07-01 8.49 AM.xlsx:1239; Document ID=2946374
existing,SANCAP,source_row,SanCap - VIM STATUS REPORT 2026-07-01 8.49 AM.xlsx:1240; Document ID=2946378
existing,SANCAP,source_row,SanCap - VIM STATUS REPORT 2026-07-01 8.49 AM.xlsx:1242; Document ID=2946822
existing,SANCAP,source_row,SanCap - VIM STATUS REPORT 2026-07-01 8.49 AM.xlsx:1245; Document ID=2922318
existing,SANCAP,source_row,SanCap - VIM STATUS REPORT 2026-07-01 8.49 AM.xlsx:1246; Document ID=2922371
existing,SANCAP,source_row,SanCap - VIM STATUS REPORT 2026-07-01 8.49 AM.xlsx:1247; Document ID=2922384
existing,SANCAP,source_row,SanCap - VIM STATUS REPORT 2026-07-01 8.49 AM.xlsx:1248; Document ID=2922398
existing,SANCAP,source_row,SanCap - VIM STATUS REPORT 2026-07-01 8.49 AM.xlsx:1249; Document ID=2929599
existing,SANCAP,source_row,SanCap - VIM STATUS REPORT 2026-07-01 8.49 AM.xlsx:1250; Document ID=2929628
existing,SANCAP,source_row,SanCap - VIM STATUS REPORT 2026-07-01 8.49 AM.xlsx:1251; Document ID=2936574
existing,SANCAP,source_row,SanCap - VIM STATUS REPORT 2026-07-01 8.49 AM.xlsx:1252; Document ID=2939097
existing,SANCAP,source_row,SanCap - VIM STATUS REPORT 2026-07-01 8.49 AM.xlsx:1253; Document ID=2939130
existing,SANCAP,source_row,SanCap - VIM STATUS REPORT 2026-07-01 8.49 AM.xlsx:1254; Document ID=2939193
existing,SANCAP,source_row,SanCap - VIM STATUS REPORT 2026-07-01 8.49 AM.xlsx:1255; Document ID=2939208
existing,SANCAP,source_row,SanCap - VIM STATUS REPORT 2026-07-01 8.49 AM.xlsx:1256; Document ID=2942265
existing,SANCAP,source_row,SanCap - VIM STATUS REPORT 2026-07-01 8.49 AM.xlsx:1258; Document ID=2942373
existing,SANCAP,source_row,SanCap - VIM STATUS REPORT 2026-07-01 8.49 AM.xlsx:1259; Document ID=2942385
existing,SANCAP,source_row,SanCap - VIM STATUS REPORT 2026-07-01 8.49 AM.xlsx:1260; Document ID=2942387
existing,SANCAP,source_row,SanCap - VIM STATUS REPORT 2026-07-01 8.49 AM.xlsx:1261; Document ID=2942389
existing,SANCAP,source_row,SanCap - VIM STATUS REPORT 2026-07-01 8.49 AM.xlsx:1262; Document ID=2942395
existing,SANCAP,source_row,SanCap - VIM STATUS REPORT 2026-07-01 8.49 AM.xlsx:1264; Document ID=2943195
existing,SANCAP,source_row,SanCap - VIM STATUS REPORT 2026-07-01 8.49 AM.xlsx:1265; Document ID=2943229
existing,SANCAP,source_row,SanCap - VIM STATUS REPORT 2026-07-01 8.49 AM.xlsx:1266; Document ID=2943478
existing,SANCAP,source_row,SanCap - VIM STATUS REPORT 2026-07-01 8.49 AM.xlsx:1267; Document ID=2870309
existing,SANCAP,source_row,SanCap - VIM STATUS REPORT 2026-07-01 8.49 AM.xlsx:1268; Document ID=2934547
existing,SANCAP,source_row,SanCap - VIM STATUS REPORT 2026-07-01 8.49 AM.xlsx:1269; Document ID=2936087
existing,SANCAP,source_row,SanCap - VIM STATUS REPORT 2026-07-01 8.49 AM.xlsx:1270; Document ID=2936397
existing,SANCAP,source_row,SanCap - VIM STATUS REPORT 2026-07-01 8.49 AM.xlsx:1271; Document ID=2936560
existing,SANCAP,source_row,SanCap - VIM STATUS REPORT 2026-07-01 8.49 AM.xlsx:1272; Document ID=2936567
existing,SANCAP,source_row,SanCap - VIM STATUS REPORT 2026-07-01 8.49 AM.xlsx:1273; Document ID=2936576
existing,SANCAP,source_row,SanCap - VIM STATUS REPORT 2026-07-01 8.49 AM.xlsx:1274; Document ID=2936582
existing,SANCAP,source_row,SanCap - VIM STATUS REPORT 2026-07-01 8.49 AM.xlsx:1275; Document ID=2936616
existing,SANCAP,source_row,SanCap - VIM STATUS REPORT 2026-07-01 8.49 AM.xlsx:1276; Document ID=2937154
existing,SANCAP,source_row,SanCap - VIM STATUS REPORT 2026-07-01 8.49 AM.xlsx:1277; Document ID=2937236
existing,SANCAP,source_row,SanCap - VIM STATUS REPORT 2026-07-01 8.49 AM.xlsx:1278; Document ID=2937266
existing,SANCAP,source_row,SanCap - VIM STATUS REPORT 2026-07-01 8.49 AM.xlsx:1280; Document ID=2939240
existing,SANCAP,source_row,SanCap - VIM STATUS REPORT 2026-07-01 8.49 AM.xlsx:1284; Document ID=2927110
existing,SANCAP,source_row,SanCap - VIM STATUS REPORT 2026-07-01 8.49 AM.xlsx:1285; Document ID=2930693
existing,SANCAP,source_row,SanCap - VIM STATUS REPORT 2026-07-01 8.49 AM.xlsx:1286; Document ID=2930886
existing,SANCAP,source_row,SanCap - VIM STATUS REPORT 2026-07-01 8.49 AM.xlsx:1287; Document ID=2933670
existing,SANCAP,source_row,SanCap - VIM STATUS REPORT 2026-07-01 8.49 AM.xlsx:1288; Document ID=2933725
existing,SANCAP,source_row,SanCap - VIM STATUS REPORT 2026-07-01 8.49 AM.xlsx:1289; Document ID=2933823
existing,SANCAP,source_row,SanCap - VIM STATUS REPORT 2026-07-01 8.49 AM.xlsx:1290; Document ID=2933826
existing,SANCAP,source_row,SanCap - VIM STATUS REPORT 2026-07-01 8.49 AM.xlsx:1291; Document ID=2934596
existing,SANCAP,source_row,SanCap - VIM STATUS REPORT 2026-07-01 8.49 AM.xlsx:1293; Document ID=2936109
existing,SANCAP,source_row,SanCap - VIM STATUS REPORT 2026-07-01 8.49 AM.xlsx:1295; Document ID=2936273
existing,SANCAP,source_row,SanCap - VIM STATUS REPORT 2026-07-01 8.49 AM.xlsx:1296; Document ID=2936291
existing,SANCAP,source_row,SanCap - VIM STATUS REPORT 2026-07-01 8.49 AM.xlsx:1298; Document ID=2936409
existing,SANCAP,source_row,SanCap - VIM STATUS REPORT 2026-07-01 8.49 AM.xlsx:1299; Document ID=2936422
existing,SANCAP,source_row,SanCap - VIM STATUS REPORT 2026-07-01 8.49 AM.xlsx:1300; Document ID=2936591
existing,SANCAP,source_row,SanCap - VIM STATUS REPORT 2026-07-01 8.49 AM.xlsx:1302; Document ID=2930783
existing,SANCAP,source_row,SanCap - VIM STATUS REPORT 2026-07-01 8.49 AM.xlsx:1303; Document ID=2930821
existing,SANCAP,source_row,SanCap - VIM STATUS REPORT 2026-07-01 8.49 AM.xlsx:1304; Document ID=2930893
existing,SANCAP,source_row,SanCap - VIM STATUS REPORT 2026-07-01 8.49 AM.xlsx:1305; Document ID=2930896
existing,SANCAP,source_row,SanCap - VIM STATUS REPORT 2026-07-01 8.49 AM.xlsx:1306; Document ID=2930900
existing,SANCAP,source_row,SanCap - VIM STATUS REPORT 2026-07-01 8.49 AM.xlsx:1307; Document ID=2933471
existing,SANCAP,source_row,SanCap - VIM STATUS REPORT 2026-07-01 8.49 AM.xlsx:1308; Document ID=2933647
existing,SANCAP,source_row,SanCap - VIM STATUS REPORT 2026-07-01 8.49 AM.xlsx:1310; Document ID=2933844
existing,SANCAP,source_row,SanCap - VIM STATUS REPORT 2026-07-01 8.49 AM.xlsx:1311; Document ID=2933884
existing,SANCAP,source_row,SanCap - VIM STATUS REPORT 2026-07-01 8.49 AM.xlsx:1312; Document ID=2934030
existing,SANCAP,source_row,SanCap - VIM STATUS REPORT 2026-07-01 8.49 AM.xlsx:1313; Document ID=2934042
existing,SANCAP,source_row,SanCap - VIM STATUS REPORT 2026-07-01 8.49 AM.xlsx:1314; Document ID=2934053
existing,SANCAP,source_row,SanCap - VIM STATUS REPORT 2026-07-01 8.49 AM.xlsx:1316; Document ID=2879927
existing,SANCAP,source_row,SanCap - VIM STATUS REPORT 2026-07-01 8.49 AM.xlsx:1317; Document ID=2900984
existing,SANCAP,source_row,SanCap - VIM STATUS REPORT 2026-07-01 8.49 AM.xlsx:1318; Document ID=2910971
existing,SANCAP,source_row,SanCap - VIM STATUS REPORT 2026-07-01 8.49 AM.xlsx:1319; Document ID=2913549
existing,SANCAP,source_row,SanCap - VIM STATUS REPORT 2026-07-01 8.49 AM.xlsx:1320; Document ID=2918327
existing,SANCAP,source_row,SanCap - VIM STATUS REPORT 2026-07-01 8.49 AM.xlsx:1321; Document ID=2918923
existing,SANCAP,source_row,SanCap - VIM STATUS REPORT 2026-07-01 8.49 AM.xlsx:1322; Document ID=2923815
existing,SANCAP,source_row,SanCap - VIM STATUS REPORT 2026-07-01 8.49 AM.xlsx:1323; Document ID=2927047
existing,SANCAP,source_row,SanCap - VIM STATUS REPORT 2026-07-01 8.49 AM.xlsx:1324; Document ID=2927138
existing,SANCAP,source_row,SanCap - VIM STATUS REPORT 2026-07-01 8.49 AM.xlsx:1325; Document ID=2927153
existing,SANCAP,source_row,SanCap - VIM STATUS REPORT 2026-07-01 8.49 AM.xlsx:1326; Document ID=2929416
existing,SANCAP,source_row,SanCap - VIM STATUS REPORT 2026-07-01 8.49 AM.xlsx:1327; Document ID=2929501
existing,SANCAP,source_row,SanCap - VIM STATUS REPORT 2026-07-01 8.49 AM.xlsx:1328; Document ID=2929539
existing,SANCAP,source_row,SanCap - VIM STATUS REPORT 2026-07-01 8.49 AM.xlsx:1329; Document ID=2929670
existing,SANCAP,source_row,SanCap - VIM STATUS REPORT 2026-07-01 8.49 AM.xlsx:1330; Document ID=2929841
existing,SANCAP,source_row,SanCap - VIM STATUS REPORT 2026-07-01 8.49 AM.xlsx:1331; Document ID=2930244
existing,SANCAP,source_row,SanCap - VIM STATUS REPORT 2026-07-01 8.49 AM.xlsx:1332; Document ID=2930248
existing,SANCAP,source_row,SanCap - VIM STATUS REPORT 2026-07-01 8.49 AM.xlsx:1333; Document ID=2908989
existing,SANCAP,source_row,SanCap - VIM STATUS REPORT 2026-07-01 8.49 AM.xlsx:1334; Document ID=2909027
existing,SANCAP,source_row,SanCap - VIM STATUS REPORT 2026-07-01 8.49 AM.xlsx:1335; Document ID=2909066
existing,SANCAP,source_row,SanCap - VIM STATUS REPORT 2026-07-01 8.49 AM.xlsx:1336; Document ID=2922374
existing,SANCAP,source_row,SanCap - VIM STATUS REPORT 2026-07-01 8.49 AM.xlsx:1337; Document ID=2923741
existing,SANCAP,source_row,SanCap - VIM STATUS REPORT 2026-07-01 8.49 AM.xlsx:1338; Document ID=2820264
existing,SANCAP,source_row,SanCap - VIM STATUS REPORT 2026-07-01 8.49 AM.xlsx:1339; Document ID=2852384
existing,SANCAP,source_row,SanCap - VIM STATUS REPORT 2026-07-01 8.49 AM.xlsx:1340; Document ID=2867249
existing,SANCAP,source_row,SanCap - VIM STATUS REPORT 2026-07-01 8.49 AM.xlsx:1341; Document ID=2910912
existing,SANCAP,source_row,SanCap - VIM STATUS REPORT 2026-07-01 8.49 AM.xlsx:1342; Document ID=2919773
existing,SANCAP,source_row,SanCap - VIM STATUS REPORT 2026-07-01 8.49 AM.xlsx:1344; Document ID=2922368
existing,SANCAP,source_row,SanCap - VIM STATUS REPORT 2026-07-01 8.49 AM.xlsx:1345; Document ID=2924156
existing,SANCAP,source_row,SanCap - VIM STATUS REPORT 2026-07-01 8.49 AM.xlsx:1346; Document ID=2924157
existing,SANCAP,source_row,SanCap - VIM STATUS REPORT 2026-07-01 8.49 AM.xlsx:1347; Document ID=2796656
existing,SANCAP,source_row,SanCap - VIM STATUS REPORT 2026-07-01 8.49 AM.xlsx:1349; Document ID=2867058
existing,SANCAP,source_row,SanCap - VIM STATUS REPORT 2026-07-01 8.49 AM.xlsx:1350; Document ID=2901130
existing,SANCAP,source_row,SanCap - VIM STATUS REPORT 2026-07-01 8.49 AM.xlsx:1351; Document ID=2914795
existing,SANCAP,source_row,SanCap - VIM STATUS REPORT 2026-07-01 8.49 AM.xlsx:1352; Document ID=2914885
existing,SANCAP,source_row,SanCap - VIM STATUS REPORT 2026-07-01 8.49 AM.xlsx:1353; Document ID=2914942
existing,SANCAP,source_row,SanCap - VIM STATUS REPORT 2026-07-01 8.49 AM.xlsx:1354; Document ID=2915030
existing,SANCAP,source_row,SanCap - VIM STATUS REPORT 2026-07-01 8.49 AM.xlsx:1355; Document ID=2915322
existing,SANCAP,source_row,SanCap - VIM STATUS REPORT 2026-07-01 8.49 AM.xlsx:1356; Document ID=2915337
existing,SANCAP,source_row,SanCap - VIM STATUS REPORT 2026-07-01 8.49 AM.xlsx:1357; Document ID=2917731
existing,SANCAP,source_row,SanCap - VIM STATUS REPORT 2026-07-01 8.49 AM.xlsx:1358; Document ID=2917775
existing,SANCAP,source_row,SanCap - VIM STATUS REPORT 2026-07-01 8.49 AM.xlsx:1359; Document ID=2917958
existing,SANCAP,source_row,SanCap - VIM STATUS REPORT 2026-07-01 8.49 AM.xlsx:1361; Document ID=2918502
existing,SANCAP,source_row,SanCap - VIM STATUS REPORT 2026-07-01 8.49 AM.xlsx:1365; Document ID=2869491
existing,SANCAP,source_row,SanCap - VIM STATUS REPORT 2026-07-01 8.49 AM.xlsx:1366; Document ID=2879172
existing,SANCAP,source_row,SanCap - VIM STATUS REPORT 2026-07-01 8.49 AM.xlsx:1367; Document ID=2895331
existing,SANCAP,source_row,SanCap - VIM STATUS REPORT 2026-07-01 8.49 AM.xlsx:1368; Document ID=2895473
existing,SANCAP,source_row,SanCap - VIM STATUS REPORT 2026-07-01 8.49 AM.xlsx:1369; Document ID=2900930
existing,SANCAP,source_row,SanCap - VIM STATUS REPORT 2026-07-01 8.49 AM.xlsx:1370; Document ID=2901008
existing,SANCAP,source_row,SanCap - VIM STATUS REPORT 2026-07-01 8.49 AM.xlsx:1371; Document ID=2901234
existing,SANCAP,source_row,SanCap - VIM STATUS REPORT 2026-07-01 8.49 AM.xlsx:1372; Document ID=2910503
existing,SANCAP,source_row,SanCap - VIM STATUS REPORT 2026-07-01 8.49 AM.xlsx:1373; Document ID=2910544
existing,SANCAP,source_row,SanCap - VIM STATUS REPORT 2026-07-01 8.49 AM.xlsx:1374; Document ID=2910940
existing,SANCAP,source_row,SanCap - VIM STATUS REPORT 2026-07-01 8.49 AM.xlsx:1375; Document ID=2910989
existing,SANCAP,source_row,SanCap - VIM STATUS REPORT 2026-07-01 8.49 AM.xlsx:1376; Document ID=2912911
existing,SANCAP,source_row,SanCap - VIM STATUS REPORT 2026-07-01 8.49 AM.xlsx:1377; Document ID=2913077
existing,SANCAP,source_row,SanCap - VIM STATUS REPORT 2026-07-01 8.49 AM.xlsx:1378; Document ID=2913124
existing,SANCAP,source_row,SanCap - VIM STATUS REPORT 2026-07-01 8.49 AM.xlsx:1379; Document ID=2913188
existing,SANCAP,source_row,SanCap - VIM STATUS REPORT 2026-07-01 8.49 AM.xlsx:1380; Document ID=2913270
existing,SANCAP,source_row,SanCap - VIM STATUS REPORT 2026-07-01 8.49 AM.xlsx:1381; Document ID=2913606
existing,SANCAP,source_row,SanCap - VIM STATUS REPORT 2026-07-01 8.49 AM.xlsx:1382; Document ID=2913620
existing,SANCAP,source_row,SanCap - VIM STATUS REPORT 2026-07-01 8.49 AM.xlsx:1383; Document ID=2913677
existing,SANCAP,source_row,SanCap - VIM STATUS REPORT 2026-07-01 8.49 AM.xlsx:1384; Document ID=2913691
existing,SANCAP,source_row,SanCap - VIM STATUS REPORT 2026-07-01 8.49 AM.xlsx:1385; Document ID=2913747
existing,SANCAP,source_row,SanCap - VIM STATUS REPORT 2026-07-01 8.49 AM.xlsx:1386; Document ID=2913793
existing,SANCAP,source_row,SanCap - VIM STATUS REPORT 2026-07-01 8.49 AM.xlsx:1387; Document ID=2913917
existing,SANCAP,source_row,SanCap - VIM STATUS REPORT 2026-07-01 8.49 AM.xlsx:1388; Document ID=2913918
existing,SANCAP,source_row,SanCap - VIM STATUS REPORT 2026-07-01 8.49 AM.xlsx:1389; Document ID=2913920
existing,SANCAP,source_row,SanCap - VIM STATUS REPORT 2026-07-01 8.49 AM.xlsx:1390; Document ID=2913921
existing,SANCAP,source_row,SanCap - VIM STATUS REPORT 2026-07-01 8.49 AM.xlsx:1391; Document ID=2913922
existing,SANCAP,source_row,SanCap - VIM STATUS REPORT 2026-07-01 8.49 AM.xlsx:1392; Document ID=2913923
existing,SANCAP,source_row,SanCap - VIM STATUS REPORT 2026-07-01 8.49 AM.xlsx:1393; Document ID=2913924
existing,SANCAP,source_row,SanCap - VIM STATUS REPORT 2026-07-01 8.49 AM.xlsx:1394; Document ID=2913925
existing,SANCAP,source_row,SanCap - VIM STATUS REPORT 2026-07-01 8.49 AM.xlsx:1395; Document ID=2913926
existing,SANCAP,source_row,SanCap - VIM STATUS REPORT 2026-07-01 8.49 AM.xlsx:1396; Document ID=2913927
existing,SANCAP,source_row,SanCap - VIM STATUS REPORT 2026-07-01 8.49 AM.xlsx:1397; Document ID=2913928
existing,SANCAP,source_row,SanCap - VIM STATUS REPORT 2026-07-01 8.49 AM.xlsx:1398; Document ID=2913929
existing,SANCAP,source_row,SanCap - VIM STATUS REPORT 2026-07-01 8.49 AM.xlsx:1399; Document ID=2913930
existing,SANCAP,source_row,SanCap - VIM STATUS REPORT 2026-07-01 8.49 AM.xlsx:1400; Document ID=2913931
existing,SANCAP,source_row,SanCap - VIM STATUS REPORT 2026-07-01 8.49 AM.xlsx:1401; Document ID=2913932
existing,SANCAP,source_row,SanCap - VIM STATUS REPORT 2026-07-01 8.49 AM.xlsx:1402; Document ID=2913971
existing,SANCAP,source_row,SanCap - VIM STATUS REPORT 2026-07-01 8.49 AM.xlsx:1403; Document ID=2914507
existing,SANCAP,source_row,SanCap - VIM STATUS REPORT 2026-07-01 8.49 AM.xlsx:1405; Document ID=2829398
existing,SANCAP,source_row,SanCap - VIM STATUS REPORT 2026-07-01 8.49 AM.xlsx:1406; Document ID=2830160
existing,SANCAP,source_row,SanCap - VIM STATUS REPORT 2026-07-01 8.49 AM.xlsx:1407; Document ID=2836561
existing,SANCAP,source_row,SanCap - VIM STATUS REPORT 2026-07-01 8.49 AM.xlsx:1408; Document ID=2879545
existing,SANCAP,source_row,SanCap - VIM STATUS REPORT 2026-07-01 8.49 AM.xlsx:1409; Document ID=2890880
existing,SANCAP,source_row,SanCap - VIM STATUS REPORT 2026-07-01 8.49 AM.xlsx:1410; Document ID=2891482
existing,SANCAP,source_row,SanCap - VIM STATUS REPORT 2026-07-01 8.49 AM.xlsx:1411; Document ID=2895691
existing,SANCAP,source_row,SanCap - VIM STATUS REPORT 2026-07-01 8.49 AM.xlsx:1412; Document ID=2897081
existing,SANCAP,source_row,SanCap - VIM STATUS REPORT 2026-07-01 8.49 AM.xlsx:1413; Document ID=2897097
existing,SANCAP,source_row,SanCap - VIM STATUS REPORT 2026-07-01 8.49 AM.xlsx:1415; Document ID=2900172
existing,SANCAP,source_row,SanCap - VIM STATUS REPORT 2026-07-01 8.49 AM.xlsx:1416; Document ID=2900862
existing,SANCAP,source_row,SanCap - VIM STATUS REPORT 2026-07-01 8.49 AM.xlsx:1417; Document ID=2900958
existing,SANCAP,source_row,SanCap - VIM STATUS REPORT 2026-07-01 8.49 AM.xlsx:1418; Document ID=2901000
existing,SANCAP,source_row,SanCap - VIM STATUS REPORT 2026-07-01 8.49 AM.xlsx:1419; Document ID=2901018
existing,SANCAP,source_row,SanCap - VIM STATUS REPORT 2026-07-01 8.49 AM.xlsx:1420; Document ID=2901152
existing,SANCAP,source_row,SanCap - VIM STATUS REPORT 2026-07-01 8.49 AM.xlsx:1421; Document ID=2901401
existing,SANCAP,source_row,SanCap - VIM STATUS REPORT 2026-07-01 8.49 AM.xlsx:1422; Document ID=2901871
existing,SANCAP,source_row,SanCap - VIM STATUS REPORT 2026-07-01 8.49 AM.xlsx:1423; Document ID=2901877
existing,SANCAP,source_row,SanCap - VIM STATUS REPORT 2026-07-01 8.49 AM.xlsx:1424; Document ID=2908695
existing,SANCAP,source_row,SanCap - VIM STATUS REPORT 2026-07-01 8.49 AM.xlsx:1425; Document ID=2908708
existing,SANCAP,source_row,SanCap - VIM STATUS REPORT 2026-07-01 8.49 AM.xlsx:1426; Document ID=2908990
existing,SANCAP,source_row,SanCap - VIM STATUS REPORT 2026-07-01 8.49 AM.xlsx:1427; Document ID=2909007
existing,SANCAP,source_row,SanCap - VIM STATUS REPORT 2026-07-01 8.49 AM.xlsx:1428; Document ID=2909026
existing,SANCAP,source_row,SanCap - VIM STATUS REPORT 2026-07-01 8.49 AM.xlsx:1429; Document ID=2909037
existing,SANCAP,source_row,SanCap - VIM STATUS REPORT 2026-07-01 8.49 AM.xlsx:1430; Document ID=2909052
existing,SANCAP,source_row,SanCap - VIM STATUS REPORT 2026-07-01 8.49 AM.xlsx:1431; Document ID=2909056
existing,SANCAP,source_row,SanCap - VIM STATUS REPORT 2026-07-01 8.49 AM.xlsx:1432; Document ID=2909071
existing,SANCAP,source_row,SanCap - VIM STATUS REPORT 2026-07-01 8.49 AM.xlsx:1433; Document ID=2909082
existing,SANCAP,source_row,SanCap - VIM STATUS REPORT 2026-07-01 8.49 AM.xlsx:1434; Document ID=2909369
existing,SANCAP,source_row,SanCap - VIM STATUS REPORT 2026-07-01 8.49 AM.xlsx:1435; Document ID=2909391
existing,SANCAP,source_row,SanCap - VIM STATUS REPORT 2026-07-01 8.49 AM.xlsx:1436; Document ID=2909425
existing,SANCAP,source_row,SanCap - VIM STATUS REPORT 2026-07-01 8.49 AM.xlsx:1437; Document ID=2909450
existing,SANCAP,source_row,SanCap - VIM STATUS REPORT 2026-07-01 8.49 AM.xlsx:1438; Document ID=2909567
existing,SANCAP,source_row,SanCap - VIM STATUS REPORT 2026-07-01 8.49 AM.xlsx:1439; Document ID=2909585
existing,SANCAP,source_row,SanCap - VIM STATUS REPORT 2026-07-01 8.49 AM.xlsx:1440; Document ID=2910056
existing,SANCAP,source_row,SanCap - VIM STATUS REPORT 2026-07-01 8.49 AM.xlsx:1441; Document ID=2910095
existing,SANCAP,source_row,SanCap - VIM STATUS REPORT 2026-07-01 8.49 AM.xlsx:1442; Document ID=2910171
existing,SANCAP,source_row,SanCap - VIM STATUS REPORT 2026-07-01 8.49 AM.xlsx:1443; Document ID=2910218
existing,SANCAP,source_row,SanCap - VIM STATUS REPORT 2026-07-01 8.49 AM.xlsx:1444; Document ID=2910384
existing,SANCAP,source_row,SanCap - VIM STATUS REPORT 2026-07-01 8.49 AM.xlsx:1445; Document ID=2910430
existing,SANCAP,source_row,SanCap - VIM STATUS REPORT 2026-07-01 8.49 AM.xlsx:1446; Document ID=2910459
existing,SANCAP,source_row,SanCap - VIM STATUS REPORT 2026-07-01 8.49 AM.xlsx:1447; Document ID=2910477
existing,SANCAP,source_row,SanCap - VIM STATUS REPORT 2026-07-01 8.49 AM.xlsx:1448; Document ID=2910626
existing,SANCAP,source_row,SanCap - VIM STATUS REPORT 2026-07-01 8.49 AM.xlsx:1449; Document ID=2910627
existing,SANCAP,source_row,SanCap - VIM STATUS REPORT 2026-07-01 8.49 AM.xlsx:1450; Document ID=2910628
existing,SANCAP,source_row,SanCap - VIM STATUS REPORT 2026-07-01 8.49 AM.xlsx:1451; Document ID=2910629
existing,SANCAP,source_row,SanCap - VIM STATUS REPORT 2026-07-01 8.49 AM.xlsx:1452; Document ID=2910630
existing,SANCAP,source_row,SanCap - VIM STATUS REPORT 2026-07-01 8.49 AM.xlsx:1453; Document ID=2910631
existing,SANCAP,source_row,SanCap - VIM STATUS REPORT 2026-07-01 8.49 AM.xlsx:1454; Document ID=2910632
existing,SANCAP,source_row,SanCap - VIM STATUS REPORT 2026-07-01 8.49 AM.xlsx:1455; Document ID=2910633
existing,SANCAP,source_row,SanCap - VIM STATUS REPORT 2026-07-01 8.49 AM.xlsx:1456; Document ID=2910659
existing,SANCAP,source_row,SanCap - VIM STATUS REPORT 2026-07-01 8.49 AM.xlsx:1457; Document ID=2910665
existing,SANCAP,source_row,SanCap - VIM STATUS REPORT 2026-07-01 8.49 AM.xlsx:1458; Document ID=2910683
existing,SANCAP,source_row,SanCap - VIM STATUS REPORT 2026-07-01 8.49 AM.xlsx:1460; Document ID=2863402
existing,SANCAP,source_row,SanCap - VIM STATUS REPORT 2026-07-01 8.49 AM.xlsx:1461; Document ID=2881584
existing,SANCAP,source_row,SanCap - VIM STATUS REPORT 2026-07-01 8.49 AM.xlsx:1462; Document ID=2887882
existing,SANCAP,source_row,SanCap - VIM STATUS REPORT 2026-07-01 8.49 AM.xlsx:1463; Document ID=2900134
existing,SANCAP,source_row,SanCap - VIM STATUS REPORT 2026-07-01 8.49 AM.xlsx:1464; Document ID=2900180
existing,SANCAP,source_row,SanCap - VIM STATUS REPORT 2026-07-01 8.49 AM.xlsx:1465; Document ID=2901073
existing,SANCAP,source_row,SanCap - VIM STATUS REPORT 2026-07-01 8.49 AM.xlsx:1466; Document ID=2901100
existing,SANCAP,source_row,SanCap - VIM STATUS REPORT 2026-07-01 8.49 AM.xlsx:1467; Document ID=2901103
existing,SANCAP,source_row,SanCap - VIM STATUS REPORT 2026-07-01 8.49 AM.xlsx:1468; Document ID=2901119
existing,SANCAP,source_row,SanCap - VIM STATUS REPORT 2026-07-01 8.49 AM.xlsx:1469; Document ID=2901159
existing,SANCAP,source_row,SanCap - VIM STATUS REPORT 2026-07-01 8.49 AM.xlsx:1470; Document ID=2901188
existing,SANCAP,source_row,SanCap - VIM STATUS REPORT 2026-07-01 8.49 AM.xlsx:1471; Document ID=2901349
existing,SANCAP,source_row,SanCap - VIM STATUS REPORT 2026-07-01 8.49 AM.xlsx:1472; Document ID=2901566
existing,SANCAP,source_row,SanCap - VIM STATUS REPORT 2026-07-01 8.49 AM.xlsx:1473; Document ID=2901664
existing,SANCAP,source_row,SanCap - VIM STATUS REPORT 2026-07-01 8.49 AM.xlsx:1474; Document ID=2901777
existing,SANCAP,source_row,SanCap - VIM STATUS REPORT 2026-07-01 8.49 AM.xlsx:1475; Document ID=2901857
existing,SANCAP,source_row,SanCap - VIM STATUS REPORT 2026-07-01 8.49 AM.xlsx:1476; Document ID=2901899
existing,SANCAP,source_row,SanCap - VIM STATUS REPORT 2026-07-01 8.49 AM.xlsx:1477; Document ID=2903011
existing,SANCAP,source_row,SanCap - VIM STATUS REPORT 2026-07-01 8.49 AM.xlsx:1478; Document ID=2903077
existing,SANCAP,source_row,SanCap - VIM STATUS REPORT 2026-07-01 8.49 AM.xlsx:1479; Document ID=2903092
existing,SANCAP,source_row,SanCap - VIM STATUS REPORT 2026-07-01 8.49 AM.xlsx:1480; Document ID=2903116
existing,SANCAP,source_row,SanCap - VIM STATUS REPORT 2026-07-01 8.49 AM.xlsx:1481; Document ID=2903135
existing,SANCAP,source_row,SanCap - VIM STATUS REPORT 2026-07-01 8.49 AM.xlsx:1482; Document ID=2903157
existing,SANCAP,source_row,SanCap - VIM STATUS REPORT 2026-07-01 8.49 AM.xlsx:1483; Document ID=2903183
existing,SANCAP,source_row,SanCap - VIM STATUS REPORT 2026-07-01 8.49 AM.xlsx:1484; Document ID=2885970
existing,SANCAP,source_row,SanCap - VIM STATUS REPORT 2026-07-01 8.49 AM.xlsx:1485; Document ID=2895988
existing,SANCAP,source_row,SanCap - VIM STATUS REPORT 2026-07-01 8.49 AM.xlsx:1486; Document ID=2896208
existing,SANCAP,source_row,SanCap - VIM STATUS REPORT 2026-07-01 8.49 AM.xlsx:1487; Document ID=2896242
existing,SANCAP,source_row,SanCap - VIM STATUS REPORT 2026-07-01 8.49 AM.xlsx:1488; Document ID=2896262
existing,SANCAP,source_row,SanCap - VIM STATUS REPORT 2026-07-01 8.49 AM.xlsx:1489; Document ID=2896282
existing,SANCAP,source_row,SanCap - VIM STATUS REPORT 2026-07-01 8.49 AM.xlsx:1490; Document ID=2896286
existing,SANCAP,source_row,SanCap - VIM STATUS REPORT 2026-07-01 8.49 AM.xlsx:1491; Document ID=2896291
existing,SANCAP,source_row,SanCap - VIM STATUS REPORT 2026-07-01 8.49 AM.xlsx:1492; Document ID=2896294
existing,SANCAP,source_row,SanCap - VIM STATUS REPORT 2026-07-01 8.49 AM.xlsx:1493; Document ID=2896454
existing,SANCAP,source_row,SanCap - VIM STATUS REPORT 2026-07-01 8.49 AM.xlsx:1494; Document ID=2896476
existing,SANCAP,source_row,SanCap - VIM STATUS REPORT 2026-07-01 8.49 AM.xlsx:1495; Document ID=2896489
existing,SANCAP,source_row,SanCap - VIM STATUS REPORT 2026-07-01 8.49 AM.xlsx:1496; Document ID=2896552
existing,SANCAP,source_row,SanCap - VIM STATUS REPORT 2026-07-01 8.49 AM.xlsx:1497; Document ID=2896853
existing,SANCAP,source_row,SanCap - VIM STATUS REPORT 2026-07-01 8.49 AM.xlsx:1498; Document ID=2896944
existing,SANCAP,source_row,SanCap - VIM STATUS REPORT 2026-07-01 8.49 AM.xlsx:1499; Document ID=2896957
existing,SANCAP,source_row,SanCap - VIM STATUS REPORT 2026-07-01 8.49 AM.xlsx:1500; Document ID=2896966
existing,SANCAP,source_row,SanCap - VIM STATUS REPORT 2026-07-01 8.49 AM.xlsx:1501; Document ID=2897016
existing,SANCAP,source_row,SanCap - VIM STATUS REPORT 2026-07-01 8.49 AM.xlsx:1502; Document ID=2897041
existing,SANCAP,source_row,SanCap - VIM STATUS REPORT 2026-07-01 8.49 AM.xlsx:1503; Document ID=2897059
existing,SANCAP,source_row,SanCap - VIM STATUS REPORT 2026-07-01 8.49 AM.xlsx:1504; Document ID=2897060
existing,SANCAP,source_row,SanCap - VIM STATUS REPORT 2026-07-01 8.49 AM.xlsx:1505; Document ID=2897069
existing,SANCAP,source_row,SanCap - VIM STATUS REPORT 2026-07-01 8.49 AM.xlsx:1507; Document ID=2899949
existing,SANCAP,source_row,SanCap - VIM STATUS REPORT 2026-07-01 8.49 AM.xlsx:1508; Document ID=2899970
existing,SANCAP,source_row,SanCap - VIM STATUS REPORT 2026-07-01 8.49 AM.xlsx:1509; Document ID=2900025
existing,SANCAP,source_row,SanCap - VIM STATUS REPORT 2026-07-01 8.49 AM.xlsx:1511; Document ID=2900141
existing,SANCAP,source_row,SanCap - VIM STATUS REPORT 2026-07-01 8.49 AM.xlsx:1512; Document ID=2900168
existing,SANCAP,source_row,SanCap - VIM STATUS REPORT 2026-07-01 8.49 AM.xlsx:1513; Document ID=2900196
existing,SANCAP,source_row,SanCap - VIM STATUS REPORT 2026-07-01 8.49 AM.xlsx:1514; Document ID=2900201
existing,SANCAP,source_row,SanCap - VIM STATUS REPORT 2026-07-01 8.49 AM.xlsx:1515; Document ID=2900203
existing,SANCAP,source_row,SanCap - VIM STATUS REPORT 2026-07-01 8.49 AM.xlsx:1516; Document ID=2900223
existing,SANCAP,source_row,SanCap - VIM STATUS REPORT 2026-07-01 8.49 AM.xlsx:1517; Document ID=2900279
existing,SANCAP,source_row,SanCap - VIM STATUS REPORT 2026-07-01 8.49 AM.xlsx:1518; Document ID=2900425
existing,SANCAP,source_row,SanCap - VIM STATUS REPORT 2026-07-01 8.49 AM.xlsx:1519; Document ID=2900481
existing,SANCAP,source_row,SanCap - VIM STATUS REPORT 2026-07-01 8.49 AM.xlsx:1520; Document ID=2900512
existing,SANCAP,source_row,SanCap - VIM STATUS REPORT 2026-07-01 8.49 AM.xlsx:1521; Document ID=2900692
existing,SANCAP,source_row,SanCap - VIM STATUS REPORT 2026-07-01 8.49 AM.xlsx:1522; Document ID=2900728
existing,SANCAP,source_row,SanCap - VIM STATUS REPORT 2026-07-01 8.49 AM.xlsx:1523; Document ID=2900731
existing,SANCAP,source_row,SanCap - VIM STATUS REPORT 2026-07-01 8.49 AM.xlsx:1524; Document ID=2900734
existing,SANCAP,source_row,SanCap - VIM STATUS REPORT 2026-07-01 8.49 AM.xlsx:1525; Document ID=2900735
existing,SANCAP,source_row,SanCap - VIM STATUS REPORT 2026-07-01 8.49 AM.xlsx:1526; Document ID=2900736
existing,SANCAP,source_row,SanCap - VIM STATUS REPORT 2026-07-01 8.49 AM.xlsx:1527; Document ID=2900738
existing,SANCAP,source_row,SanCap - VIM STATUS REPORT 2026-07-01 8.49 AM.xlsx:1529; Document ID=2900780
existing,SANCAP,source_row,SanCap - VIM STATUS REPORT 2026-07-01 8.49 AM.xlsx:1530; Document ID=2900781
existing,SANCAP,source_row,SanCap - VIM STATUS REPORT 2026-07-01 8.49 AM.xlsx:1531; Document ID=2900782
existing,SANCAP,source_row,SanCap - VIM STATUS REPORT 2026-07-01 8.49 AM.xlsx:1532; Document ID=2900783
existing,SANCAP,source_row,SanCap - VIM STATUS REPORT 2026-07-01 8.49 AM.xlsx:1533; Document ID=2900900
existing,SANCAP,source_row,SanCap - VIM STATUS REPORT 2026-07-01 8.49 AM.xlsx:1534; Document ID=2900910
existing,SANCAP,source_row,SanCap - VIM STATUS REPORT 2026-07-01 8.49 AM.xlsx:1535; Document ID=2900926
existing,SANCAP,source_row,SanCap - VIM STATUS REPORT 2026-07-01 8.49 AM.xlsx:1536; Document ID=2900932
existing,SANCAP,source_row,SanCap - VIM STATUS REPORT 2026-07-01 8.49 AM.xlsx:1537; Document ID=2900954
existing,SANCAP,source_row,SanCap - VIM STATUS REPORT 2026-07-01 8.49 AM.xlsx:1538; Document ID=2900968
existing,SANCAP,source_row,SanCap - VIM STATUS REPORT 2026-07-01 8.49 AM.xlsx:1539; Document ID=2900970
existing,SANCAP,source_row,SanCap - VIM STATUS REPORT 2026-07-01 8.49 AM.xlsx:1540; Document ID=2900974
existing,SANCAP,source_row,SanCap - VIM STATUS REPORT 2026-07-01 8.49 AM.xlsx:1541; Document ID=2901076
existing,SANCAP,source_row,SanCap - VIM STATUS REPORT 2026-07-01 8.49 AM.xlsx:1545; Document ID=2881569
existing,SANCAP,source_row,SanCap - VIM STATUS REPORT 2026-07-01 8.49 AM.xlsx:1546; Document ID=2881574
existing,SANCAP,source_row,SanCap - VIM STATUS REPORT 2026-07-01 8.49 AM.xlsx:1547; Document ID=2881575
existing,SANCAP,source_row,SanCap - VIM STATUS REPORT 2026-07-01 8.49 AM.xlsx:1548; Document ID=2891875
existing,SANCAP,source_row,SanCap - VIM STATUS REPORT 2026-07-01 8.49 AM.xlsx:1549; Document ID=2892177
existing,SANCAP,source_row,SanCap - VIM STATUS REPORT 2026-07-01 8.49 AM.xlsx:1551; Document ID=2892714
existing,SANCAP,source_row,SanCap - VIM STATUS REPORT 2026-07-01 8.49 AM.xlsx:1552; Document ID=2892741
existing,SANCAP,source_row,SanCap - VIM STATUS REPORT 2026-07-01 8.49 AM.xlsx:1553; Document ID=2892963
existing,SANCAP,source_row,SanCap - VIM STATUS REPORT 2026-07-01 8.49 AM.xlsx:1554; Document ID=2895306
existing,SANCAP,source_row,SanCap - VIM STATUS REPORT 2026-07-01 8.49 AM.xlsx:1555; Document ID=2895395
existing,SANCAP,source_row,SanCap - VIM STATUS REPORT 2026-07-01 8.49 AM.xlsx:1556; Document ID=2895409
existing,SANCAP,source_row,SanCap - VIM STATUS REPORT 2026-07-01 8.49 AM.xlsx:1557; Document ID=2895424
existing,SANCAP,source_row,SanCap - VIM STATUS REPORT 2026-07-01 8.49 AM.xlsx:1558; Document ID=2895509
existing,SANCAP,source_row,SanCap - VIM STATUS REPORT 2026-07-01 8.49 AM.xlsx:1559; Document ID=2895523
existing,SANCAP,source_row,SanCap - VIM STATUS REPORT 2026-07-01 8.49 AM.xlsx:1560; Document ID=2895573
existing,SANCAP,source_row,SanCap - VIM STATUS REPORT 2026-07-01 8.49 AM.xlsx:1561; Document ID=2895601
existing,SANCAP,source_row,SanCap - VIM STATUS REPORT 2026-07-01 8.49 AM.xlsx:1562; Document ID=2895675
existing,SANCAP,source_row,SanCap - VIM STATUS REPORT 2026-07-01 8.49 AM.xlsx:1563; Document ID=2895743
existing,SANCAP,source_row,SanCap - VIM STATUS REPORT 2026-07-01 8.49 AM.xlsx:1564; Document ID=2895873
existing,SANCAP,source_row,SanCap - VIM STATUS REPORT 2026-07-01 8.49 AM.xlsx:1565; Document ID=2895898
existing,SANCAP,source_row,SanCap - VIM STATUS REPORT 2026-07-01 8.49 AM.xlsx:1566; Document ID=2895910
existing,SANCAP,source_row,SanCap - VIM STATUS REPORT 2026-07-01 8.49 AM.xlsx:1567; Document ID=2895938
existing,SANCAP,source_row,SanCap - VIM STATUS REPORT 2026-07-01 8.49 AM.xlsx:1568; Document ID=2896184
existing,SANCAP,source_row,SanCap - VIM STATUS REPORT 2026-07-01 8.49 AM.xlsx:1569; Document ID=2896204
existing,SANCAP,source_row,SanCap - VIM STATUS REPORT 2026-07-01 8.49 AM.xlsx:1570; Document ID=2896215
existing,SANCAP,source_row,SanCap - VIM STATUS REPORT 2026-07-01 8.49 AM.xlsx:1571; Document ID=2896217
existing,SANCAP,source_row,SanCap - VIM STATUS REPORT 2026-07-01 8.49 AM.xlsx:1572; Document ID=2896236
existing,SANCAP,source_row,SanCap - VIM STATUS REPORT 2026-07-01 8.49 AM.xlsx:1573; Document ID=2896247
existing,SANCAP,source_row,SanCap - VIM STATUS REPORT 2026-07-01 8.49 AM.xlsx:1574; Document ID=2896252
existing,SANCAP,source_row,SanCap - VIM STATUS REPORT 2026-07-01 8.49 AM.xlsx:1575; Document ID=2896259
existing,SANCAP,source_row,SanCap - VIM STATUS REPORT 2026-07-01 8.49 AM.xlsx:1576; Document ID=2896370
existing,SANCAP,source_row,SanCap - VIM STATUS REPORT 2026-07-01 8.49 AM.xlsx:1577; Document ID=2896394
existing,SANCAP,source_row,SanCap - VIM STATUS REPORT 2026-07-01 8.49 AM.xlsx:1578; Document ID=2896407
existing,SANCAP,source_row,SanCap - VIM STATUS REPORT 2026-07-01 8.49 AM.xlsx:1579; Document ID=2896409
existing,SANCAP,source_row,SanCap - VIM STATUS REPORT 2026-07-01 8.49 AM.xlsx:1580; Document ID=2896416
existing,SANCAP,source_row,SanCap - VIM STATUS REPORT 2026-07-01 8.49 AM.xlsx:1581; Document ID=2896432
existing,SANCAP,source_row,SanCap - VIM STATUS REPORT 2026-07-01 8.49 AM.xlsx:1582; Document ID=2896530
existing,SANCAP,source_row,SanCap - VIM STATUS REPORT 2026-07-01 8.49 AM.xlsx:1584; Document ID=2896723
existing,SANCAP,source_row,SanCap - VIM STATUS REPORT 2026-07-01 8.49 AM.xlsx:1586; Document ID=2887642
existing,SANCAP,source_row,SanCap - VIM STATUS REPORT 2026-07-01 8.49 AM.xlsx:1587; Document ID=2887791
existing,SANCAP,source_row,SanCap - VIM STATUS REPORT 2026-07-01 8.49 AM.xlsx:1588; Document ID=2887838
existing,SANCAP,source_row,SanCap - VIM STATUS REPORT 2026-07-01 8.49 AM.xlsx:1590; Document ID=2890763
existing,SANCAP,source_row,SanCap - VIM STATUS REPORT 2026-07-01 8.49 AM.xlsx:1591; Document ID=2891346
existing,SANCAP,source_row,SanCap - VIM STATUS REPORT 2026-07-01 8.49 AM.xlsx:1592; Document ID=2891407
existing,SANCAP,source_row,SanCap - VIM STATUS REPORT 2026-07-01 8.49 AM.xlsx:1593; Document ID=2891448
existing,SANCAP,source_row,SanCap - VIM STATUS REPORT 2026-07-01 8.49 AM.xlsx:1594; Document ID=2891474
existing,SANCAP,source_row,SanCap - VIM STATUS REPORT 2026-07-01 8.49 AM.xlsx:1595; Document ID=2891488
existing,SANCAP,source_row,SanCap - VIM STATUS REPORT 2026-07-01 8.49 AM.xlsx:1596; Document ID=2891683
existing,SANCAP,source_row,SanCap - VIM STATUS REPORT 2026-07-01 8.49 AM.xlsx:1597; Document ID=2892058
existing,SANCAP,source_row,SanCap - VIM STATUS REPORT 2026-07-01 8.49 AM.xlsx:1598; Document ID=2892182
existing,SANCAP,source_row,SanCap - VIM STATUS REPORT 2026-07-01 8.49 AM.xlsx:1599; Document ID=2892453
existing,SANCAP,source_row,SanCap - VIM STATUS REPORT 2026-07-01 8.49 AM.xlsx:1600; Document ID=2892471
existing,SANCAP,source_row,SanCap - VIM STATUS REPORT 2026-07-01 8.49 AM.xlsx:1601; Document ID=2892483
existing,SANCAP,source_row,SanCap - VIM STATUS REPORT 2026-07-01 8.49 AM.xlsx:1602; Document ID=2892506
existing,SANCAP,source_row,SanCap - VIM STATUS REPORT 2026-07-01 8.49 AM.xlsx:1603; Document ID=2892674
existing,SANCAP,source_row,SanCap - VIM STATUS REPORT 2026-07-01 8.49 AM.xlsx:1605; Document ID=2846024
existing,SANCAP,source_row,SanCap - VIM STATUS REPORT 2026-07-01 8.49 AM.xlsx:1606; Document ID=2855885
existing,SANCAP,source_row,SanCap - VIM STATUS REPORT 2026-07-01 8.49 AM.xlsx:1607; Document ID=2856421
existing,SANCAP,source_row,SanCap - VIM STATUS REPORT 2026-07-01 8.49 AM.xlsx:1608; Document ID=2856446
existing,SANCAP,source_row,SanCap - VIM STATUS REPORT 2026-07-01 8.49 AM.xlsx:1609; Document ID=2879600
existing,SANCAP,source_row,SanCap - VIM STATUS REPORT 2026-07-01 8.49 AM.xlsx:1610; Document ID=2880264
existing,SANCAP,source_row,SanCap - VIM STATUS REPORT 2026-07-01 8.49 AM.xlsx:1611; Document ID=2881580
existing,SANCAP,source_row,SanCap - VIM STATUS REPORT 2026-07-01 8.49 AM.xlsx:1612; Document ID=2881582
existing,SANCAP,source_row,SanCap - VIM STATUS REPORT 2026-07-01 8.49 AM.xlsx:1613; Document ID=2881601
existing,SANCAP,source_row,SanCap - VIM STATUS REPORT 2026-07-01 8.49 AM.xlsx:1615; Document ID=2883619
existing,SANCAP,source_row,SanCap - VIM STATUS REPORT 2026-07-01 8.49 AM.xlsx:1616; Document ID=2885757
existing,SANCAP,source_row,SanCap - VIM STATUS REPORT 2026-07-01 8.49 AM.xlsx:1617; Document ID=2885818
existing,SANCAP,source_row,SanCap - VIM STATUS REPORT 2026-07-01 8.49 AM.xlsx:1618; Document ID=2885821
existing,SANCAP,source_row,SanCap - VIM STATUS REPORT 2026-07-01 8.49 AM.xlsx:1619; Document ID=2885896
existing,SANCAP,source_row,SanCap - VIM STATUS REPORT 2026-07-01 8.49 AM.xlsx:1620; Document ID=2885908
existing,SANCAP,source_row,SanCap - VIM STATUS REPORT 2026-07-01 8.49 AM.xlsx:1621; Document ID=2885910
existing,SANCAP,source_row,SanCap - VIM STATUS REPORT 2026-07-01 8.49 AM.xlsx:1622; Document ID=2885915
existing,SANCAP,source_row,SanCap - VIM STATUS REPORT 2026-07-01 8.49 AM.xlsx:1623; Document ID=2885930
existing,SANCAP,source_row,SanCap - VIM STATUS REPORT 2026-07-01 8.49 AM.xlsx:1624; Document ID=2885938
existing,SANCAP,source_row,SanCap - VIM STATUS REPORT 2026-07-01 8.49 AM.xlsx:1625; Document ID=2886047
existing,SANCAP,source_row,SanCap - VIM STATUS REPORT 2026-07-01 8.49 AM.xlsx:1626; Document ID=2886185
existing,SANCAP,source_row,SanCap - VIM STATUS REPORT 2026-07-01 8.49 AM.xlsx:1627; Document ID=2886228
existing,SANCAP,source_row,SanCap - VIM STATUS REPORT 2026-07-01 8.49 AM.xlsx:1628; Document ID=2886251
existing,SANCAP,source_row,SanCap - VIM STATUS REPORT 2026-07-01 8.49 AM.xlsx:1629; Document ID=2886268
existing,SANCAP,source_row,SanCap - VIM STATUS REPORT 2026-07-01 8.49 AM.xlsx:1630; Document ID=2886282
existing,SANCAP,source_row,SanCap - VIM STATUS REPORT 2026-07-01 8.49 AM.xlsx:1631; Document ID=2886321
existing,SANCAP,source_row,SanCap - VIM STATUS REPORT 2026-07-01 8.49 AM.xlsx:1633; Document ID=2886339
existing,SANCAP,source_row,SanCap - VIM STATUS REPORT 2026-07-01 8.49 AM.xlsx:1634; Document ID=2886478
existing,SANCAP,source_row,SanCap - VIM STATUS REPORT 2026-07-01 8.49 AM.xlsx:1638; Document ID=2867363
existing,SANCAP,source_row,SanCap - VIM STATUS REPORT 2026-07-01 8.49 AM.xlsx:1639; Document ID=2867371
existing,SANCAP,source_row,SanCap - VIM STATUS REPORT 2026-07-01 8.49 AM.xlsx:1640; Document ID=2867381
existing,SANCAP,source_row,SanCap - VIM STATUS REPORT 2026-07-01 8.49 AM.xlsx:1641; Document ID=2879325
existing,SANCAP,source_row,SanCap - VIM STATUS REPORT 2026-07-01 8.49 AM.xlsx:1642; Document ID=2879981
existing,SANCAP,source_row,SanCap - VIM STATUS REPORT 2026-07-01 8.49 AM.xlsx:1643; Document ID=2880137
existing,SANCAP,source_row,SanCap - VIM STATUS REPORT 2026-07-01 8.49 AM.xlsx:1644; Document ID=2880231
existing,SANCAP,source_row,SanCap - VIM STATUS REPORT 2026-07-01 8.49 AM.xlsx:1645; Document ID=2881448
existing,SANCAP,source_row,SanCap - VIM STATUS REPORT 2026-07-01 8.49 AM.xlsx:1646; Document ID=2881591
existing,SANCAP,source_row,SanCap - VIM STATUS REPORT 2026-07-01 8.49 AM.xlsx:1647; Document ID=2881597
existing,SANCAP,source_row,SanCap - VIM STATUS REPORT 2026-07-01 8.49 AM.xlsx:1648; Document ID=2881603
existing,SANCAP,source_row,SanCap - VIM STATUS REPORT 2026-07-01 8.49 AM.xlsx:1649; Document ID=2881609
existing,SANCAP,source_row,SanCap - VIM STATUS REPORT 2026-07-01 8.49 AM.xlsx:1650; Document ID=2851888
existing,SANCAP,source_row,SanCap - VIM STATUS REPORT 2026-07-01 8.49 AM.xlsx:1651; Document ID=2851899
existing,SANCAP,source_row,SanCap - VIM STATUS REPORT 2026-07-01 8.49 AM.xlsx:1652; Document ID=2866797
existing,SANCAP,source_row,SanCap - VIM STATUS REPORT 2026-07-01 8.49 AM.xlsx:1653; Document ID=2869563
existing,SANCAP,source_row,SanCap - VIM STATUS REPORT 2026-07-01 8.49 AM.xlsx:1654; Document ID=2869573
existing,SANCAP,source_row,SanCap - VIM STATUS REPORT 2026-07-01 8.49 AM.xlsx:1655; Document ID=2876573
existing,SANCAP,source_row,SanCap - VIM STATUS REPORT 2026-07-01 8.49 AM.xlsx:1656; Document ID=2876647
existing,SANCAP,source_row,SanCap - VIM STATUS REPORT 2026-07-01 8.49 AM.xlsx:1657; Document ID=2878888
existing,SANCAP,source_row,SanCap - VIM STATUS REPORT 2026-07-01 8.49 AM.xlsx:1658; Document ID=2878928
existing,SANCAP,source_row,SanCap - VIM STATUS REPORT 2026-07-01 8.49 AM.xlsx:1659; Document ID=2879217
existing,SANCAP,source_row,SanCap - VIM STATUS REPORT 2026-07-01 8.49 AM.xlsx:1660; Document ID=2879288
existing,SANCAP,source_row,SanCap - VIM STATUS REPORT 2026-07-01 8.49 AM.xlsx:1661; Document ID=2879309
existing,SANCAP,source_row,SanCap - VIM STATUS REPORT 2026-07-01 8.49 AM.xlsx:1662; Document ID=2879311
existing,SANCAP,source_row,SanCap - VIM STATUS REPORT 2026-07-01 8.49 AM.xlsx:1663; Document ID=2879322
existing,SANCAP,source_row,SanCap - VIM STATUS REPORT 2026-07-01 8.49 AM.xlsx:1664; Document ID=2879397
existing,SANCAP,source_row,SanCap - VIM STATUS REPORT 2026-07-01 8.49 AM.xlsx:1665; Document ID=2879423
existing,SANCAP,source_row,SanCap - VIM STATUS REPORT 2026-07-01 8.49 AM.xlsx:1667; Document ID=2879533
existing,SANCAP,source_row,SanCap - VIM STATUS REPORT 2026-07-01 8.49 AM.xlsx:1668; Document ID=2879536
existing,SANCAP,source_row,SanCap - VIM STATUS REPORT 2026-07-01 8.49 AM.xlsx:1669; Document ID=2879538
existing,SANCAP,source_row,SanCap - VIM STATUS REPORT 2026-07-01 8.49 AM.xlsx:1670; Document ID=2879542
existing,SANCAP,source_row,SanCap - VIM STATUS REPORT 2026-07-01 8.49 AM.xlsx:1671; Document ID=2879553
existing,SANCAP,source_row,SanCap - VIM STATUS REPORT 2026-07-01 8.49 AM.xlsx:1672; Document ID=2879563
existing,SANCAP,source_row,SanCap - VIM STATUS REPORT 2026-07-01 8.49 AM.xlsx:1673; Document ID=2879568
existing,SANCAP,source_row,SanCap - VIM STATUS REPORT 2026-07-01 8.49 AM.xlsx:1674; Document ID=2879572
existing,SANCAP,source_row,SanCap - VIM STATUS REPORT 2026-07-01 8.49 AM.xlsx:1675; Document ID=2879580
existing,SANCAP,source_row,SanCap - VIM STATUS REPORT 2026-07-01 8.49 AM.xlsx:1676; Document ID=2879590
existing,SANCAP,source_row,SanCap - VIM STATUS REPORT 2026-07-01 8.49 AM.xlsx:1677; Document ID=2879595
existing,SANCAP,source_row,SanCap - VIM STATUS REPORT 2026-07-01 8.49 AM.xlsx:1678; Document ID=2879599
existing,SANCAP,source_row,SanCap - VIM STATUS REPORT 2026-07-01 8.49 AM.xlsx:1679; Document ID=2879605
existing,SANCAP,source_row,SanCap - VIM STATUS REPORT 2026-07-01 8.49 AM.xlsx:1680; Document ID=2879613
existing,SANCAP,source_row,SanCap - VIM STATUS REPORT 2026-07-01 8.49 AM.xlsx:1681; Document ID=2879876
existing,SANCAP,source_row,SanCap - VIM STATUS REPORT 2026-07-01 8.49 AM.xlsx:1682; Document ID=2879910
existing,SANCAP,source_row,SanCap - VIM STATUS REPORT 2026-07-01 8.49 AM.xlsx:1683; Document ID=2879919
existing,SANCAP,source_row,SanCap - VIM STATUS REPORT 2026-07-01 8.49 AM.xlsx:1684; Document ID=2879973
existing,SANCAP,source_row,SanCap - VIM STATUS REPORT 2026-07-01 8.49 AM.xlsx:1686; Document ID=2855734
existing,SANCAP,source_row,SanCap - VIM STATUS REPORT 2026-07-01 8.49 AM.xlsx:1687; Document ID=2858510
existing,SANCAP,source_row,SanCap - VIM STATUS REPORT 2026-07-01 8.49 AM.xlsx:1688; Document ID=2858580
existing,SANCAP,source_row,SanCap - VIM STATUS REPORT 2026-07-01 8.49 AM.xlsx:1689; Document ID=2874826
existing,SANCAP,source_row,SanCap - VIM STATUS REPORT 2026-07-01 8.49 AM.xlsx:1690; Document ID=2874883
existing,SANCAP,source_row,SanCap - VIM STATUS REPORT 2026-07-01 8.49 AM.xlsx:1691; Document ID=2874896
existing,SANCAP,source_row,SanCap - VIM STATUS REPORT 2026-07-01 8.49 AM.xlsx:1692; Document ID=2874908
existing,SANCAP,source_row,SanCap - VIM STATUS REPORT 2026-07-01 8.49 AM.xlsx:1693; Document ID=2874932
existing,SANCAP,source_row,SanCap - VIM STATUS REPORT 2026-07-01 8.49 AM.xlsx:1695; Document ID=2875217
existing,SANCAP,source_row,SanCap - VIM STATUS REPORT 2026-07-01 8.49 AM.xlsx:1696; Document ID=2875307
existing,SANCAP,source_row,SanCap - VIM STATUS REPORT 2026-07-01 8.49 AM.xlsx:1697; Document ID=2875355
existing,SANCAP,source_row,SanCap - VIM STATUS REPORT 2026-07-01 8.49 AM.xlsx:1698; Document ID=2875389
existing,SANCAP,source_row,SanCap - VIM STATUS REPORT 2026-07-01 8.49 AM.xlsx:1699; Document ID=2875548
existing,SANCAP,source_row,SanCap - VIM STATUS REPORT 2026-07-01 8.49 AM.xlsx:1701; Document ID=2875616
existing,SANCAP,source_row,SanCap - VIM STATUS REPORT 2026-07-01 8.49 AM.xlsx:1702; Document ID=2875642
existing,SANCAP,source_row,SanCap - VIM STATUS REPORT 2026-07-01 8.49 AM.xlsx:1703; Document ID=2875678
existing,SANCAP,source_row,SanCap - VIM STATUS REPORT 2026-07-01 8.49 AM.xlsx:1704; Document ID=2875686
existing,SANCAP,source_row,SanCap - VIM STATUS REPORT 2026-07-01 8.49 AM.xlsx:1705; Document ID=2875802
existing,SANCAP,source_row,SanCap - VIM STATUS REPORT 2026-07-01 8.49 AM.xlsx:1706; Document ID=2875840
existing,SANCAP,source_row,SanCap - VIM STATUS REPORT 2026-07-01 8.49 AM.xlsx:1707; Document ID=2875935
existing,SANCAP,source_row,SanCap - VIM STATUS REPORT 2026-07-01 8.49 AM.xlsx:1708; Document ID=2875936
existing,SANCAP,source_row,SanCap - VIM STATUS REPORT 2026-07-01 8.49 AM.xlsx:1709; Document ID=2875937
existing,SANCAP,source_row,SanCap - VIM STATUS REPORT 2026-07-01 8.49 AM.xlsx:1710; Document ID=2875938
existing,SANCAP,source_row,SanCap - VIM STATUS REPORT 2026-07-01 8.49 AM.xlsx:1711; Document ID=2875939
existing,SANCAP,source_row,SanCap - VIM STATUS REPORT 2026-07-01 8.49 AM.xlsx:1712; Document ID=2875940
existing,SANCAP,source_row,SanCap - VIM STATUS REPORT 2026-07-01 8.49 AM.xlsx:1713; Document ID=2875941
existing,SANCAP,source_row,SanCap - VIM STATUS REPORT 2026-07-01 8.49 AM.xlsx:1714; Document ID=2875942
existing,SANCAP,source_row,SanCap - VIM STATUS REPORT 2026-07-01 8.49 AM.xlsx:1715; Document ID=2875947
existing,SANCAP,source_row,SanCap - VIM STATUS REPORT 2026-07-01 8.49 AM.xlsx:1716; Document ID=2875948
existing,SANCAP,source_row,SanCap - VIM STATUS REPORT 2026-07-01 8.49 AM.xlsx:1717; Document ID=2875950
existing,SANCAP,source_row,SanCap - VIM STATUS REPORT 2026-07-01 8.49 AM.xlsx:1718; Document ID=2875951
existing,SANCAP,source_row,SanCap - VIM STATUS REPORT 2026-07-01 8.49 AM.xlsx:1719; Document ID=2875953
existing,SANCAP,source_row,SanCap - VIM STATUS REPORT 2026-07-01 8.49 AM.xlsx:1720; Document ID=2875954
existing,SANCAP,source_row,SanCap - VIM STATUS REPORT 2026-07-01 8.49 AM.xlsx:1721; Document ID=2875957
existing,SANCAP,source_row,SanCap - VIM STATUS REPORT 2026-07-01 8.49 AM.xlsx:1722; Document ID=2875960
existing,SANCAP,source_row,SanCap - VIM STATUS REPORT 2026-07-01 8.49 AM.xlsx:1723; Document ID=2875961
existing,SANCAP,source_row,SanCap - VIM STATUS REPORT 2026-07-01 8.49 AM.xlsx:1724; Document ID=2875962
existing,SANCAP,source_row,SanCap - VIM STATUS REPORT 2026-07-01 8.49 AM.xlsx:1725; Document ID=2875964
existing,SANCAP,source_row,SanCap - VIM STATUS REPORT 2026-07-01 8.49 AM.xlsx:1726; Document ID=2875965
existing,SANCAP,source_row,SanCap - VIM STATUS REPORT 2026-07-01 8.49 AM.xlsx:1727; Document ID=2875966
existing,SANCAP,source_row,SanCap - VIM STATUS REPORT 2026-07-01 8.49 AM.xlsx:1728; Document ID=2875967
existing,SANCAP,source_row,SanCap - VIM STATUS REPORT 2026-07-01 8.49 AM.xlsx:1729; Document ID=2875968
existing,SANCAP,source_row,SanCap - VIM STATUS REPORT 2026-07-01 8.49 AM.xlsx:1731; Document ID=2776052
existing,SANCAP,source_row,SanCap - VIM STATUS REPORT 2026-07-01 8.49 AM.xlsx:1732; Document ID=2797991
existing,SANCAP,source_row,SanCap - VIM STATUS REPORT 2026-07-01 8.49 AM.xlsx:1733; Document ID=2798000
existing,SANCAP,source_row,SanCap - VIM STATUS REPORT 2026-07-01 8.49 AM.xlsx:1734; Document ID=2798007
existing,SANCAP,source_row,SanCap - VIM STATUS REPORT 2026-07-01 8.49 AM.xlsx:1735; Document ID=2798017
existing,SANCAP,source_row,SanCap - VIM STATUS REPORT 2026-07-01 8.49 AM.xlsx:1736; Document ID=2833211
existing,SANCAP,source_row,SanCap - VIM STATUS REPORT 2026-07-01 8.49 AM.xlsx:1737; Document ID=2833217
existing,SANCAP,source_row,SanCap - VIM STATUS REPORT 2026-07-01 8.49 AM.xlsx:1738; Document ID=2833264
existing,SANCAP,source_row,SanCap - VIM STATUS REPORT 2026-07-01 8.49 AM.xlsx:1739; Document ID=2833272
existing,SANCAP,source_row,SanCap - VIM STATUS REPORT 2026-07-01 8.49 AM.xlsx:1740; Document ID=2841529
existing,SANCAP,source_row,SanCap - VIM STATUS REPORT 2026-07-01 8.49 AM.xlsx:1741; Document ID=2841543
existing,SANCAP,source_row,SanCap - VIM STATUS REPORT 2026-07-01 8.49 AM.xlsx:1742; Document ID=2866811
existing,SANCAP,source_row,SanCap - VIM STATUS REPORT 2026-07-01 8.49 AM.xlsx:1743; Document ID=2866836
existing,SANCAP,source_row,SanCap - VIM STATUS REPORT 2026-07-01 8.49 AM.xlsx:1744; Document ID=2866926
existing,SANCAP,source_row,SanCap - VIM STATUS REPORT 2026-07-01 8.49 AM.xlsx:1745; Document ID=2867447
existing,SANCAP,source_row,SanCap - VIM STATUS REPORT 2026-07-01 8.49 AM.xlsx:1746; Document ID=2867837
existing,SANCAP,source_row,SanCap - VIM STATUS REPORT 2026-07-01 8.49 AM.xlsx:1747; Document ID=2867849
existing,SANCAP,source_row,SanCap - VIM STATUS REPORT 2026-07-01 8.49 AM.xlsx:1748; Document ID=2867863
existing,SANCAP,source_row,SanCap - VIM STATUS REPORT 2026-07-01 8.49 AM.xlsx:1750; Document ID=2870500
existing,SANCAP,source_row,SanCap - VIM STATUS REPORT 2026-07-01 8.49 AM.xlsx:1752; Document ID=2838136
existing,SANCAP,source_row,SanCap - VIM STATUS REPORT 2026-07-01 8.49 AM.xlsx:1753; Document ID=2864326
existing,SANCAP,source_row,SanCap - VIM STATUS REPORT 2026-07-01 8.49 AM.xlsx:1754; Document ID=2866848
existing,SANCAP,source_row,SanCap - VIM STATUS REPORT 2026-07-01 8.49 AM.xlsx:1755; Document ID=2866942
existing,SANCAP,source_row,SanCap - VIM STATUS REPORT 2026-07-01 8.49 AM.xlsx:1757; Document ID=2867410
existing,SANCAP,source_row,SanCap - VIM STATUS REPORT 2026-07-01 8.49 AM.xlsx:1758; Document ID=2751894
existing,SANCAP,source_row,SanCap - VIM STATUS REPORT 2026-07-01 8.49 AM.xlsx:1759; Document ID=2751895
existing,SANCAP,source_row,SanCap - VIM STATUS REPORT 2026-07-01 8.49 AM.xlsx:1760; Document ID=2758275
existing,SANCAP,source_row,SanCap - VIM STATUS REPORT 2026-07-01 8.49 AM.xlsx:1761; Document ID=2768278
existing,SANCAP,source_row,SanCap - VIM STATUS REPORT 2026-07-01 8.49 AM.xlsx:1762; Document ID=2849846
existing,SANCAP,source_row,SanCap - VIM STATUS REPORT 2026-07-01 8.49 AM.xlsx:1763; Document ID=2849910
existing,SANCAP,source_row,SanCap - VIM STATUS REPORT 2026-07-01 8.49 AM.xlsx:1764; Document ID=2856382
existing,SANCAP,source_row,SanCap - VIM STATUS REPORT 2026-07-01 8.49 AM.xlsx:1765; Document ID=2856389
existing,SANCAP,source_row,SanCap - VIM STATUS REPORT 2026-07-01 8.49 AM.xlsx:1766; Document ID=2856401
existing,SANCAP,source_row,SanCap - VIM STATUS REPORT 2026-07-01 8.49 AM.xlsx:1767; Document ID=2859112
existing,SANCAP,source_row,SanCap - VIM STATUS REPORT 2026-07-01 8.49 AM.xlsx:1768; Document ID=2859805
existing,SANCAP,source_row,SanCap - VIM STATUS REPORT 2026-07-01 8.49 AM.xlsx:1769; Document ID=2860980
existing,SANCAP,source_row,SanCap - VIM STATUS REPORT 2026-07-01 8.49 AM.xlsx:1775; Document ID=2863173
existing,SANCAP,source_row,SanCap - VIM STATUS REPORT 2026-07-01 8.49 AM.xlsx:1776; Document ID=2863256
existing,SANCAP,source_row,SanCap - VIM STATUS REPORT 2026-07-01 8.49 AM.xlsx:1777; Document ID=2863303
existing,SANCAP,source_row,SanCap - VIM STATUS REPORT 2026-07-01 8.49 AM.xlsx:1779; Document ID=2863579
existing,SANCAP,source_row,SanCap - VIM STATUS REPORT 2026-07-01 8.49 AM.xlsx:1780; Document ID=2863613
existing,SANCAP,source_row,SanCap - VIM STATUS REPORT 2026-07-01 8.49 AM.xlsx:1781; Document ID=2863633
existing,SANCAP,source_row,SanCap - VIM STATUS REPORT 2026-07-01 8.49 AM.xlsx:1782; Document ID=2863650
existing,SANCAP,source_row,SanCap - VIM STATUS REPORT 2026-07-01 8.49 AM.xlsx:1783; Document ID=2863669
existing,SANCAP,source_row,SanCap - VIM STATUS REPORT 2026-07-01 8.49 AM.xlsx:1784; Document ID=2863678
existing,SANCAP,source_row,SanCap - VIM STATUS REPORT 2026-07-01 8.49 AM.xlsx:1785; Document ID=2863679
existing,SANCAP,source_row,SanCap - VIM STATUS REPORT 2026-07-01 8.49 AM.xlsx:1786; Document ID=2863681
existing,SANCAP,source_row,SanCap - VIM STATUS REPORT 2026-07-01 8.49 AM.xlsx:1787; Document ID=2863683
existing,SANCAP,source_row,SanCap - VIM STATUS REPORT 2026-07-01 8.49 AM.xlsx:1788; Document ID=2863686
existing,SANCAP,source_row,SanCap - VIM STATUS REPORT 2026-07-01 8.49 AM.xlsx:1789; Document ID=2863721
existing,SANCAP,source_row,SanCap - VIM STATUS REPORT 2026-07-01 8.49 AM.xlsx:1790; Document ID=2863889
existing,SANCAP,source_row,SanCap - VIM STATUS REPORT 2026-07-01 8.49 AM.xlsx:1791; Document ID=2863904
existing,SANCAP,source_row,SanCap - VIM STATUS REPORT 2026-07-01 8.49 AM.xlsx:1792; Document ID=2863911
existing,SANCAP,source_row,SanCap - VIM STATUS REPORT 2026-07-01 8.49 AM.xlsx:1793; Document ID=2801285
existing,SANCAP,source_row,SanCap - VIM STATUS REPORT 2026-07-01 8.49 AM.xlsx:1794; Document ID=2852932
existing,SANCAP,source_row,SanCap - VIM STATUS REPORT 2026-07-01 8.49 AM.xlsx:1795; Document ID=2855319
existing,SANCAP,source_row,SanCap - VIM STATUS REPORT 2026-07-01 8.49 AM.xlsx:1796; Document ID=2855447
existing,SANCAP,source_row,SanCap - VIM STATUS REPORT 2026-07-01 8.49 AM.xlsx:1797; Document ID=2855748
existing,SANCAP,source_row,SanCap - VIM STATUS REPORT 2026-07-01 8.49 AM.xlsx:1798; Document ID=2856506
existing,SANCAP,source_row,SanCap - VIM STATUS REPORT 2026-07-01 8.49 AM.xlsx:1799; Document ID=2856663
existing,SANCAP,source_row,SanCap - VIM STATUS REPORT 2026-07-01 8.49 AM.xlsx:1800; Document ID=2856706
existing,SANCAP,source_row,SanCap - VIM STATUS REPORT 2026-07-01 8.49 AM.xlsx:1801; Document ID=2856732
existing,SANCAP,source_row,SanCap - VIM STATUS REPORT 2026-07-01 8.49 AM.xlsx:1803; Document ID=2858398
existing,SANCAP,source_row,SanCap - VIM STATUS REPORT 2026-07-01 8.49 AM.xlsx:1804; Document ID=2858866
existing,SANCAP,source_row,SanCap - VIM STATUS REPORT 2026-07-01 8.49 AM.xlsx:1805; Document ID=2859052
existing,SANCAP,source_row,SanCap - VIM STATUS REPORT 2026-07-01 8.49 AM.xlsx:1806; Document ID=2859077
existing,SANCAP,source_row,SanCap - VIM STATUS REPORT 2026-07-01 8.49 AM.xlsx:1807; Document ID=2859192
existing,SANCAP,source_row,SanCap - VIM STATUS REPORT 2026-07-01 8.49 AM.xlsx:1808; Document ID=2859309
existing,SANCAP,source_row,SanCap - VIM STATUS REPORT 2026-07-01 8.49 AM.xlsx:1810; Document ID=2859468
existing,SANCAP,source_row,SanCap - VIM STATUS REPORT 2026-07-01 8.49 AM.xlsx:1811; Document ID=2851860
existing,SANCAP,source_row,SanCap - VIM STATUS REPORT 2026-07-01 8.49 AM.xlsx:1812; Document ID=2851873
existing,SANCAP,source_row,SanCap - VIM STATUS REPORT 2026-07-01 8.49 AM.xlsx:1813; Document ID=2851886
existing,SANCAP,source_row,SanCap - VIM STATUS REPORT 2026-07-01 8.49 AM.xlsx:1814; Document ID=2852993
existing,SANCAP,source_row,SanCap - VIM STATUS REPORT 2026-07-01 8.49 AM.xlsx:1815; Document ID=2853002
existing,SANCAP,source_row,SanCap - VIM STATUS REPORT 2026-07-01 8.49 AM.xlsx:1816; Document ID=2853006
existing,SANCAP,source_row,SanCap - VIM STATUS REPORT 2026-07-01 8.49 AM.xlsx:1817; Document ID=2854914
existing,SANCAP,source_row,SanCap - VIM STATUS REPORT 2026-07-01 8.49 AM.xlsx:1818; Document ID=2854922
existing,SANCAP,source_row,SanCap - VIM STATUS REPORT 2026-07-01 8.49 AM.xlsx:1819; Document ID=2854934
existing,SANCAP,source_row,SanCap - VIM STATUS REPORT 2026-07-01 8.49 AM.xlsx:1820; Document ID=2855024
existing,SANCAP,source_row,SanCap - VIM STATUS REPORT 2026-07-01 8.49 AM.xlsx:1821; Document ID=2855074
existing,SANCAP,source_row,SanCap - VIM STATUS REPORT 2026-07-01 8.49 AM.xlsx:1823; Document ID=2855832
existing,SANCAP,source_row,SanCap - VIM STATUS REPORT 2026-07-01 8.49 AM.xlsx:1826; Document ID=2856444
existing,SANCAP,source_row,SanCap - VIM STATUS REPORT 2026-07-01 8.49 AM.xlsx:1829; Document ID=2856613
existing,SANCAP,source_row,SanCap - VIM STATUS REPORT 2026-07-01 8.49 AM.xlsx:1830; Document ID=2832814
existing,SANCAP,source_row,SanCap - VIM STATUS REPORT 2026-07-01 8.49 AM.xlsx:1831; Document ID=2838750
existing,SANCAP,source_row,SanCap - VIM STATUS REPORT 2026-07-01 8.49 AM.xlsx:1832; Document ID=2838751
existing,SANCAP,source_row,SanCap - VIM STATUS REPORT 2026-07-01 8.49 AM.xlsx:1833; Document ID=2838752
existing,SANCAP,source_row,SanCap - VIM STATUS REPORT 2026-07-01 8.49 AM.xlsx:1834; Document ID=2842346
existing,SANCAP,source_row,SanCap - VIM STATUS REPORT 2026-07-01 8.49 AM.xlsx:1835; Document ID=2844844
existing,SANCAP,source_row,SanCap - VIM STATUS REPORT 2026-07-01 8.49 AM.xlsx:1836; Document ID=2845447
existing,SANCAP,source_row,SanCap - VIM STATUS REPORT 2026-07-01 8.49 AM.xlsx:1837; Document ID=2849837
existing,SANCAP,source_row,SanCap - VIM STATUS REPORT 2026-07-01 8.49 AM.xlsx:1838; Document ID=2851490
existing,SANCAP,source_row,SanCap - VIM STATUS REPORT 2026-07-01 8.49 AM.xlsx:1839; Document ID=2851497
existing,SANCAP,source_row,SanCap - VIM STATUS REPORT 2026-07-01 8.49 AM.xlsx:1840; Document ID=2851511
existing,SANCAP,source_row,SanCap - VIM STATUS REPORT 2026-07-01 8.49 AM.xlsx:1841; Document ID=2851531
existing,SANCAP,source_row,SanCap - VIM STATUS REPORT 2026-07-01 8.49 AM.xlsx:1843; Document ID=2851756
existing,SANCAP,source_row,SanCap - VIM STATUS REPORT 2026-07-01 8.49 AM.xlsx:1844; Document ID=2852219
existing,SANCAP,source_row,SanCap - VIM STATUS REPORT 2026-07-01 8.49 AM.xlsx:1845; Document ID=2852282
existing,SANCAP,source_row,SanCap - VIM STATUS REPORT 2026-07-01 8.49 AM.xlsx:1847; Document ID=2852320
existing,SANCAP,source_row,SanCap - VIM STATUS REPORT 2026-07-01 8.49 AM.xlsx:1848; Document ID=2852385
existing,SANCAP,source_row,SanCap - VIM STATUS REPORT 2026-07-01 8.49 AM.xlsx:1849; Document ID=2852965
existing,SANCAP,source_row,SanCap - VIM STATUS REPORT 2026-07-01 8.49 AM.xlsx:1850; Document ID=2762582
existing,SANCAP,source_row,SanCap - VIM STATUS REPORT 2026-07-01 8.49 AM.xlsx:1851; Document ID=2811997
existing,SANCAP,source_row,SanCap - VIM STATUS REPORT 2026-07-01 8.49 AM.xlsx:1853; Document ID=2842191
existing,SANCAP,source_row,SanCap - VIM STATUS REPORT 2026-07-01 8.49 AM.xlsx:1854; Document ID=2845845
existing,SANCAP,source_row,SanCap - VIM STATUS REPORT 2026-07-01 8.49 AM.xlsx:1855; Document ID=2846306
existing,SANCAP,source_row,SanCap - VIM STATUS REPORT 2026-07-01 8.49 AM.xlsx:1859; Document ID=2842362
existing,SANCAP,source_row,SanCap - VIM STATUS REPORT 2026-07-01 8.49 AM.xlsx:1860; Document ID=2842523
existing,SANCAP,source_row,SanCap - VIM STATUS REPORT 2026-07-01 8.49 AM.xlsx:1861; Document ID=2842557
existing,SANCAP,source_row,SanCap - VIM STATUS REPORT 2026-07-01 8.49 AM.xlsx:1862; Document ID=2842565
existing,SANCAP,source_row,SanCap - VIM STATUS REPORT 2026-07-01 8.49 AM.xlsx:1863; Document ID=2843282
existing,SANCAP,source_row,SanCap - VIM STATUS REPORT 2026-07-01 8.49 AM.xlsx:1864; Document ID=2843297
existing,SANCAP,source_row,SanCap - VIM STATUS REPORT 2026-07-01 8.49 AM.xlsx:1865; Document ID=2843298
existing,SANCAP,source_row,SanCap - VIM STATUS REPORT 2026-07-01 8.49 AM.xlsx:1866; Document ID=2843299
existing,SANCAP,source_row,SanCap - VIM STATUS REPORT 2026-07-01 8.49 AM.xlsx:1867; Document ID=2843654
existing,SANCAP,source_row,SanCap - VIM STATUS REPORT 2026-07-01 8.49 AM.xlsx:1868; Document ID=2843655
existing,SANCAP,source_row,SanCap - VIM STATUS REPORT 2026-07-01 8.49 AM.xlsx:1869; Document ID=2844812
existing,SANCAP,source_row,SanCap - VIM STATUS REPORT 2026-07-01 8.49 AM.xlsx:1870; Document ID=2844815
existing,SANCAP,source_row,SanCap - VIM STATUS REPORT 2026-07-01 8.49 AM.xlsx:1871; Document ID=2844835
existing,SANCAP,source_row,SanCap - VIM STATUS REPORT 2026-07-01 8.49 AM.xlsx:1872; Document ID=2844871
existing,SANCAP,source_row,SanCap - VIM STATUS REPORT 2026-07-01 8.49 AM.xlsx:1873; Document ID=2844883
existing,SANCAP,source_row,SanCap - VIM STATUS REPORT 2026-07-01 8.49 AM.xlsx:1874; Document ID=2844920
existing,SANCAP,source_row,SanCap - VIM STATUS REPORT 2026-07-01 8.49 AM.xlsx:1875; Document ID=2844948
existing,SANCAP,source_row,SanCap - VIM STATUS REPORT 2026-07-01 8.49 AM.xlsx:1876; Document ID=2845154
existing,SANCAP,source_row,SanCap - VIM STATUS REPORT 2026-07-01 8.49 AM.xlsx:1877; Document ID=2845253
existing,SANCAP,source_row,SanCap - VIM STATUS REPORT 2026-07-01 8.49 AM.xlsx:1881; Document ID=2793794
existing,SANCAP,source_row,SanCap - VIM STATUS REPORT 2026-07-01 8.49 AM.xlsx:1882; Document ID=2805054
existing,SANCAP,source_row,SanCap - VIM STATUS REPORT 2026-07-01 8.49 AM.xlsx:1883; Document ID=2824910
existing,SANCAP,source_row,SanCap - VIM STATUS REPORT 2026-07-01 8.49 AM.xlsx:1884; Document ID=2825277
existing,SANCAP,source_row,SanCap - VIM STATUS REPORT 2026-07-01 8.49 AM.xlsx:1885; Document ID=2829437
existing,SANCAP,source_row,SanCap - VIM STATUS REPORT 2026-07-01 8.49 AM.xlsx:1886; Document ID=2829889
existing,SANCAP,source_row,SanCap - VIM STATUS REPORT 2026-07-01 8.49 AM.xlsx:1887; Document ID=2830146
existing,SANCAP,source_row,SanCap - VIM STATUS REPORT 2026-07-01 8.49 AM.xlsx:1891; Document ID=2836045
existing,SANCAP,source_row,SanCap - VIM STATUS REPORT 2026-07-01 8.49 AM.xlsx:1892; Document ID=2836058
existing,SANCAP,source_row,SanCap - VIM STATUS REPORT 2026-07-01 8.49 AM.xlsx:1893; Document ID=2836062
existing,SANCAP,source_row,SanCap - VIM STATUS REPORT 2026-07-01 8.49 AM.xlsx:1894; Document ID=2836080
existing,SANCAP,source_row,SanCap - VIM STATUS REPORT 2026-07-01 8.49 AM.xlsx:1895; Document ID=2836081
existing,SANCAP,source_row,SanCap - VIM STATUS REPORT 2026-07-01 8.49 AM.xlsx:1896; Document ID=2836104
existing,SANCAP,source_row,SanCap - VIM STATUS REPORT 2026-07-01 8.49 AM.xlsx:1897; Document ID=2836114
existing,SANCAP,source_row,SanCap - VIM STATUS REPORT 2026-07-01 8.49 AM.xlsx:1898; Document ID=2836127
existing,SANCAP,source_row,SanCap - VIM STATUS REPORT 2026-07-01 8.49 AM.xlsx:1899; Document ID=2836137
existing,SANCAP,source_row,SanCap - VIM STATUS REPORT 2026-07-01 8.49 AM.xlsx:1900; Document ID=2836147
existing,SANCAP,source_row,SanCap - VIM STATUS REPORT 2026-07-01 8.49 AM.xlsx:1901; Document ID=2836153
existing,SANCAP,source_row,SanCap - VIM STATUS REPORT 2026-07-01 8.49 AM.xlsx:1902; Document ID=2836159
existing,SANCAP,source_row,SanCap - VIM STATUS REPORT 2026-07-01 8.49 AM.xlsx:1903; Document ID=2837266
existing,SANCAP,source_row,SanCap - VIM STATUS REPORT 2026-07-01 8.49 AM.xlsx:1904; Document ID=2837308
existing,SANCAP,source_row,SanCap - VIM STATUS REPORT 2026-07-01 8.49 AM.xlsx:1905; Document ID=2838066
existing,SANCAP,source_row,SanCap - VIM STATUS REPORT 2026-07-01 8.49 AM.xlsx:1906; Document ID=2838181
existing,SANCAP,source_row,SanCap - VIM STATUS REPORT 2026-07-01 8.49 AM.xlsx:1907; Document ID=2838203
existing,SANCAP,source_row,SanCap - VIM STATUS REPORT 2026-07-01 8.49 AM.xlsx:1908; Document ID=2838219
existing,SANCAP,source_row,SanCap - VIM STATUS REPORT 2026-07-01 8.49 AM.xlsx:1909; Document ID=2838245
existing,SANCAP,source_row,SanCap - VIM STATUS REPORT 2026-07-01 8.49 AM.xlsx:1910; Document ID=2838279
existing,SANCAP,source_row,SanCap - VIM STATUS REPORT 2026-07-01 8.49 AM.xlsx:1911; Document ID=2838333
existing,SANCAP,source_row,SanCap - VIM STATUS REPORT 2026-07-01 8.49 AM.xlsx:1912; Document ID=2838405
existing,SANCAP,source_row,SanCap - VIM STATUS REPORT 2026-07-01 8.49 AM.xlsx:1913; Document ID=2840474
existing,SANCAP,source_row,SanCap - VIM STATUS REPORT 2026-07-01 8.49 AM.xlsx:1914; Document ID=2840505
existing,SANCAP,source_row,SanCap - VIM STATUS REPORT 2026-07-01 8.49 AM.xlsx:1915; Document ID=2840540
existing,SANCAP,source_row,SanCap - VIM STATUS REPORT 2026-07-01 8.49 AM.xlsx:1916; Document ID=2840625
existing,SANCAP,source_row,SanCap - VIM STATUS REPORT 2026-07-01 8.49 AM.xlsx:1917; Document ID=2840707
existing,SANCAP,source_row,SanCap - VIM STATUS REPORT 2026-07-01 8.49 AM.xlsx:1918; Document ID=2840791
existing,SANCAP,source_row,SanCap - VIM STATUS REPORT 2026-07-01 8.49 AM.xlsx:1919; Document ID=2840806
existing,SANCAP,source_row,SanCap - VIM STATUS REPORT 2026-07-01 8.49 AM.xlsx:1920; Document ID=2840816
existing,SANCAP,source_row,SanCap - VIM STATUS REPORT 2026-07-01 8.49 AM.xlsx:1922; Document ID=2840971
existing,SANCAP,source_row,SanCap - VIM STATUS REPORT 2026-07-01 8.49 AM.xlsx:1923; Document ID=2840996
existing,SANCAP,source_row,SanCap - VIM STATUS REPORT 2026-07-01 8.49 AM.xlsx:1924; Document ID=2840997
existing,SANCAP,source_row,SanCap - VIM STATUS REPORT 2026-07-01 8.49 AM.xlsx:1925; Document ID=2841022
existing,SANCAP,source_row,SanCap - VIM STATUS REPORT 2026-07-01 8.49 AM.xlsx:1926; Document ID=2841067
existing,SANCAP,source_row,SanCap - VIM STATUS REPORT 2026-07-01 8.49 AM.xlsx:1928; Document ID=2841785
existing,SANCAP,source_row,SanCap - VIM STATUS REPORT 2026-07-01 8.49 AM.xlsx:1929; Document ID=2842048
existing,SANCAP,source_row,SanCap - VIM STATUS REPORT 2026-07-01 8.49 AM.xlsx:1930; Document ID=2842155
existing,SANCAP,source_row,SanCap - VIM STATUS REPORT 2026-07-01 8.49 AM.xlsx:1931; Document ID=2842203
existing,SANCAP,source_row,SanCap - VIM STATUS REPORT 2026-07-01 8.49 AM.xlsx:1932; Document ID=2842219
existing,SANCAP,source_row,SanCap - VIM STATUS REPORT 2026-07-01 8.49 AM.xlsx:1933; Document ID=2842236
existing,SANCAP,source_row,SanCap - VIM STATUS REPORT 2026-07-01 8.49 AM.xlsx:1935; Document ID=2842249
existing,SANCAP,source_row,SanCap - VIM STATUS REPORT 2026-07-01 8.49 AM.xlsx:1937; Document ID=2832669
existing,SANCAP,source_row,SanCap - VIM STATUS REPORT 2026-07-01 8.49 AM.xlsx:1938; Document ID=2832837
existing,SANCAP,source_row,SanCap - VIM STATUS REPORT 2026-07-01 8.49 AM.xlsx:1939; Document ID=2833110
existing,SANCAP,source_row,SanCap - VIM STATUS REPORT 2026-07-01 8.49 AM.xlsx:1940; Document ID=2833123
existing,SANCAP,source_row,SanCap - VIM STATUS REPORT 2026-07-01 8.49 AM.xlsx:1941; Document ID=2835860
existing,SANCAP,source_row,SanCap - VIM STATUS REPORT 2026-07-01 8.49 AM.xlsx:1942; Document ID=2835872
existing,SANCAP,source_row,SanCap - VIM STATUS REPORT 2026-07-01 8.49 AM.xlsx:1943; Document ID=2835919
existing,SANCAP,source_row,SanCap - VIM STATUS REPORT 2026-07-01 8.49 AM.xlsx:1945; Document ID=2836016
existing,SANCAP,source_row,SanCap - VIM STATUS REPORT 2026-07-01 8.49 AM.xlsx:1946; Document ID=2836507
existing,SANCAP,source_row,SanCap - VIM STATUS REPORT 2026-07-01 8.49 AM.xlsx:1947; Document ID=2836520
existing,SANCAP,source_row,SanCap - VIM STATUS REPORT 2026-07-01 8.49 AM.xlsx:1948; Document ID=2836536
existing,SANCAP,source_row,SanCap - VIM STATUS REPORT 2026-07-01 8.49 AM.xlsx:1949; Document ID=2836547
existing,SANCAP,source_row,SanCap - VIM STATUS REPORT 2026-07-01 8.49 AM.xlsx:1950; Document ID=2836556
existing,SANCAP,source_row,SanCap - VIM STATUS REPORT 2026-07-01 8.49 AM.xlsx:1951; Document ID=2836569
existing,SANCAP,source_row,SanCap - VIM STATUS REPORT 2026-07-01 8.49 AM.xlsx:1952; Document ID=2836572
existing,SANCAP,source_row,SanCap - VIM STATUS REPORT 2026-07-01 8.49 AM.xlsx:1953; Document ID=2836582
existing,SANCAP,source_row,SanCap - VIM STATUS REPORT 2026-07-01 8.49 AM.xlsx:1954; Document ID=2836588
existing,SANCAP,source_row,SanCap - VIM STATUS REPORT 2026-07-01 8.49 AM.xlsx:1955; Document ID=2836641
existing,SANCAP,source_row,SanCap - VIM STATUS REPORT 2026-07-01 8.49 AM.xlsx:1956; Document ID=2836947
existing,SANCAP,source_row,SanCap - VIM STATUS REPORT 2026-07-01 8.49 AM.xlsx:1957; Document ID=2836979
existing,SANCAP,source_row,SanCap - VIM STATUS REPORT 2026-07-01 8.49 AM.xlsx:1958; Document ID=2837004
existing,SANCAP,source_row,SanCap - VIM STATUS REPORT 2026-07-01 8.49 AM.xlsx:1959; Document ID=2837015
existing,SANCAP,source_row,SanCap - VIM STATUS REPORT 2026-07-01 8.49 AM.xlsx:1960; Document ID=2837072
existing,SANCAP,source_row,SanCap - VIM STATUS REPORT 2026-07-01 8.49 AM.xlsx:1961; Document ID=2837081
existing,SANCAP,source_row,SanCap - VIM STATUS REPORT 2026-07-01 8.49 AM.xlsx:1962; Document ID=2837084
existing,SANCAP,source_row,SanCap - VIM STATUS REPORT 2026-07-01 8.49 AM.xlsx:1963; Document ID=2837155
existing,SANCAP,source_row,SanCap - VIM STATUS REPORT 2026-07-01 8.49 AM.xlsx:1964; Document ID=2837339
existing,SANCAP,source_row,SanCap - VIM STATUS REPORT 2026-07-01 8.49 AM.xlsx:1965; Document ID=2837397
existing,SANCAP,source_row,SanCap - VIM STATUS REPORT 2026-07-01 8.49 AM.xlsx:1967; Document ID=2837753
existing,SANCAP,source_row,SanCap - VIM STATUS REPORT 2026-07-01 8.49 AM.xlsx:1968; Document ID=2837766
existing,SANCAP,source_row,SanCap - VIM STATUS REPORT 2026-07-01 8.49 AM.xlsx:1969; Document ID=2837812
existing,SANCAP,source_row,SanCap - VIM STATUS REPORT 2026-07-01 8.49 AM.xlsx:1970; Document ID=2837846
existing,SANCAP,source_row,SanCap - VIM STATUS REPORT 2026-07-01 8.49 AM.xlsx:1971; Document ID=2837984
existing,SANCAP,source_row,SanCap - VIM STATUS REPORT 2026-07-01 8.49 AM.xlsx:1975; Document ID=2838753
existing,SANCAP,source_row,SanCap - VIM STATUS REPORT 2026-07-01 8.49 AM.xlsx:1976; Document ID=2838754
existing,SANCAP,source_row,SanCap - VIM STATUS REPORT 2026-07-01 8.49 AM.xlsx:1977; Document ID=2838755
existing,SANCAP,source_row,SanCap - VIM STATUS REPORT 2026-07-01 8.49 AM.xlsx:1978; Document ID=2838757
existing,SANCAP,source_row,SanCap - VIM STATUS REPORT 2026-07-01 8.49 AM.xlsx:1979; Document ID=2797939
existing,SANCAP,source_row,SanCap - VIM STATUS REPORT 2026-07-01 8.49 AM.xlsx:1980; Document ID=2806323
existing,SANCAP,source_row,SanCap - VIM STATUS REPORT 2026-07-01 8.49 AM.xlsx:1981; Document ID=2806354
existing,SANCAP,source_row,SanCap - VIM STATUS REPORT 2026-07-01 8.49 AM.xlsx:1982; Document ID=2814274
existing,SANCAP,source_row,SanCap - VIM STATUS REPORT 2026-07-01 8.49 AM.xlsx:1983; Document ID=2814295
existing,SANCAP,source_row,SanCap - VIM STATUS REPORT 2026-07-01 8.49 AM.xlsx:1984; Document ID=2830270
existing,SANCAP,source_row,SanCap - VIM STATUS REPORT 2026-07-01 8.49 AM.xlsx:1985; Document ID=2832207
existing,SANCAP,source_row,SanCap - VIM STATUS REPORT 2026-07-01 8.49 AM.xlsx:1986; Document ID=2832227
existing,SANCAP,source_row,SanCap - VIM STATUS REPORT 2026-07-01 8.49 AM.xlsx:1988; Document ID=2832623
existing,SANCAP,source_row,SanCap - VIM STATUS REPORT 2026-07-01 8.49 AM.xlsx:1989; Document ID=2832628
existing,SANCAP,source_row,SanCap - VIM STATUS REPORT 2026-07-01 8.49 AM.xlsx:1990; Document ID=2832637
existing,SANCAP,source_row,SanCap - VIM STATUS REPORT 2026-07-01 8.49 AM.xlsx:1991; Document ID=2832643
existing,SANCAP,source_row,SanCap - VIM STATUS REPORT 2026-07-01 8.49 AM.xlsx:1992; Document ID=2832646
existing,SANCAP,source_row,SanCap - VIM STATUS REPORT 2026-07-01 8.49 AM.xlsx:1993; Document ID=2832708
existing,SANCAP,source_row,SanCap - VIM STATUS REPORT 2026-07-01 8.49 AM.xlsx:1994; Document ID=2832709
existing,SANCAP,source_row,SanCap - VIM STATUS REPORT 2026-07-01 8.49 AM.xlsx:1995; Document ID=2832742
existing,SANCAP,source_row,SanCap - VIM STATUS REPORT 2026-07-01 8.49 AM.xlsx:1996; Document ID=2832807
existing,SANCAP,source_row,SanCap - VIM STATUS REPORT 2026-07-01 8.49 AM.xlsx:1997; Document ID=2832833
existing,SANCAP,source_row,SanCap - VIM STATUS REPORT 2026-07-01 8.49 AM.xlsx:1998; Document ID=2832842
existing,SANCAP,source_row,SanCap - VIM STATUS REPORT 2026-07-01 8.49 AM.xlsx:1999; Document ID=2832845
existing,SANCAP,source_row,SanCap - VIM STATUS REPORT 2026-07-01 8.49 AM.xlsx:2001; Document ID=2832861
existing,SANCAP,source_row,SanCap - VIM STATUS REPORT 2026-07-01 8.49 AM.xlsx:2002; Document ID=2832865
existing,SANCAP,source_row,SanCap - VIM STATUS REPORT 2026-07-01 8.49 AM.xlsx:2003; Document ID=2832895
existing,SANCAP,source_row,SanCap - VIM STATUS REPORT 2026-07-01 8.49 AM.xlsx:2005; Document ID=2810860
existing,SANCAP,source_row,SanCap - VIM STATUS REPORT 2026-07-01 8.49 AM.xlsx:2006; Document ID=2820922
existing,SANCAP,source_row,SanCap - VIM STATUS REPORT 2026-07-01 8.49 AM.xlsx:2007; Document ID=2827009
existing,SANCAP,source_row,SanCap - VIM STATUS REPORT 2026-07-01 8.49 AM.xlsx:2008; Document ID=2827017
existing,SANCAP,source_row,SanCap - VIM STATUS REPORT 2026-07-01 8.49 AM.xlsx:2009; Document ID=2827018
existing,SANCAP,source_row,SanCap - VIM STATUS REPORT 2026-07-01 8.49 AM.xlsx:2010; Document ID=2827020
existing,SANCAP,source_row,SanCap - VIM STATUS REPORT 2026-07-01 8.49 AM.xlsx:2012; Document ID=2829072
existing,SANCAP,source_row,SanCap - VIM STATUS REPORT 2026-07-01 8.49 AM.xlsx:2013; Document ID=2829108
existing,SANCAP,source_row,SanCap - VIM STATUS REPORT 2026-07-01 8.49 AM.xlsx:2014; Document ID=2829121
existing,SANCAP,source_row,SanCap - VIM STATUS REPORT 2026-07-01 8.49 AM.xlsx:2015; Document ID=2829133
existing,SANCAP,source_row,SanCap - VIM STATUS REPORT 2026-07-01 8.49 AM.xlsx:2016; Document ID=2829150
existing,SANCAP,source_row,SanCap - VIM STATUS REPORT 2026-07-01 8.49 AM.xlsx:2017; Document ID=2829165
existing,SANCAP,source_row,SanCap - VIM STATUS REPORT 2026-07-01 8.49 AM.xlsx:2018; Document ID=2829177
existing,SANCAP,source_row,SanCap - VIM STATUS REPORT 2026-07-01 8.49 AM.xlsx:2019; Document ID=2829336
existing,SANCAP,source_row,SanCap - VIM STATUS REPORT 2026-07-01 8.49 AM.xlsx:2022; Document ID=2829672
existing,SANCAP,source_row,SanCap - VIM STATUS REPORT 2026-07-01 8.49 AM.xlsx:2023; Document ID=2829810
existing,SANCAP,source_row,SanCap - VIM STATUS REPORT 2026-07-01 8.49 AM.xlsx:2024; Document ID=2829823
existing,SANCAP,source_row,SanCap - VIM STATUS REPORT 2026-07-01 8.49 AM.xlsx:2025; Document ID=2829878
existing,SANCAP,source_row,SanCap - VIM STATUS REPORT 2026-07-01 8.49 AM.xlsx:2026; Document ID=2829969
existing,SANCAP,source_row,SanCap - VIM STATUS REPORT 2026-07-01 8.49 AM.xlsx:2027; Document ID=2830169
existing,SANCAP,source_row,SanCap - VIM STATUS REPORT 2026-07-01 8.49 AM.xlsx:2028; Document ID=2773673
existing,SANCAP,source_row,SanCap - VIM STATUS REPORT 2026-07-01 8.49 AM.xlsx:2030; Document ID=2801166
existing,SANCAP,source_row,SanCap - VIM STATUS REPORT 2026-07-01 8.49 AM.xlsx:2031; Document ID=2814780
existing,SANCAP,source_row,SanCap - VIM STATUS REPORT 2026-07-01 8.49 AM.xlsx:2032; Document ID=2815163
existing,SANCAP,source_row,SanCap - VIM STATUS REPORT 2026-07-01 8.49 AM.xlsx:2033; Document ID=2816230
existing,SANCAP,source_row,SanCap - VIM STATUS REPORT 2026-07-01 8.49 AM.xlsx:2034; Document ID=2821473
existing,SANCAP,source_row,SanCap - VIM STATUS REPORT 2026-07-01 8.49 AM.xlsx:2035; Document ID=2821649
existing,SANCAP,source_row,SanCap - VIM STATUS REPORT 2026-07-01 8.49 AM.xlsx:2036; Document ID=2821651
existing,SANCAP,source_row,SanCap - VIM STATUS REPORT 2026-07-01 8.49 AM.xlsx:2037; Document ID=2821660
existing,SANCAP,source_row,SanCap - VIM STATUS REPORT 2026-07-01 8.49 AM.xlsx:2038; Document ID=2821666
existing,SANCAP,source_row,SanCap - VIM STATUS REPORT 2026-07-01 8.49 AM.xlsx:2039; Document ID=2821674
existing,SANCAP,source_row,SanCap - VIM STATUS REPORT 2026-07-01 8.49 AM.xlsx:2040; Document ID=2821763
existing,SANCAP,source_row,SanCap - VIM STATUS REPORT 2026-07-01 8.49 AM.xlsx:2041; Document ID=2821838
existing,SANCAP,source_row,SanCap - VIM STATUS REPORT 2026-07-01 8.49 AM.xlsx:2042; Document ID=2821855
existing,SANCAP,source_row,SanCap - VIM STATUS REPORT 2026-07-01 8.49 AM.xlsx:2043; Document ID=2821928
existing,SANCAP,source_row,SanCap - VIM STATUS REPORT 2026-07-01 8.49 AM.xlsx:2044; Document ID=2824043
existing,SANCAP,source_row,SanCap - VIM STATUS REPORT 2026-07-01 8.49 AM.xlsx:2045; Document ID=2824058
existing,SANCAP,source_row,SanCap - VIM STATUS REPORT 2026-07-01 8.49 AM.xlsx:2046; Document ID=2824217
existing,SANCAP,source_row,SanCap - VIM STATUS REPORT 2026-07-01 8.49 AM.xlsx:2047; Document ID=2824259
existing,SANCAP,source_row,SanCap - VIM STATUS REPORT 2026-07-01 8.49 AM.xlsx:2048; Document ID=2824273
existing,SANCAP,source_row,SanCap - VIM STATUS REPORT 2026-07-01 8.49 AM.xlsx:2049; Document ID=2824787
existing,SANCAP,source_row,SanCap - VIM STATUS REPORT 2026-07-01 8.49 AM.xlsx:2050; Document ID=2824905
existing,SANCAP,source_row,SanCap - VIM STATUS REPORT 2026-07-01 8.49 AM.xlsx:2051; Document ID=2824939
existing,SANCAP,source_row,SanCap - VIM STATUS REPORT 2026-07-01 8.49 AM.xlsx:2052; Document ID=2825011
existing,SANCAP,source_row,SanCap - VIM STATUS REPORT 2026-07-01 8.49 AM.xlsx:2053; Document ID=2825210
existing,SANCAP,source_row,SanCap - VIM STATUS REPORT 2026-07-01 8.49 AM.xlsx:2054; Document ID=2825268
existing,SANCAP,source_row,SanCap - VIM STATUS REPORT 2026-07-01 8.49 AM.xlsx:2055; Document ID=2825283
existing,SANCAP,source_row,SanCap - VIM STATUS REPORT 2026-07-01 8.49 AM.xlsx:2056; Document ID=2825385
existing,SANCAP,source_row,SanCap - VIM STATUS REPORT 2026-07-01 8.49 AM.xlsx:2057; Document ID=2825545
existing,SANCAP,source_row,SanCap - VIM STATUS REPORT 2026-07-01 8.49 AM.xlsx:2058; Document ID=2825637
existing,SANCAP,source_row,SanCap - VIM STATUS REPORT 2026-07-01 8.49 AM.xlsx:2059; Document ID=2825667
existing,SANCAP,source_row,SanCap - VIM STATUS REPORT 2026-07-01 8.49 AM.xlsx:2060; Document ID=2826062
existing,SANCAP,source_row,SanCap - VIM STATUS REPORT 2026-07-01 8.49 AM.xlsx:2061; Document ID=2698595
existing,SANCAP,source_row,SanCap - VIM STATUS REPORT 2026-07-01 8.49 AM.xlsx:2062; Document ID=2765671
existing,SANCAP,source_row,SanCap - VIM STATUS REPORT 2026-07-01 8.49 AM.xlsx:2063; Document ID=2790393
existing,SANCAP,source_row,SanCap - VIM STATUS REPORT 2026-07-01 8.49 AM.xlsx:2064; Document ID=2793286
existing,SANCAP,source_row,SanCap - VIM STATUS REPORT 2026-07-01 8.49 AM.xlsx:2065; Document ID=2796649
existing,SANCAP,source_row,SanCap - VIM STATUS REPORT 2026-07-01 8.49 AM.xlsx:2066; Document ID=2797134
existing,SANCAP,source_row,SanCap - VIM STATUS REPORT 2026-07-01 8.49 AM.xlsx:2067; Document ID=2797987
existing,SANCAP,source_row,SanCap - VIM STATUS REPORT 2026-07-01 8.49 AM.xlsx:2068; Document ID=2798015
existing,SANCAP,source_row,SanCap - VIM STATUS REPORT 2026-07-01 8.49 AM.xlsx:2069; Document ID=2811394
existing,SANCAP,source_row,SanCap - VIM STATUS REPORT 2026-07-01 8.49 AM.xlsx:2070; Document ID=2812255
existing,SANCAP,source_row,SanCap - VIM STATUS REPORT 2026-07-01 8.49 AM.xlsx:2071; Document ID=2815699
existing,SANCAP,source_row,SanCap - VIM STATUS REPORT 2026-07-01 8.49 AM.xlsx:2072; Document ID=2815784
existing,SANCAP,source_row,SanCap - VIM STATUS REPORT 2026-07-01 8.49 AM.xlsx:2073; Document ID=2815880
existing,SANCAP,source_row,SanCap - VIM STATUS REPORT 2026-07-01 8.49 AM.xlsx:2074; Document ID=2816215
existing,SANCAP,source_row,SanCap - VIM STATUS REPORT 2026-07-01 8.49 AM.xlsx:2075; Document ID=2817054
existing,SANCAP,source_row,SanCap - VIM STATUS REPORT 2026-07-01 8.49 AM.xlsx:2076; Document ID=2819693
existing,SANCAP,source_row,SanCap - VIM STATUS REPORT 2026-07-01 8.49 AM.xlsx:2077; Document ID=2819708
existing,SANCAP,source_row,SanCap - VIM STATUS REPORT 2026-07-01 8.49 AM.xlsx:2078; Document ID=2819739
existing,SANCAP,source_row,SanCap - VIM STATUS REPORT 2026-07-01 8.49 AM.xlsx:2079; Document ID=2819792
existing,SANCAP,source_row,SanCap - VIM STATUS REPORT 2026-07-01 8.49 AM.xlsx:2080; Document ID=2819794
existing,SANCAP,source_row,SanCap - VIM STATUS REPORT 2026-07-01 8.49 AM.xlsx:2081; Document ID=2819816
existing,SANCAP,source_row,SanCap - VIM STATUS REPORT 2026-07-01 8.49 AM.xlsx:2082; Document ID=2819942
existing,SANCAP,source_row,SanCap - VIM STATUS REPORT 2026-07-01 8.49 AM.xlsx:2083; Document ID=2819983
existing,SANCAP,source_row,SanCap - VIM STATUS REPORT 2026-07-01 8.49 AM.xlsx:2084; Document ID=2820007
existing,SANCAP,source_row,SanCap - VIM STATUS REPORT 2026-07-01 8.49 AM.xlsx:2085; Document ID=2820032
existing,SANCAP,source_row,SanCap - VIM STATUS REPORT 2026-07-01 8.49 AM.xlsx:2086; Document ID=2820066
existing,SANCAP,source_row,SanCap - VIM STATUS REPORT 2026-07-01 8.49 AM.xlsx:2088; Document ID=2820241
existing,SANCAP,source_row,SanCap - VIM STATUS REPORT 2026-07-01 8.49 AM.xlsx:2089; Document ID=2820272
existing,SANCAP,source_row,SanCap - VIM STATUS REPORT 2026-07-01 8.49 AM.xlsx:2090; Document ID=2820514
existing,SANCAP,source_row,SanCap - VIM STATUS REPORT 2026-07-01 8.49 AM.xlsx:2091; Document ID=2820956
existing,SANCAP,source_row,SanCap - VIM STATUS REPORT 2026-07-01 8.49 AM.xlsx:2092; Document ID=2820966
existing,SANCAP,source_row,SanCap - VIM STATUS REPORT 2026-07-01 8.49 AM.xlsx:2093; Document ID=2821000
existing,SANCAP,source_row,SanCap - VIM STATUS REPORT 2026-07-01 8.49 AM.xlsx:2095; Document ID=2821286
existing,SANCAP,source_row,SanCap - VIM STATUS REPORT 2026-07-01 8.49 AM.xlsx:2096; Document ID=2821544
existing,SANCAP,source_row,SanCap - VIM STATUS REPORT 2026-07-01 8.49 AM.xlsx:2097; Document ID=2821586
existing,SANCAP,source_row,SanCap - VIM STATUS REPORT 2026-07-01 8.49 AM.xlsx:2098; Document ID=2821591
existing,SANCAP,source_row,SanCap - VIM STATUS REPORT 2026-07-01 8.49 AM.xlsx:2099; Document ID=2746576
existing,SANCAP,source_row,SanCap - VIM STATUS REPORT 2026-07-01 8.49 AM.xlsx:2100; Document ID=2765182
existing,SANCAP,source_row,SanCap - VIM STATUS REPORT 2026-07-01 8.49 AM.xlsx:2101; Document ID=2765225
existing,SANCAP,source_row,SanCap - VIM STATUS REPORT 2026-07-01 8.49 AM.xlsx:2102; Document ID=2797189
existing,SANCAP,source_row,SanCap - VIM STATUS REPORT 2026-07-01 8.49 AM.xlsx:2103; Document ID=2798027
existing,SANCAP,source_row,SanCap - VIM STATUS REPORT 2026-07-01 8.49 AM.xlsx:2104; Document ID=2800986
existing,SANCAP,source_row,SanCap - VIM STATUS REPORT 2026-07-01 8.49 AM.xlsx:2105; Document ID=2806258
existing,SANCAP,source_row,SanCap - VIM STATUS REPORT 2026-07-01 8.49 AM.xlsx:2106; Document ID=2806326
existing,SANCAP,source_row,SanCap - VIM STATUS REPORT 2026-07-01 8.49 AM.xlsx:2107; Document ID=2806390
existing,SANCAP,source_row,SanCap - VIM STATUS REPORT 2026-07-01 8.49 AM.xlsx:2108; Document ID=2811528
existing,SANCAP,source_row,SanCap - VIM STATUS REPORT 2026-07-01 8.49 AM.xlsx:2109; Document ID=2811534
existing,SANCAP,source_row,SanCap - VIM STATUS REPORT 2026-07-01 8.49 AM.xlsx:2110; Document ID=2812272
existing,SANCAP,source_row,SanCap - VIM STATUS REPORT 2026-07-01 8.49 AM.xlsx:2111; Document ID=2812277
existing,SANCAP,source_row,SanCap - VIM STATUS REPORT 2026-07-01 8.49 AM.xlsx:2112; Document ID=2812280
existing,SANCAP,source_row,SanCap - VIM STATUS REPORT 2026-07-01 8.49 AM.xlsx:2113; Document ID=2812285
existing,SANCAP,source_row,SanCap - VIM STATUS REPORT 2026-07-01 8.49 AM.xlsx:2114; Document ID=2814266
existing,SANCAP,source_row,SanCap - VIM STATUS REPORT 2026-07-01 8.49 AM.xlsx:2115; Document ID=2814283
existing,SANCAP,source_row,SanCap - VIM STATUS REPORT 2026-07-01 8.49 AM.xlsx:2116; Document ID=2814332
existing,SANCAP,source_row,SanCap - VIM STATUS REPORT 2026-07-01 8.49 AM.xlsx:2118; Document ID=2814777
existing,SANCAP,source_row,SanCap - VIM STATUS REPORT 2026-07-01 8.49 AM.xlsx:2119; Document ID=2816351
existing,SANCAP,source_row,SanCap - VIM STATUS REPORT 2026-07-01 8.49 AM.xlsx:2120; Document ID=2816631
existing,SANCAP,source_row,SanCap - VIM STATUS REPORT 2026-07-01 8.49 AM.xlsx:2121; Document ID=2816632
existing,SANCAP,source_row,SanCap - VIM STATUS REPORT 2026-07-01 8.49 AM.xlsx:2122; Document ID=2816633
existing,SANCAP,source_row,SanCap - VIM STATUS REPORT 2026-07-01 8.49 AM.xlsx:2123; Document ID=2816635
existing,SANCAP,source_row,SanCap - VIM STATUS REPORT 2026-07-01 8.49 AM.xlsx:2124; Document ID=2816636
existing,SANCAP,source_row,SanCap - VIM STATUS REPORT 2026-07-01 8.49 AM.xlsx:2125; Document ID=2816637
existing,SANCAP,source_row,SanCap - VIM STATUS REPORT 2026-07-01 8.49 AM.xlsx:2126; Document ID=2816638
existing,SANCAP,source_row,SanCap - VIM STATUS REPORT 2026-07-01 8.49 AM.xlsx:2127; Document ID=2816639
existing,SANCAP,source_row,SanCap - VIM STATUS REPORT 2026-07-01 8.49 AM.xlsx:2128; Document ID=2816642
existing,SANCAP,source_row,SanCap - VIM STATUS REPORT 2026-07-01 8.49 AM.xlsx:2129; Document ID=2816647
existing,SANCAP,source_row,SanCap - VIM STATUS REPORT 2026-07-01 8.49 AM.xlsx:2130; Document ID=2816649
existing,SANCAP,source_row,SanCap - VIM STATUS REPORT 2026-07-01 8.49 AM.xlsx:2131; Document ID=2816652
existing,SANCAP,source_row,SanCap - VIM STATUS REPORT 2026-07-01 8.49 AM.xlsx:2132; Document ID=2816653
existing,SANCAP,source_row,SanCap - VIM STATUS REPORT 2026-07-01 8.49 AM.xlsx:2133; Document ID=2816655
existing,SANCAP,source_row,SanCap - VIM STATUS REPORT 2026-07-01 8.49 AM.xlsx:2134; Document ID=2816657
existing,SANCAP,source_row,SanCap - VIM STATUS REPORT 2026-07-01 8.49 AM.xlsx:2135; Document ID=2816664
existing,SANCAP,source_row,SanCap - VIM STATUS REPORT 2026-07-01 8.49 AM.xlsx:2136; Document ID=2816884
existing,SANCAP,source_row,SanCap - VIM STATUS REPORT 2026-07-01 8.49 AM.xlsx:2138; Document ID=2816907
existing,SANCAP,source_row,SanCap - VIM STATUS REPORT 2026-07-01 8.49 AM.xlsx:2139; Document ID=2816921
existing,SANCAP,source_row,SanCap - VIM STATUS REPORT 2026-07-01 8.49 AM.xlsx:2140; Document ID=2816937
existing,SANCAP,source_row,SanCap - VIM STATUS REPORT 2026-07-01 8.49 AM.xlsx:2141; Document ID=2816956
existing,SANCAP,source_row,SanCap - VIM STATUS REPORT 2026-07-01 8.49 AM.xlsx:2142; Document ID=2816962
existing,SANCAP,source_row,SanCap - VIM STATUS REPORT 2026-07-01 8.49 AM.xlsx:2143; Document ID=2790557
existing,SANCAP,source_row,SanCap - VIM STATUS REPORT 2026-07-01 8.49 AM.xlsx:2144; Document ID=2796226
existing,SANCAP,source_row,SanCap - VIM STATUS REPORT 2026-07-01 8.49 AM.xlsx:2145; Document ID=2796661
existing,SANCAP,source_row,SanCap - VIM STATUS REPORT 2026-07-01 8.49 AM.xlsx:2146; Document ID=2797869
existing,SANCAP,source_row,SanCap - VIM STATUS REPORT 2026-07-01 8.49 AM.xlsx:2147; Document ID=2803312
existing,SANCAP,source_row,SanCap - VIM STATUS REPORT 2026-07-01 8.49 AM.xlsx:2148; Document ID=2807397
existing,SANCAP,source_row,SanCap - VIM STATUS REPORT 2026-07-01 8.49 AM.xlsx:2149; Document ID=2810810
existing,SANCAP,source_row,SanCap - VIM STATUS REPORT 2026-07-01 8.49 AM.xlsx:2150; Document ID=2810862
existing,SANCAP,source_row,SanCap - VIM STATUS REPORT 2026-07-01 8.49 AM.xlsx:2151; Document ID=2810882
existing,SANCAP,source_row,SanCap - VIM STATUS REPORT 2026-07-01 8.49 AM.xlsx:2152; Document ID=2810900
existing,SANCAP,source_row,SanCap - VIM STATUS REPORT 2026-07-01 8.49 AM.xlsx:2153; Document ID=2810981
existing,SANCAP,source_row,SanCap - VIM STATUS REPORT 2026-07-01 8.49 AM.xlsx:2154; Document ID=2811076
existing,SANCAP,source_row,SanCap - VIM STATUS REPORT 2026-07-01 8.49 AM.xlsx:2155; Document ID=2811105
existing,SANCAP,source_row,SanCap - VIM STATUS REPORT 2026-07-01 8.49 AM.xlsx:2156; Document ID=2811227
existing,SANCAP,source_row,SanCap - VIM STATUS REPORT 2026-07-01 8.49 AM.xlsx:2157; Document ID=2811231
existing,SANCAP,source_row,SanCap - VIM STATUS REPORT 2026-07-01 8.49 AM.xlsx:2158; Document ID=2811243
existing,SANCAP,source_row,SanCap - VIM STATUS REPORT 2026-07-01 8.49 AM.xlsx:2159; Document ID=2811262
existing,SANCAP,source_row,SanCap - VIM STATUS REPORT 2026-07-01 8.49 AM.xlsx:2160; Document ID=2811270
existing,SANCAP,source_row,SanCap - VIM STATUS REPORT 2026-07-01 8.49 AM.xlsx:2161; Document ID=2811278
existing,SANCAP,source_row,SanCap - VIM STATUS REPORT 2026-07-01 8.49 AM.xlsx:2162; Document ID=2811292
existing,SANCAP,source_row,SanCap - VIM STATUS REPORT 2026-07-01 8.49 AM.xlsx:2163; Document ID=2811341
existing,SANCAP,source_row,SanCap - VIM STATUS REPORT 2026-07-01 8.49 AM.xlsx:2164; Document ID=2811378
existing,SANCAP,source_row,SanCap - VIM STATUS REPORT 2026-07-01 8.49 AM.xlsx:2165; Document ID=2811385
existing,SANCAP,source_row,SanCap - VIM STATUS REPORT 2026-07-01 8.49 AM.xlsx:2166; Document ID=2811401
existing,SANCAP,source_row,SanCap - VIM STATUS REPORT 2026-07-01 8.49 AM.xlsx:2168; Document ID=2811518
existing,SANCAP,source_row,SanCap - VIM STATUS REPORT 2026-07-01 8.49 AM.xlsx:2169; Document ID=2811542
existing,SANCAP,source_row,SanCap - VIM STATUS REPORT 2026-07-01 8.49 AM.xlsx:2170; Document ID=2812084
existing,SANCAP,source_row,SanCap - VIM STATUS REPORT 2026-07-01 8.49 AM.xlsx:2172; Document ID=2797941
existing,SANCAP,source_row,SanCap - VIM STATUS REPORT 2026-07-01 8.49 AM.xlsx:2173; Document ID=2798046
existing,SANCAP,source_row,SanCap - VIM STATUS REPORT 2026-07-01 8.49 AM.xlsx:2174; Document ID=2805075
existing,SANCAP,source_row,SanCap - VIM STATUS REPORT 2026-07-01 8.49 AM.xlsx:2175; Document ID=2805085
existing,SANCAP,source_row,SanCap - VIM STATUS REPORT 2026-07-01 8.49 AM.xlsx:2176; Document ID=2805744
existing,SANCAP,source_row,SanCap - VIM STATUS REPORT 2026-07-01 8.49 AM.xlsx:2177; Document ID=2805788
existing,SANCAP,source_row,SanCap - VIM STATUS REPORT 2026-07-01 8.49 AM.xlsx:2178; Document ID=2805848
existing,SANCAP,source_row,SanCap - VIM STATUS REPORT 2026-07-01 8.49 AM.xlsx:2179; Document ID=2660660
existing,SANCAP,source_row,SanCap - VIM STATUS REPORT 2026-07-01 8.49 AM.xlsx:2180; Document ID=2795691
existing,SANCAP,source_row,SanCap - VIM STATUS REPORT 2026-07-01 8.49 AM.xlsx:2182; Document ID=2796703
existing,SANCAP,source_row,SanCap - VIM STATUS REPORT 2026-07-01 8.49 AM.xlsx:2183; Document ID=2796846
existing,SANCAP,source_row,SanCap - VIM STATUS REPORT 2026-07-01 8.49 AM.xlsx:2184; Document ID=2797070
existing,SANCAP,source_row,SanCap - VIM STATUS REPORT 2026-07-01 8.49 AM.xlsx:2185; Document ID=2797267
existing,SANCAP,source_row,SanCap - VIM STATUS REPORT 2026-07-01 8.49 AM.xlsx:2186; Document ID=2797706
existing,SANCAP,source_row,SanCap - VIM STATUS REPORT 2026-07-01 8.49 AM.xlsx:2189; Document ID=2802484
existing,SANCAP,source_row,SanCap - VIM STATUS REPORT 2026-07-01 8.49 AM.xlsx:2190; Document ID=2802581
existing,SANCAP,source_row,SanCap - VIM STATUS REPORT 2026-07-01 8.49 AM.xlsx:2191; Document ID=2802688
existing,SANCAP,source_row,SanCap - VIM STATUS REPORT 2026-07-01 8.49 AM.xlsx:2192; Document ID=2802712
existing,SANCAP,source_row,SanCap - VIM STATUS REPORT 2026-07-01 8.49 AM.xlsx:2193; Document ID=2802744
existing,SANCAP,source_row,SanCap - VIM STATUS REPORT 2026-07-01 8.49 AM.xlsx:2194; Document ID=2802769
existing,SANCAP,source_row,SanCap - VIM STATUS REPORT 2026-07-01 8.49 AM.xlsx:2195; Document ID=2802830
existing,SANCAP,source_row,SanCap - VIM STATUS REPORT 2026-07-01 8.49 AM.xlsx:2196; Document ID=2803313
existing,SANCAP,source_row,SanCap - VIM STATUS REPORT 2026-07-01 8.49 AM.xlsx:2197; Document ID=2803314
existing,SANCAP,source_row,SanCap - VIM STATUS REPORT 2026-07-01 8.49 AM.xlsx:2198; Document ID=2803315
existing,SANCAP,source_row,SanCap - VIM STATUS REPORT 2026-07-01 8.49 AM.xlsx:2199; Document ID=2803316
existing,SANCAP,source_row,SanCap - VIM STATUS REPORT 2026-07-01 8.49 AM.xlsx:2200; Document ID=2803317
existing,SANCAP,source_row,SanCap - VIM STATUS REPORT 2026-07-01 8.49 AM.xlsx:2201; Document ID=2803318
existing,SANCAP,source_row,SanCap - VIM STATUS REPORT 2026-07-01 8.49 AM.xlsx:2202; Document ID=2803319
existing,SANCAP,source_row,SanCap - VIM STATUS REPORT 2026-07-01 8.49 AM.xlsx:2203; Document ID=2803320
existing,SANCAP,source_row,SanCap - VIM STATUS REPORT 2026-07-01 8.49 AM.xlsx:2204; Document ID=2805017
existing,SANCAP,source_row,SanCap - VIM STATUS REPORT 2026-07-01 8.49 AM.xlsx:2205; Document ID=2805038
existing,SANCAP,source_row,SanCap - VIM STATUS REPORT 2026-07-01 8.49 AM.xlsx:2206; Document ID=2805136
existing,SANCAP,source_row,SanCap - VIM STATUS REPORT 2026-07-01 8.49 AM.xlsx:2207; Document ID=2805823
existing,SANCAP,source_row,SanCap - VIM STATUS REPORT 2026-07-01 8.49 AM.xlsx:2208; Document ID=2805908
existing,SANCAP,source_row,SanCap - VIM STATUS REPORT 2026-07-01 8.49 AM.xlsx:2210; Document ID=2600954
existing,SANCAP,source_row,SanCap - VIM STATUS REPORT 2026-07-01 8.49 AM.xlsx:2211; Document ID=2677901
existing,SANCAP,source_row,SanCap - VIM STATUS REPORT 2026-07-01 8.49 AM.xlsx:2212; Document ID=2716300
existing,SANCAP,source_row,SanCap - VIM STATUS REPORT 2026-07-01 8.49 AM.xlsx:2213; Document ID=2758255
existing,SANCAP,source_row,SanCap - VIM STATUS REPORT 2026-07-01 8.49 AM.xlsx:2214; Document ID=2768183
existing,SANCAP,source_row,SanCap - VIM STATUS REPORT 2026-07-01 8.49 AM.xlsx:2215; Document ID=2773639
existing,SANCAP,source_row,SanCap - VIM STATUS REPORT 2026-07-01 8.49 AM.xlsx:2216; Document ID=2773681
existing,SANCAP,source_row,SanCap - VIM STATUS REPORT 2026-07-01 8.49 AM.xlsx:2217; Document ID=2792945
existing,SANCAP,source_row,SanCap - VIM STATUS REPORT 2026-07-01 8.49 AM.xlsx:2218; Document ID=2797707
existing,SANCAP,source_row,SanCap - VIM STATUS REPORT 2026-07-01 8.49 AM.xlsx:2219; Document ID=2797814
existing,SANCAP,source_row,SanCap - VIM STATUS REPORT 2026-07-01 8.49 AM.xlsx:2220; Document ID=2797816
existing,SANCAP,source_row,SanCap - VIM STATUS REPORT 2026-07-01 8.49 AM.xlsx:2222; Document ID=2797867
existing,SANCAP,source_row,SanCap - VIM STATUS REPORT 2026-07-01 8.49 AM.xlsx:2223; Document ID=2797998
existing,SANCAP,source_row,SanCap - VIM STATUS REPORT 2026-07-01 8.49 AM.xlsx:2224; Document ID=2798024
existing,SANCAP,source_row,SanCap - VIM STATUS REPORT 2026-07-01 8.49 AM.xlsx:2225; Document ID=2798029
existing,SANCAP,source_row,SanCap - VIM STATUS REPORT 2026-07-01 8.49 AM.xlsx:2226; Document ID=2798030
existing,SANCAP,source_row,SanCap - VIM STATUS REPORT 2026-07-01 8.49 AM.xlsx:2227; Document ID=2798039
existing,SANCAP,source_row,SanCap - VIM STATUS REPORT 2026-07-01 8.49 AM.xlsx:2228; Document ID=2798042
existing,SANCAP,source_row,SanCap - VIM STATUS REPORT 2026-07-01 8.49 AM.xlsx:2229; Document ID=2798044
existing,SANCAP,source_row,SanCap - VIM STATUS REPORT 2026-07-01 8.49 AM.xlsx:2230; Document ID=2798053
existing,SANCAP,source_row,SanCap - VIM STATUS REPORT 2026-07-01 8.49 AM.xlsx:2231; Document ID=2798055
existing,SANCAP,source_row,SanCap - VIM STATUS REPORT 2026-07-01 8.49 AM.xlsx:2232; Document ID=2798056
existing,SANCAP,source_row,SanCap - VIM STATUS REPORT 2026-07-01 8.49 AM.xlsx:2233; Document ID=2798074
existing,SANCAP,source_row,SanCap - VIM STATUS REPORT 2026-07-01 8.49 AM.xlsx:2234; Document ID=2798858
existing,SANCAP,source_row,SanCap - VIM STATUS REPORT 2026-07-01 8.49 AM.xlsx:2236; Document ID=2800885
existing,SANCAP,source_row,SanCap - VIM STATUS REPORT 2026-07-01 8.49 AM.xlsx:2237; Document ID=2800900
existing,SANCAP,source_row,SanCap - VIM STATUS REPORT 2026-07-01 8.49 AM.xlsx:2238; Document ID=2800956
existing,SANCAP,source_row,SanCap - VIM STATUS REPORT 2026-07-01 8.49 AM.xlsx:2239; Document ID=2801010
existing,SANCAP,source_row,SanCap - VIM STATUS REPORT 2026-07-01 8.49 AM.xlsx:2240; Document ID=2801014
existing,SANCAP,source_row,SanCap - VIM STATUS REPORT 2026-07-01 8.49 AM.xlsx:2242; Document ID=2801087
existing,SANCAP,source_row,SanCap - VIM STATUS REPORT 2026-07-01 8.49 AM.xlsx:2244; Document ID=2801141
existing,SANCAP,source_row,SanCap - VIM STATUS REPORT 2026-07-01 8.49 AM.xlsx:2245; Document ID=2801180
existing,SANCAP,source_row,SanCap - VIM STATUS REPORT 2026-07-01 8.49 AM.xlsx:2247; Document ID=2801215
existing,SANCAP,source_row,SanCap - VIM STATUS REPORT 2026-07-01 8.49 AM.xlsx:2249; Document ID=2801244
existing,SANCAP,source_row,SanCap - VIM STATUS REPORT 2026-07-01 8.49 AM.xlsx:2250; Document ID=2801245
existing,SANCAP,source_row,SanCap - VIM STATUS REPORT 2026-07-01 8.49 AM.xlsx:2255; Document ID=2801562
existing,SANCAP,source_row,SanCap - VIM STATUS REPORT 2026-07-01 8.49 AM.xlsx:2256; Document ID=2801665
existing,SANCAP,source_row,SanCap - VIM STATUS REPORT 2026-07-01 8.49 AM.xlsx:2257; Document ID=2801751
existing,SANCAP,source_row,SanCap - VIM STATUS REPORT 2026-07-01 8.49 AM.xlsx:2258; Document ID=2801760
existing,SANCAP,source_row,SanCap - VIM STATUS REPORT 2026-07-01 8.49 AM.xlsx:2259; Document ID=2801776
existing,SANCAP,source_row,SanCap - VIM STATUS REPORT 2026-07-01 8.49 AM.xlsx:2260; Document ID=2801827
existing,SANCAP,source_row,SanCap - VIM STATUS REPORT 2026-07-01 8.49 AM.xlsx:2261; Document ID=2801919
existing,SANCAP,source_row,SanCap - VIM STATUS REPORT 2026-07-01 8.49 AM.xlsx:2262; Document ID=2802361
existing,SANCAP,source_row,SanCap - VIM STATUS REPORT 2026-07-01 8.49 AM.xlsx:2263; Document ID=2802395
existing,SANCAP,source_row,SanCap - VIM STATUS REPORT 2026-07-01 8.49 AM.xlsx:2264; Document ID=2802565
existing,SANCAP,source_row,SanCap - VIM STATUS REPORT 2026-07-01 8.49 AM.xlsx:2265; Document ID=2802903
existing,SANCAP,source_row,SanCap - VIM STATUS REPORT 2026-07-01 8.49 AM.xlsx:2266; Document ID=2802906
existing,SANCAP,source_row,SanCap - VIM STATUS REPORT 2026-07-01 8.49 AM.xlsx:2267; Document ID=2802907
existing,SANCAP,source_row,SanCap - VIM STATUS REPORT 2026-07-01 8.49 AM.xlsx:2268; Document ID=2679719
existing,SANCAP,source_row,SanCap - VIM STATUS REPORT 2026-07-01 8.49 AM.xlsx:2270; Document ID=2782784
existing,SANCAP,source_row,SanCap - VIM STATUS REPORT 2026-07-01 8.49 AM.xlsx:2272; Document ID=2792596
existing,SANCAP,source_row,SanCap - VIM STATUS REPORT 2026-07-01 8.49 AM.xlsx:2273; Document ID=2792603
existing,SANCAP,source_row,SanCap - VIM STATUS REPORT 2026-07-01 8.49 AM.xlsx:2274; Document ID=2792615
existing,SANCAP,source_row,SanCap - VIM STATUS REPORT 2026-07-01 8.49 AM.xlsx:2277; Document ID=2792813
existing,SANCAP,source_row,SanCap - VIM STATUS REPORT 2026-07-01 8.49 AM.xlsx:2280; Document ID=2792986
existing,SANCAP,source_row,SanCap - VIM STATUS REPORT 2026-07-01 8.49 AM.xlsx:2281; Document ID=2792994
existing,SANCAP,source_row,SanCap - VIM STATUS REPORT 2026-07-01 8.49 AM.xlsx:2282; Document ID=2793000
existing,SANCAP,source_row,SanCap - VIM STATUS REPORT 2026-07-01 8.49 AM.xlsx:2283; Document ID=2793015
existing,SANCAP,source_row,SanCap - VIM STATUS REPORT 2026-07-01 8.49 AM.xlsx:2284; Document ID=2793046
existing,SANCAP,source_row,SanCap - VIM STATUS REPORT 2026-07-01 8.49 AM.xlsx:2286; Document ID=2795746
existing,SANCAP,source_row,SanCap - VIM STATUS REPORT 2026-07-01 8.49 AM.xlsx:2288; Document ID=2795779
existing,SANCAP,source_row,SanCap - VIM STATUS REPORT 2026-07-01 8.49 AM.xlsx:2289; Document ID=2795814
existing,SANCAP,source_row,SanCap - VIM STATUS REPORT 2026-07-01 8.49 AM.xlsx:2290; Document ID=2795833
existing,SANCAP,source_row,SanCap - VIM STATUS REPORT 2026-07-01 8.49 AM.xlsx:2291; Document ID=2795885
existing,SANCAP,source_row,SanCap - VIM STATUS REPORT 2026-07-01 8.49 AM.xlsx:2293; Document ID=2795998
existing,SANCAP,source_row,SanCap - VIM STATUS REPORT 2026-07-01 8.49 AM.xlsx:2294; Document ID=2796048
existing,SANCAP,source_row,SanCap - VIM STATUS REPORT 2026-07-01 8.49 AM.xlsx:2295; Document ID=2796103
existing,SANCAP,source_row,SanCap - VIM STATUS REPORT 2026-07-01 8.49 AM.xlsx:2296; Document ID=2796144
existing,SANCAP,source_row,SanCap - VIM STATUS REPORT 2026-07-01 8.49 AM.xlsx:2299; Document ID=2796863
existing,SANCAP,source_row,SanCap - VIM STATUS REPORT 2026-07-01 8.49 AM.xlsx:2300; Document ID=2796864
existing,SANCAP,source_row,SanCap - VIM STATUS REPORT 2026-07-01 8.49 AM.xlsx:2301; Document ID=2796874
existing,SANCAP,source_row,SanCap - VIM STATUS REPORT 2026-07-01 8.49 AM.xlsx:2305; Document ID=2796994
existing,SANCAP,source_row,SanCap - VIM STATUS REPORT 2026-07-01 8.49 AM.xlsx:2306; Document ID=2797007
existing,SANCAP,source_row,SanCap - VIM STATUS REPORT 2026-07-01 8.49 AM.xlsx:2308; Document ID=2797040
existing,SANCAP,source_row,SanCap - VIM STATUS REPORT 2026-07-01 8.49 AM.xlsx:2309; Document ID=2797097
existing,SANCAP,source_row,SanCap - VIM STATUS REPORT 2026-07-01 8.49 AM.xlsx:2310; Document ID=2797161
existing,SANCAP,source_row,SanCap - VIM STATUS REPORT 2026-07-01 8.49 AM.xlsx:2313; Document ID=2797624
existing,SANCAP,source_row,SanCap - VIM STATUS REPORT 2026-07-01 8.49 AM.xlsx:2314; Document ID=2797632
existing,SANCAP,source_row,SanCap - VIM STATUS REPORT 2026-07-01 8.49 AM.xlsx:2319; Document ID=2798021
existing,SANCAP,source_row,SanCap - VIM STATUS REPORT 2026-07-01 8.49 AM.xlsx:2321; Document ID=2686857
existing,SANCAP,source_row,SanCap - VIM STATUS REPORT 2026-07-01 8.49 AM.xlsx:2322; Document ID=2697891
existing,SANCAP,source_row,SanCap - VIM STATUS REPORT 2026-07-01 8.49 AM.xlsx:2324; Document ID=2731412
existing,SANCAP,source_row,SanCap - VIM STATUS REPORT 2026-07-01 8.49 AM.xlsx:2325; Document ID=2766922
existing,SANCAP,source_row,SanCap - VIM STATUS REPORT 2026-07-01 8.49 AM.xlsx:2326; Document ID=2776191
existing,SANCAP,source_row,SanCap - VIM STATUS REPORT 2026-07-01 8.49 AM.xlsx:2327; Document ID=2776206
existing,SANCAP,source_row,SanCap - VIM STATUS REPORT 2026-07-01 8.49 AM.xlsx:2328; Document ID=2787196
existing,SANCAP,source_row,SanCap - VIM STATUS REPORT 2026-07-01 8.49 AM.xlsx:2329; Document ID=2787257
existing,SANCAP,source_row,SanCap - VIM STATUS REPORT 2026-07-01 8.49 AM.xlsx:2330; Document ID=2787637
existing,SANCAP,source_row,SanCap - VIM STATUS REPORT 2026-07-01 8.49 AM.xlsx:2331; Document ID=2788047
existing,SANCAP,source_row,SanCap - VIM STATUS REPORT 2026-07-01 8.49 AM.xlsx:2332; Document ID=2788316
existing,SANCAP,source_row,SanCap - VIM STATUS REPORT 2026-07-01 8.49 AM.xlsx:2333; Document ID=2788317
existing,SANCAP,source_row,SanCap - VIM STATUS REPORT 2026-07-01 8.49 AM.xlsx:2334; Document ID=2788320
existing,SANCAP,source_row,SanCap - VIM STATUS REPORT 2026-07-01 8.49 AM.xlsx:2335; Document ID=2788796
existing,SANCAP,source_row,SanCap - VIM STATUS REPORT 2026-07-01 8.49 AM.xlsx:2336; Document ID=2788811
existing,SANCAP,source_row,SanCap - VIM STATUS REPORT 2026-07-01 8.49 AM.xlsx:2337; Document ID=2788986
existing,SANCAP,source_row,SanCap - VIM STATUS REPORT 2026-07-01 8.49 AM.xlsx:2338; Document ID=2789022
existing,SANCAP,source_row,SanCap - VIM STATUS REPORT 2026-07-01 8.49 AM.xlsx:2339; Document ID=2789025
existing,SANCAP,source_row,SanCap - VIM STATUS REPORT 2026-07-01 8.49 AM.xlsx:2340; Document ID=2789034
existing,SANCAP,source_row,SanCap - VIM STATUS REPORT 2026-07-01 8.49 AM.xlsx:2341; Document ID=2789704
existing,SANCAP,source_row,SanCap - VIM STATUS REPORT 2026-07-01 8.49 AM.xlsx:2342; Document ID=2789949
existing,SANCAP,source_row,SanCap - VIM STATUS REPORT 2026-07-01 8.49 AM.xlsx:2343; Document ID=2789998
existing,SANCAP,source_row,SanCap - VIM STATUS REPORT 2026-07-01 8.49 AM.xlsx:2344; Document ID=2790024
existing,SANCAP,source_row,SanCap - VIM STATUS REPORT 2026-07-01 8.49 AM.xlsx:2345; Document ID=2790025
existing,SANCAP,source_row,SanCap - VIM STATUS REPORT 2026-07-01 8.49 AM.xlsx:2346; Document ID=2790026
existing,SANCAP,source_row,SanCap - VIM STATUS REPORT 2026-07-01 8.49 AM.xlsx:2347; Document ID=2790186
existing,SANCAP,source_row,SanCap - VIM STATUS REPORT 2026-07-01 8.49 AM.xlsx:2348; Document ID=2790258
existing,SANCAP,source_row,SanCap - VIM STATUS REPORT 2026-07-01 8.49 AM.xlsx:2349; Document ID=2790283
existing,SANCAP,source_row,SanCap - VIM STATUS REPORT 2026-07-01 8.49 AM.xlsx:2350; Document ID=2790642
existing,SANCAP,source_row,SanCap - VIM STATUS REPORT 2026-07-01 8.49 AM.xlsx:2351; Document ID=2790719
existing,SANCAP,source_row,SanCap - VIM STATUS REPORT 2026-07-01 8.49 AM.xlsx:2352; Document ID=2790760
existing,SANCAP,source_row,SanCap - VIM STATUS REPORT 2026-07-01 8.49 AM.xlsx:2353; Document ID=2790809
existing,SANCAP,source_row,SanCap - VIM STATUS REPORT 2026-07-01 8.49 AM.xlsx:2354; Document ID=2790911
existing,SANCAP,source_row,SanCap - VIM STATUS REPORT 2026-07-01 8.49 AM.xlsx:2355; Document ID=2790912
existing,SANCAP,source_row,SanCap - VIM STATUS REPORT 2026-07-01 8.49 AM.xlsx:2356; Document ID=2790971
existing,SANCAP,source_row,SanCap - VIM STATUS REPORT 2026-07-01 8.49 AM.xlsx:2357; Document ID=2790972
existing,SANCAP,source_row,SanCap - VIM STATUS REPORT 2026-07-01 8.49 AM.xlsx:2358; Document ID=2790973
existing,SANCAP,source_row,SanCap - VIM STATUS REPORT 2026-07-01 8.49 AM.xlsx:2360; Document ID=2791049
existing,SANCAP,source_row,SanCap - VIM STATUS REPORT 2026-07-01 8.49 AM.xlsx:2361; Document ID=2791090
existing,SANCAP,source_row,SanCap - VIM STATUS REPORT 2026-07-01 8.49 AM.xlsx:2362; Document ID=2791295
existing,SANCAP,source_row,SanCap - VIM STATUS REPORT 2026-07-01 8.49 AM.xlsx:2363; Document ID=2791522
existing,SANCAP,source_row,SanCap - VIM STATUS REPORT 2026-07-01 8.49 AM.xlsx:2364; Document ID=2791529
existing,SANCAP,source_row,SanCap - VIM STATUS REPORT 2026-07-01 8.49 AM.xlsx:2365; Document ID=2792376
existing,SANCAP,source_row,SanCap - VIM STATUS REPORT 2026-07-01 8.49 AM.xlsx:2366; Document ID=2792384
existing,SANCAP,source_row,SanCap - VIM STATUS REPORT 2026-07-01 8.49 AM.xlsx:2367; Document ID=2792392
existing,SANCAP,source_row,SanCap - VIM STATUS REPORT 2026-07-01 8.49 AM.xlsx:2368; Document ID=2792417
existing,SANCAP,source_row,SanCap - VIM STATUS REPORT 2026-07-01 8.49 AM.xlsx:2370; Document ID=2792658
existing,SANCAP,source_row,SanCap - VIM STATUS REPORT 2026-07-01 8.49 AM.xlsx:2371; Document ID=2792817
existing,SANCAP,source_row,SanCap - VIM STATUS REPORT 2026-07-01 8.49 AM.xlsx:2373; Document ID=2792932
existing,SANCAP,source_row,SanCap - VIM STATUS REPORT 2026-07-01 8.49 AM.xlsx:2374; Document ID=2711880
existing,SANCAP,source_row,SanCap - VIM STATUS REPORT 2026-07-01 8.49 AM.xlsx:2375; Document ID=2782767
existing,SANCAP,source_row,SanCap - VIM STATUS REPORT 2026-07-01 8.49 AM.xlsx:2376; Document ID=2782771
existing,SANCAP,source_row,SanCap - VIM STATUS REPORT 2026-07-01 8.49 AM.xlsx:2377; Document ID=2782774
existing,SANCAP,source_row,SanCap - VIM STATUS REPORT 2026-07-01 8.49 AM.xlsx:2378; Document ID=2782778
existing,SANCAP,source_row,SanCap - VIM STATUS REPORT 2026-07-01 8.49 AM.xlsx:2380; Document ID=2782800
existing,SANCAP,source_row,SanCap - VIM STATUS REPORT 2026-07-01 8.49 AM.xlsx:2381; Document ID=2782802
existing,SANCAP,source_row,SanCap - VIM STATUS REPORT 2026-07-01 8.49 AM.xlsx:2382; Document ID=2782803
existing,SANCAP,source_row,SanCap - VIM STATUS REPORT 2026-07-01 8.49 AM.xlsx:2383; Document ID=2784726
existing,SANCAP,source_row,SanCap - VIM STATUS REPORT 2026-07-01 8.49 AM.xlsx:2384; Document ID=2784732
existing,SANCAP,source_row,SanCap - VIM STATUS REPORT 2026-07-01 8.49 AM.xlsx:2385; Document ID=2784736
existing,SANCAP,source_row,SanCap - VIM STATUS REPORT 2026-07-01 8.49 AM.xlsx:2386; Document ID=2784740
existing,SANCAP,source_row,SanCap - VIM STATUS REPORT 2026-07-01 8.49 AM.xlsx:2387; Document ID=2784746
existing,SANCAP,source_row,SanCap - VIM STATUS REPORT 2026-07-01 8.49 AM.xlsx:2388; Document ID=2784750
existing,SANCAP,source_row,SanCap - VIM STATUS REPORT 2026-07-01 8.49 AM.xlsx:2389; Document ID=2784755
existing,SANCAP,source_row,SanCap - VIM STATUS REPORT 2026-07-01 8.49 AM.xlsx:2390; Document ID=2784764
existing,SANCAP,source_row,SanCap - VIM STATUS REPORT 2026-07-01 8.49 AM.xlsx:2391; Document ID=2784773
existing,SANCAP,source_row,SanCap - VIM STATUS REPORT 2026-07-01 8.49 AM.xlsx:2392; Document ID=2784783
existing,SANCAP,source_row,SanCap - VIM STATUS REPORT 2026-07-01 8.49 AM.xlsx:2393; Document ID=2784792
existing,SANCAP,source_row,SanCap - VIM STATUS REPORT 2026-07-01 8.49 AM.xlsx:2394; Document ID=2784794
existing,SANCAP,source_row,SanCap - VIM STATUS REPORT 2026-07-01 8.49 AM.xlsx:2395; Document ID=2784795
existing,SANCAP,source_row,SanCap - VIM STATUS REPORT 2026-07-01 8.49 AM.xlsx:2396; Document ID=2784796
existing,SANCAP,source_row,SanCap - VIM STATUS REPORT 2026-07-01 8.49 AM.xlsx:2397; Document ID=2784798
existing,SANCAP,source_row,SanCap - VIM STATUS REPORT 2026-07-01 8.49 AM.xlsx:2398; Document ID=2784799
existing,SANCAP,source_row,SanCap - VIM STATUS REPORT 2026-07-01 8.49 AM.xlsx:2399; Document ID=2784800
existing,SANCAP,source_row,SanCap - VIM STATUS REPORT 2026-07-01 8.49 AM.xlsx:2400; Document ID=2784801
existing,SANCAP,source_row,SanCap - VIM STATUS REPORT 2026-07-01 8.49 AM.xlsx:2401; Document ID=2784802
existing,SANCAP,source_row,SanCap - VIM STATUS REPORT 2026-07-01 8.49 AM.xlsx:2402; Document ID=2784803
existing,SANCAP,source_row,SanCap - VIM STATUS REPORT 2026-07-01 8.49 AM.xlsx:2403; Document ID=2784805
existing,SANCAP,source_row,SanCap - VIM STATUS REPORT 2026-07-01 8.49 AM.xlsx:2404; Document ID=2785433
existing,SANCAP,source_row,SanCap - VIM STATUS REPORT 2026-07-01 8.49 AM.xlsx:2405; Document ID=2785434
existing,SANCAP,source_row,SanCap - VIM STATUS REPORT 2026-07-01 8.49 AM.xlsx:2406; Document ID=2785435
existing,SANCAP,source_row,SanCap - VIM STATUS REPORT 2026-07-01 8.49 AM.xlsx:2407; Document ID=2785436
existing,SANCAP,source_row,SanCap - VIM STATUS REPORT 2026-07-01 8.49 AM.xlsx:2408; Document ID=2785438
existing,SANCAP,source_row,SanCap - VIM STATUS REPORT 2026-07-01 8.49 AM.xlsx:2409; Document ID=2785583
existing,SANCAP,source_row,SanCap - VIM STATUS REPORT 2026-07-01 8.49 AM.xlsx:2410; Document ID=2785586
existing,SANCAP,source_row,SanCap - VIM STATUS REPORT 2026-07-01 8.49 AM.xlsx:2411; Document ID=2785593
existing,SANCAP,source_row,SanCap - VIM STATUS REPORT 2026-07-01 8.49 AM.xlsx:2412; Document ID=2785601
existing,SANCAP,source_row,SanCap - VIM STATUS REPORT 2026-07-01 8.49 AM.xlsx:2413; Document ID=2785608
existing,SANCAP,source_row,SanCap - VIM STATUS REPORT 2026-07-01 8.49 AM.xlsx:2416; Document ID=2758297
existing,SANCAP,source_row,SanCap - VIM STATUS REPORT 2026-07-01 8.49 AM.xlsx:2417; Document ID=2758416
existing,SANCAP,source_row,SanCap - VIM STATUS REPORT 2026-07-01 8.49 AM.xlsx:2418; Document ID=2781305
existing,SANCAP,source_row,SanCap - VIM STATUS REPORT 2026-07-01 8.49 AM.xlsx:2419; Document ID=2781336
existing,SANCAP,source_row,SanCap - VIM STATUS REPORT 2026-07-01 8.49 AM.xlsx:2420; Document ID=2781351
existing,SANCAP,source_row,SanCap - VIM STATUS REPORT 2026-07-01 8.49 AM.xlsx:2421; Document ID=2781363
existing,SANCAP,source_row,SanCap - VIM STATUS REPORT 2026-07-01 8.49 AM.xlsx:2422; Document ID=2766918
existing,SANCAP,source_row,SanCap - VIM STATUS REPORT 2026-07-01 8.49 AM.xlsx:2423; Document ID=2777006
existing,SANCAP,source_row,SanCap - VIM STATUS REPORT 2026-07-01 8.49 AM.xlsx:2424; Document ID=2777008
existing,SANCAP,source_row,SanCap - VIM STATUS REPORT 2026-07-01 8.49 AM.xlsx:2425; Document ID=2777027
existing,SANCAP,source_row,SanCap - VIM STATUS REPORT 2026-07-01 8.49 AM.xlsx:2426; Document ID=2701193
existing,SANCAP,source_row,SanCap - VIM STATUS REPORT 2026-07-01 8.49 AM.xlsx:2427; Document ID=2762576
existing,SANCAP,source_row,SanCap - VIM STATUS REPORT 2026-07-01 8.49 AM.xlsx:2428; Document ID=2773696
existing,SANCAP,source_row,SanCap - VIM STATUS REPORT 2026-07-01 8.49 AM.xlsx:2429; Document ID=2773703
existing,SANCAP,source_row,SanCap - VIM STATUS REPORT 2026-07-01 8.49 AM.xlsx:2430; Document ID=2773713
existing,SANCAP,source_row,SanCap - VIM STATUS REPORT 2026-07-01 8.49 AM.xlsx:2431; Document ID=2773717
existing,SANCAP,source_row,SanCap - VIM STATUS REPORT 2026-07-01 8.49 AM.xlsx:2432; Document ID=2773721
existing,SANCAP,source_row,SanCap - VIM STATUS REPORT 2026-07-01 8.49 AM.xlsx:2433; Document ID=2775682
existing,SANCAP,source_row,SanCap - VIM STATUS REPORT 2026-07-01 8.49 AM.xlsx:2434; Document ID=2775714
existing,SANCAP,source_row,SanCap - VIM STATUS REPORT 2026-07-01 8.49 AM.xlsx:2435; Document ID=2775775
existing,SANCAP,source_row,SanCap - VIM STATUS REPORT 2026-07-01 8.49 AM.xlsx:2436; Document ID=2775801
existing,SANCAP,source_row,SanCap - VIM STATUS REPORT 2026-07-01 8.49 AM.xlsx:2437; Document ID=2775811
existing,SANCAP,source_row,SanCap - VIM STATUS REPORT 2026-07-01 8.49 AM.xlsx:2438; Document ID=2775985
existing,SANCAP,source_row,SanCap - VIM STATUS REPORT 2026-07-01 8.49 AM.xlsx:2439; Document ID=2775997
existing,SANCAP,source_row,SanCap - VIM STATUS REPORT 2026-07-01 8.49 AM.xlsx:2440; Document ID=2776038
existing,SANCAP,source_row,SanCap - VIM STATUS REPORT 2026-07-01 8.49 AM.xlsx:2441; Document ID=2776057
existing,SANCAP,source_row,SanCap - VIM STATUS REPORT 2026-07-01 8.49 AM.xlsx:2442; Document ID=2776072
existing,SANCAP,source_row,SanCap - VIM STATUS REPORT 2026-07-01 8.49 AM.xlsx:2443; Document ID=2776084
existing,SANCAP,source_row,SanCap - VIM STATUS REPORT 2026-07-01 8.49 AM.xlsx:2444; Document ID=2776167
existing,SANCAP,source_row,SanCap - VIM STATUS REPORT 2026-07-01 8.49 AM.xlsx:2445; Document ID=2776182
existing,SANCAP,source_row,SanCap - VIM STATUS REPORT 2026-07-01 8.49 AM.xlsx:2446; Document ID=2776211
existing,SANCAP,source_row,SanCap - VIM STATUS REPORT 2026-07-01 8.49 AM.xlsx:2447; Document ID=2776228
existing,SANCAP,source_row,SanCap - VIM STATUS REPORT 2026-07-01 8.49 AM.xlsx:2448; Document ID=2776250
existing,SANCAP,source_row,SanCap - VIM STATUS REPORT 2026-07-01 8.49 AM.xlsx:2449; Document ID=2776261
existing,SANCAP,source_row,SanCap - VIM STATUS REPORT 2026-07-01 8.49 AM.xlsx:2450; Document ID=2776454
existing,SANCAP,source_row,SanCap - VIM STATUS REPORT 2026-07-01 8.49 AM.xlsx:2451; Document ID=2776538
existing,SANCAP,source_row,SanCap - VIM STATUS REPORT 2026-07-01 8.49 AM.xlsx:2452; Document ID=2776783
existing,SANCAP,source_row,SanCap - VIM STATUS REPORT 2026-07-01 8.49 AM.xlsx:2453; Document ID=2776796
existing,SANCAP,source_row,SanCap - VIM STATUS REPORT 2026-07-01 8.49 AM.xlsx:2455; Document ID=2711090
existing,SANCAP,source_row,SanCap - VIM STATUS REPORT 2026-07-01 8.49 AM.xlsx:2456; Document ID=2716346
existing,SANCAP,source_row,SanCap - VIM STATUS REPORT 2026-07-01 8.49 AM.xlsx:2457; Document ID=2721861
existing,SANCAP,source_row,SanCap - VIM STATUS REPORT 2026-07-01 8.49 AM.xlsx:2458; Document ID=2732577
existing,SANCAP,source_row,SanCap - VIM STATUS REPORT 2026-07-01 8.49 AM.xlsx:2459; Document ID=2735519
existing,SANCAP,source_row,SanCap - VIM STATUS REPORT 2026-07-01 8.49 AM.xlsx:2460; Document ID=2758189
existing,SANCAP,source_row,SanCap - VIM STATUS REPORT 2026-07-01 8.49 AM.xlsx:2461; Document ID=2758211
existing,SANCAP,source_row,SanCap - VIM STATUS REPORT 2026-07-01 8.49 AM.xlsx:2462; Document ID=2758216
existing,SANCAP,source_row,SanCap - VIM STATUS REPORT 2026-07-01 8.49 AM.xlsx:2463; Document ID=2761368
existing,SANCAP,source_row,SanCap - VIM STATUS REPORT 2026-07-01 8.49 AM.xlsx:2464; Document ID=2769201
existing,SANCAP,source_row,SanCap - VIM STATUS REPORT 2026-07-01 8.49 AM.xlsx:2465; Document ID=2769350
existing,SANCAP,source_row,SanCap - VIM STATUS REPORT 2026-07-01 8.49 AM.xlsx:2466; Document ID=2769430
existing,SANCAP,source_row,SanCap - VIM STATUS REPORT 2026-07-01 8.49 AM.xlsx:2467; Document ID=2769501
existing,SANCAP,source_row,SanCap - VIM STATUS REPORT 2026-07-01 8.49 AM.xlsx:2469; Document ID=2773216
existing,SANCAP,source_row,SanCap - VIM STATUS REPORT 2026-07-01 8.49 AM.xlsx:2470; Document ID=2773397
existing,SANCAP,source_row,SanCap - VIM STATUS REPORT 2026-07-01 8.49 AM.xlsx:2471; Document ID=2773411
existing,SANCAP,source_row,SanCap - VIM STATUS REPORT 2026-07-01 8.49 AM.xlsx:2472; Document ID=2773412
existing,SANCAP,source_row,SanCap - VIM STATUS REPORT 2026-07-01 8.49 AM.xlsx:2473; Document ID=2773603
existing,SANCAP,source_row,SanCap - VIM STATUS REPORT 2026-07-01 8.49 AM.xlsx:2474; Document ID=2773617
existing,SANCAP,source_row,SanCap - VIM STATUS REPORT 2026-07-01 8.49 AM.xlsx:2481; Document ID=2773928
existing,SANCAP,source_row,SanCap - VIM STATUS REPORT 2026-07-01 8.49 AM.xlsx:2489; Document ID=2680028
existing,SANCAP,source_row,SanCap - VIM STATUS REPORT 2026-07-01 8.49 AM.xlsx:2490; Document ID=2698591
existing,SANCAP,source_row,SanCap - VIM STATUS REPORT 2026-07-01 8.49 AM.xlsx:2491; Document ID=2706712
existing,SANCAP,source_row,SanCap - VIM STATUS REPORT 2026-07-01 8.49 AM.xlsx:2492; Document ID=2706733
existing,SANCAP,source_row,SanCap - VIM STATUS REPORT 2026-07-01 8.49 AM.xlsx:2493; Document ID=2712923
existing,SANCAP,source_row,SanCap - VIM STATUS REPORT 2026-07-01 8.49 AM.xlsx:2494; Document ID=2731941
existing,SANCAP,source_row,SanCap - VIM STATUS REPORT 2026-07-01 8.49 AM.xlsx:2495; Document ID=2732214
existing,SANCAP,source_row,SanCap - VIM STATUS REPORT 2026-07-01 8.49 AM.xlsx:2496; Document ID=2753494
existing,SANCAP,source_row,SanCap - VIM STATUS REPORT 2026-07-01 8.49 AM.xlsx:2497; Document ID=2753792
existing,SANCAP,source_row,SanCap - VIM STATUS REPORT 2026-07-01 8.49 AM.xlsx:2498; Document ID=2753794
existing,SANCAP,source_row,SanCap - VIM STATUS REPORT 2026-07-01 8.49 AM.xlsx:2499; Document ID=2753796
existing,SANCAP,source_row,SanCap - VIM STATUS REPORT 2026-07-01 8.49 AM.xlsx:2500; Document ID=2758166
existing,SANCAP,source_row,SanCap - VIM STATUS REPORT 2026-07-01 8.49 AM.xlsx:2501; Document ID=2758170
existing,SANCAP,source_row,SanCap - VIM STATUS REPORT 2026-07-01 8.49 AM.xlsx:2502; Document ID=2758186
existing,SANCAP,source_row,SanCap - VIM STATUS REPORT 2026-07-01 8.49 AM.xlsx:2503; Document ID=2758447
existing,SANCAP,source_row,SanCap - VIM STATUS REPORT 2026-07-01 8.49 AM.xlsx:2504; Document ID=2758933
existing,SANCAP,source_row,SanCap - VIM STATUS REPORT 2026-07-01 8.49 AM.xlsx:2505; Document ID=2758945
existing,SANCAP,source_row,SanCap - VIM STATUS REPORT 2026-07-01 8.49 AM.xlsx:2506; Document ID=2758948
existing,SANCAP,source_row,SanCap - VIM STATUS REPORT 2026-07-01 8.49 AM.xlsx:2507; Document ID=2762609
existing,SANCAP,source_row,SanCap - VIM STATUS REPORT 2026-07-01 8.49 AM.xlsx:2508; Document ID=2762621
existing,SANCAP,source_row,SanCap - VIM STATUS REPORT 2026-07-01 8.49 AM.xlsx:2509; Document ID=2762656
existing,SANCAP,source_row,SanCap - VIM STATUS REPORT 2026-07-01 8.49 AM.xlsx:2510; Document ID=2766456
existing,SANCAP,source_row,SanCap - VIM STATUS REPORT 2026-07-01 8.49 AM.xlsx:2511; Document ID=2766793
existing,SANCAP,source_row,SanCap - VIM STATUS REPORT 2026-07-01 8.49 AM.xlsx:2512; Document ID=2766857
existing,SANCAP,source_row,SanCap - VIM STATUS REPORT 2026-07-01 8.49 AM.xlsx:2513; Document ID=2766915
existing,SANCAP,source_row,SanCap - VIM STATUS REPORT 2026-07-01 8.49 AM.xlsx:2515; Document ID=2768654
existing,SANCAP,source_row,SanCap - VIM STATUS REPORT 2026-07-01 8.49 AM.xlsx:2516; Document ID=2768717
existing,SANCAP,source_row,SanCap - VIM STATUS REPORT 2026-07-01 8.49 AM.xlsx:2517; Document ID=2768727
existing,SANCAP,source_row,SanCap - VIM STATUS REPORT 2026-07-01 8.49 AM.xlsx:2518; Document ID=2768745
existing,SANCAP,source_row,SanCap - VIM STATUS REPORT 2026-07-01 8.49 AM.xlsx:2519; Document ID=2768765
existing,SANCAP,source_row,SanCap - VIM STATUS REPORT 2026-07-01 8.49 AM.xlsx:2520; Document ID=2768856
existing,SANCAP,source_row,SanCap - VIM STATUS REPORT 2026-07-01 8.49 AM.xlsx:2521; Document ID=2768863
existing,SANCAP,source_row,SanCap - VIM STATUS REPORT 2026-07-01 8.49 AM.xlsx:2522; Document ID=2769022
existing,SANCAP,source_row,SanCap - VIM STATUS REPORT 2026-07-01 8.49 AM.xlsx:2523; Document ID=2765149
existing,SANCAP,source_row,SanCap - VIM STATUS REPORT 2026-07-01 8.49 AM.xlsx:2524; Document ID=2765165
existing,SANCAP,source_row,SanCap - VIM STATUS REPORT 2026-07-01 8.49 AM.xlsx:2525; Document ID=2765247
existing,SANCAP,source_row,SanCap - VIM STATUS REPORT 2026-07-01 8.49 AM.xlsx:2526; Document ID=2765265
existing,SANCAP,source_row,SanCap - VIM STATUS REPORT 2026-07-01 8.49 AM.xlsx:2527; Document ID=2741548
existing,SANCAP,source_row,SanCap - VIM STATUS REPORT 2026-07-01 8.49 AM.xlsx:2528; Document ID=2757597
existing,SANCAP,source_row,SanCap - VIM STATUS REPORT 2026-07-01 8.49 AM.xlsx:2529; Document ID=2758357
existing,SANCAP,source_row,SanCap - VIM STATUS REPORT 2026-07-01 8.49 AM.xlsx:2530; Document ID=2758368
existing,SANCAP,source_row,SanCap - VIM STATUS REPORT 2026-07-01 8.49 AM.xlsx:2531; Document ID=2758384
existing,SANCAP,source_row,SanCap - VIM STATUS REPORT 2026-07-01 8.49 AM.xlsx:2532; Document ID=2761216
existing,SANCAP,source_row,SanCap - VIM STATUS REPORT 2026-07-01 8.49 AM.xlsx:2533; Document ID=2761865
existing,SANCAP,source_row,SanCap - VIM STATUS REPORT 2026-07-01 8.49 AM.xlsx:2534; Document ID=2762346
existing,SANCAP,source_row,SanCap - VIM STATUS REPORT 2026-07-01 8.49 AM.xlsx:2535; Document ID=2762708
existing,SANCAP,source_row,SanCap - VIM STATUS REPORT 2026-07-01 8.49 AM.xlsx:2536; Document ID=2762713
existing,SANCAP,source_row,SanCap - VIM STATUS REPORT 2026-07-01 8.49 AM.xlsx:2537; Document ID=2765153
existing,SANCAP,source_row,SanCap - VIM STATUS REPORT 2026-07-01 8.49 AM.xlsx:2538; Document ID=2765258
existing,SANCAP,source_row,SanCap - VIM STATUS REPORT 2026-07-01 8.49 AM.xlsx:2539; Document ID=2765274
existing,SANCAP,source_row,SanCap - VIM STATUS REPORT 2026-07-01 8.49 AM.xlsx:2540; Document ID=2765289
existing,SANCAP,source_row,SanCap - VIM STATUS REPORT 2026-07-01 8.49 AM.xlsx:2541; Document ID=2765843
existing,SANCAP,source_row,SanCap - VIM STATUS REPORT 2026-07-01 8.49 AM.xlsx:2542; Document ID=2718388
existing,SANCAP,source_row,SanCap - VIM STATUS REPORT 2026-07-01 8.49 AM.xlsx:2543; Document ID=2751896
existing,SANCAP,source_row,SanCap - VIM STATUS REPORT 2026-07-01 8.49 AM.xlsx:2544; Document ID=2755440
existing,SANCAP,source_row,SanCap - VIM STATUS REPORT 2026-07-01 8.49 AM.xlsx:2545; Document ID=2758931
existing,SANCAP,source_row,SanCap - VIM STATUS REPORT 2026-07-01 8.49 AM.xlsx:2546; Document ID=2758950
existing,SANCAP,source_row,SanCap - VIM STATUS REPORT 2026-07-01 8.49 AM.xlsx:2547; Document ID=2760940
existing,SANCAP,source_row,SanCap - VIM STATUS REPORT 2026-07-01 8.49 AM.xlsx:2548; Document ID=2760982
existing,SANCAP,source_row,SanCap - VIM STATUS REPORT 2026-07-01 8.49 AM.xlsx:2549; Document ID=2761094
existing,SANCAP,source_row,SanCap - VIM STATUS REPORT 2026-07-01 8.49 AM.xlsx:2551; Document ID=2761186
existing,SANCAP,source_row,SanCap - VIM STATUS REPORT 2026-07-01 8.49 AM.xlsx:2552; Document ID=2761259
existing,SANCAP,source_row,SanCap - VIM STATUS REPORT 2026-07-01 8.49 AM.xlsx:2553; Document ID=2762056
existing,SANCAP,source_row,SanCap - VIM STATUS REPORT 2026-07-01 8.49 AM.xlsx:2554; Document ID=2762179
existing,SANCAP,source_row,SanCap - VIM STATUS REPORT 2026-07-01 8.49 AM.xlsx:2555; Document ID=2762418
existing,SANCAP,source_row,SanCap - VIM STATUS REPORT 2026-07-01 8.49 AM.xlsx:2556; Document ID=2762480
existing,SANCAP,source_row,SanCap - VIM STATUS REPORT 2026-07-01 8.49 AM.xlsx:2557; Document ID=2762493
existing,SANCAP,source_row,SanCap - VIM STATUS REPORT 2026-07-01 8.49 AM.xlsx:2558; Document ID=2762529
existing,SANCAP,source_row,SanCap - VIM STATUS REPORT 2026-07-01 8.49 AM.xlsx:2559; Document ID=2762531
existing,SANCAP,source_row,SanCap - VIM STATUS REPORT 2026-07-01 8.49 AM.xlsx:2560; Document ID=2762534
existing,SANCAP,source_row,SanCap - VIM STATUS REPORT 2026-07-01 8.49 AM.xlsx:2561; Document ID=2762543
existing,SANCAP,source_row,SanCap - VIM STATUS REPORT 2026-07-01 8.49 AM.xlsx:2562; Document ID=2762552
existing,SANCAP,source_row,SanCap - VIM STATUS REPORT 2026-07-01 8.49 AM.xlsx:2563; Document ID=2762554
existing,SANCAP,source_row,SanCap - VIM STATUS REPORT 2026-07-01 8.49 AM.xlsx:2564; Document ID=2762564
existing,SANCAP,source_row,SanCap - VIM STATUS REPORT 2026-07-01 8.49 AM.xlsx:2565; Document ID=2762580
existing,SANCAP,source_row,SanCap - VIM STATUS REPORT 2026-07-01 8.49 AM.xlsx:2566; Document ID=2762590
existing,SANCAP,source_row,SanCap - VIM STATUS REPORT 2026-07-01 8.49 AM.xlsx:2567; Document ID=2762602
existing,SANCAP,source_row,SanCap - VIM STATUS REPORT 2026-07-01 8.49 AM.xlsx:2568; Document ID=2762616
existing,SANCAP,source_row,SanCap - VIM STATUS REPORT 2026-07-01 8.49 AM.xlsx:2569; Document ID=2762638
existing,SANCAP,source_row,SanCap - VIM STATUS REPORT 2026-07-01 8.49 AM.xlsx:2571; Document ID=2741667
existing,SANCAP,source_row,SanCap - VIM STATUS REPORT 2026-07-01 8.49 AM.xlsx:2572; Document ID=2745450
existing,SANCAP,source_row,SanCap - VIM STATUS REPORT 2026-07-01 8.49 AM.xlsx:2573; Document ID=2745564
existing,SANCAP,source_row,SanCap - VIM STATUS REPORT 2026-07-01 8.49 AM.xlsx:2574; Document ID=2745575
existing,SANCAP,source_row,SanCap - VIM STATUS REPORT 2026-07-01 8.49 AM.xlsx:2575; Document ID=2745695
existing,SANCAP,source_row,SanCap - VIM STATUS REPORT 2026-07-01 8.49 AM.xlsx:2576; Document ID=2751886
existing,SANCAP,source_row,SanCap - VIM STATUS REPORT 2026-07-01 8.49 AM.xlsx:2577; Document ID=2751887
existing,SANCAP,source_row,SanCap - VIM STATUS REPORT 2026-07-01 8.49 AM.xlsx:2578; Document ID=2751889
existing,SANCAP,source_row,SanCap - VIM STATUS REPORT 2026-07-01 8.49 AM.xlsx:2579; Document ID=2751891
existing,SANCAP,source_row,SanCap - VIM STATUS REPORT 2026-07-01 8.49 AM.xlsx:2580; Document ID=2751892
existing,SANCAP,source_row,SanCap - VIM STATUS REPORT 2026-07-01 8.49 AM.xlsx:2581; Document ID=2751893
existing,SANCAP,source_row,SanCap - VIM STATUS REPORT 2026-07-01 8.49 AM.xlsx:2582; Document ID=2753452
existing,SANCAP,source_row,SanCap - VIM STATUS REPORT 2026-07-01 8.49 AM.xlsx:2583; Document ID=2753481
existing,SANCAP,source_row,SanCap - VIM STATUS REPORT 2026-07-01 8.49 AM.xlsx:2584; Document ID=2755045
existing,SANCAP,source_row,SanCap - VIM STATUS REPORT 2026-07-01 8.49 AM.xlsx:2585; Document ID=2755477
existing,SANCAP,source_row,SanCap - VIM STATUS REPORT 2026-07-01 8.49 AM.xlsx:2586; Document ID=2755564
existing,SANCAP,source_row,SanCap - VIM STATUS REPORT 2026-07-01 8.49 AM.xlsx:2587; Document ID=2757495
existing,SANCAP,source_row,SanCap - VIM STATUS REPORT 2026-07-01 8.49 AM.xlsx:2588; Document ID=2757506
existing,SANCAP,source_row,SanCap - VIM STATUS REPORT 2026-07-01 8.49 AM.xlsx:2589; Document ID=2757526
existing,SANCAP,source_row,SanCap - VIM STATUS REPORT 2026-07-01 8.49 AM.xlsx:2590; Document ID=2757566
existing,SANCAP,source_row,SanCap - VIM STATUS REPORT 2026-07-01 8.49 AM.xlsx:2591; Document ID=2757590
existing,SANCAP,source_row,SanCap - VIM STATUS REPORT 2026-07-01 8.49 AM.xlsx:2592; Document ID=2757726
existing,SANCAP,source_row,SanCap - VIM STATUS REPORT 2026-07-01 8.49 AM.xlsx:2593; Document ID=2757818
existing,SANCAP,source_row,SanCap - VIM STATUS REPORT 2026-07-01 8.49 AM.xlsx:2594; Document ID=2757834
existing,SANCAP,source_row,SanCap - VIM STATUS REPORT 2026-07-01 8.49 AM.xlsx:2595; Document ID=2757870
existing,SANCAP,source_row,SanCap - VIM STATUS REPORT 2026-07-01 8.49 AM.xlsx:2596; Document ID=2757911
existing,SANCAP,source_row,SanCap - VIM STATUS REPORT 2026-07-01 8.49 AM.xlsx:2597; Document ID=2757943
existing,SANCAP,source_row,SanCap - VIM STATUS REPORT 2026-07-01 8.49 AM.xlsx:2599; Document ID=2757994
existing,SANCAP,source_row,SanCap - VIM STATUS REPORT 2026-07-01 8.49 AM.xlsx:2600; Document ID=2758080
existing,SANCAP,source_row,SanCap - VIM STATUS REPORT 2026-07-01 8.49 AM.xlsx:2601; Document ID=2758098
existing,SANCAP,source_row,SanCap - VIM STATUS REPORT 2026-07-01 8.49 AM.xlsx:2605; Document ID=2758372
existing,SANCAP,source_row,SanCap - VIM STATUS REPORT 2026-07-01 8.49 AM.xlsx:2606; Document ID=2758588
existing,SANCAP,source_row,SanCap - VIM STATUS REPORT 2026-07-01 8.49 AM.xlsx:2607; Document ID=2758593
existing,SANCAP,source_row,SanCap - VIM STATUS REPORT 2026-07-01 8.49 AM.xlsx:2608; Document ID=2758614
existing,SANCAP,source_row,SanCap - VIM STATUS REPORT 2026-07-01 8.49 AM.xlsx:2609; Document ID=2758617
existing,SANCAP,source_row,SanCap - VIM STATUS REPORT 2026-07-01 8.49 AM.xlsx:2611; Document ID=2758644
existing,SANCAP,source_row,SanCap - VIM STATUS REPORT 2026-07-01 8.49 AM.xlsx:2612; Document ID=2758650
existing,SANCAP,source_row,SanCap - VIM STATUS REPORT 2026-07-01 8.49 AM.xlsx:2613; Document ID=2758653
existing,SANCAP,source_row,SanCap - VIM STATUS REPORT 2026-07-01 8.49 AM.xlsx:2614; Document ID=2758659
existing,SANCAP,source_row,SanCap - VIM STATUS REPORT 2026-07-01 8.49 AM.xlsx:2615; Document ID=2758675
existing,SANCAP,source_row,SanCap - VIM STATUS REPORT 2026-07-01 8.49 AM.xlsx:2616; Document ID=2758678
existing,SANCAP,source_row,SanCap - VIM STATUS REPORT 2026-07-01 8.49 AM.xlsx:2617; Document ID=2758685
existing,SANCAP,source_row,SanCap - VIM STATUS REPORT 2026-07-01 8.49 AM.xlsx:2618; Document ID=2758691
existing,SANCAP,source_row,SanCap - VIM STATUS REPORT 2026-07-01 8.49 AM.xlsx:2619; Document ID=2758752
existing,SANCAP,source_row,SanCap - VIM STATUS REPORT 2026-07-01 8.49 AM.xlsx:2620; Document ID=2758761
existing,SANCAP,source_row,SanCap - VIM STATUS REPORT 2026-07-01 8.49 AM.xlsx:2621; Document ID=2758780
existing,SANCAP,source_row,SanCap - VIM STATUS REPORT 2026-07-01 8.49 AM.xlsx:2622; Document ID=2758787
existing,SANCAP,source_row,SanCap - VIM STATUS REPORT 2026-07-01 8.49 AM.xlsx:2623; Document ID=2758801
existing,SANCAP,source_row,SanCap - VIM STATUS REPORT 2026-07-01 8.49 AM.xlsx:2624; Document ID=2758832
existing,SANCAP,source_row,SanCap - VIM STATUS REPORT 2026-07-01 8.49 AM.xlsx:2625; Document ID=2717855
existing,SANCAP,source_row,SanCap - VIM STATUS REPORT 2026-07-01 8.49 AM.xlsx:2626; Document ID=2751883
existing,SANCAP,source_row,SanCap - VIM STATUS REPORT 2026-07-01 8.49 AM.xlsx:2627; Document ID=2751888
existing,SANCAP,source_row,SanCap - VIM STATUS REPORT 2026-07-01 8.49 AM.xlsx:2629; Document ID=2755460
existing,SANCAP,source_row,SanCap - VIM STATUS REPORT 2026-07-01 8.49 AM.xlsx:2630; Document ID=2755468
existing,SANCAP,source_row,SanCap - VIM STATUS REPORT 2026-07-01 8.49 AM.xlsx:2631; Document ID=2645589
existing,SANCAP,source_row,SanCap - VIM STATUS REPORT 2026-07-01 8.49 AM.xlsx:2632; Document ID=2716132
existing,SANCAP,source_row,SanCap - VIM STATUS REPORT 2026-07-01 8.49 AM.xlsx:2633; Document ID=2716274
existing,SANCAP,source_row,SanCap - VIM STATUS REPORT 2026-07-01 8.49 AM.xlsx:2634; Document ID=2751884
existing,SANCAP,source_row,SanCap - VIM STATUS REPORT 2026-07-01 8.49 AM.xlsx:2635; Document ID=2751897
existing,SANCAP,source_row,SanCap - VIM STATUS REPORT 2026-07-01 8.49 AM.xlsx:2636; Document ID=2747102
existing,SANCAP,source_row,SanCap - VIM STATUS REPORT 2026-07-01 8.49 AM.xlsx:2637; Document ID=2735555
existing,SANCAP,source_row,SanCap - VIM STATUS REPORT 2026-07-01 8.49 AM.xlsx:2638; Document ID=2735625
existing,SANCAP,source_row,SanCap - VIM STATUS REPORT 2026-07-01 8.49 AM.xlsx:2639; Document ID=2735672
existing,SANCAP,source_row,SanCap - VIM STATUS REPORT 2026-07-01 8.49 AM.xlsx:2640; Document ID=2735783
existing,SANCAP,source_row,SanCap - VIM STATUS REPORT 2026-07-01 8.49 AM.xlsx:2641; Document ID=2735801
existing,SANCAP,source_row,SanCap - VIM STATUS REPORT 2026-07-01 8.49 AM.xlsx:2642; Document ID=2737049
existing,SANCAP,source_row,SanCap - VIM STATUS REPORT 2026-07-01 8.49 AM.xlsx:2643; Document ID=2740867
existing,SANCAP,source_row,SanCap - VIM STATUS REPORT 2026-07-01 8.49 AM.xlsx:2644; Document ID=2741881
existing,SANCAP,source_row,SanCap - VIM STATUS REPORT 2026-07-01 8.49 AM.xlsx:2645; Document ID=2741899
existing,SANCAP,source_row,SanCap - VIM STATUS REPORT 2026-07-01 8.49 AM.xlsx:2646; Document ID=2742719
existing,SANCAP,source_row,SanCap - VIM STATUS REPORT 2026-07-01 8.49 AM.xlsx:2647; Document ID=2742725
existing,SANCAP,source_row,SanCap - VIM STATUS REPORT 2026-07-01 8.49 AM.xlsx:2648; Document ID=2742734
existing,SANCAP,source_row,SanCap - VIM STATUS REPORT 2026-07-01 8.49 AM.xlsx:2649; Document ID=2742745
existing,SANCAP,source_row,SanCap - VIM STATUS REPORT 2026-07-01 8.49 AM.xlsx:2650; Document ID=2742765
existing,SANCAP,source_row,SanCap - VIM STATUS REPORT 2026-07-01 8.49 AM.xlsx:2651; Document ID=2742786
existing,SANCAP,source_row,SanCap - VIM STATUS REPORT 2026-07-01 8.49 AM.xlsx:2652; Document ID=2745652
existing,SANCAP,source_row,SanCap - VIM STATUS REPORT 2026-07-01 8.49 AM.xlsx:2653; Document ID=2746690
existing,SANCAP,source_row,SanCap - VIM STATUS REPORT 2026-07-01 8.49 AM.xlsx:2654; Document ID=2746720
existing,SANCAP,source_row,SanCap - VIM STATUS REPORT 2026-07-01 8.49 AM.xlsx:2655; Document ID=2746742
existing,SANCAP,source_row,SanCap - VIM STATUS REPORT 2026-07-01 8.49 AM.xlsx:2656; Document ID=2746939
existing,SANCAP,source_row,SanCap - VIM STATUS REPORT 2026-07-01 8.49 AM.xlsx:2657; Document ID=2439215
existing,SANCAP,source_row,SanCap - VIM STATUS REPORT 2026-07-01 8.49 AM.xlsx:2658; Document ID=2716571
existing,SANCAP,source_row,SanCap - VIM STATUS REPORT 2026-07-01 8.49 AM.xlsx:2659; Document ID=2716724
existing,SANCAP,source_row,SanCap - VIM STATUS REPORT 2026-07-01 8.49 AM.xlsx:2660; Document ID=2721424
existing,SANCAP,source_row,SanCap - VIM STATUS REPORT 2026-07-01 8.49 AM.xlsx:2661; Document ID=2721504
existing,SANCAP,source_row,SanCap - VIM STATUS REPORT 2026-07-01 8.49 AM.xlsx:2662; Document ID=2721516
existing,SANCAP,source_row,SanCap - VIM STATUS REPORT 2026-07-01 8.49 AM.xlsx:2663; Document ID=2731249
existing,SANCAP,source_row,SanCap - VIM STATUS REPORT 2026-07-01 8.49 AM.xlsx:2664; Document ID=2736677
existing,SANCAP,source_row,SanCap - VIM STATUS REPORT 2026-07-01 8.49 AM.xlsx:2666; Document ID=2741565
existing,SANCAP,source_row,SanCap - VIM STATUS REPORT 2026-07-01 8.49 AM.xlsx:2667; Document ID=2741581
existing,SANCAP,source_row,SanCap - VIM STATUS REPORT 2026-07-01 8.49 AM.xlsx:2668; Document ID=2741836
existing,SANCAP,source_row,SanCap - VIM STATUS REPORT 2026-07-01 8.49 AM.xlsx:2669; Document ID=2741933
existing,SANCAP,source_row,SanCap - VIM STATUS REPORT 2026-07-01 8.49 AM.xlsx:2670; Document ID=2742520
existing,SANCAP,source_row,SanCap - VIM STATUS REPORT 2026-07-01 8.49 AM.xlsx:2671; Document ID=2679781
existing,SANCAP,source_row,SanCap - VIM STATUS REPORT 2026-07-01 8.49 AM.xlsx:2672; Document ID=2721789
existing,SANCAP,source_row,SanCap - VIM STATUS REPORT 2026-07-01 8.49 AM.xlsx:2673; Document ID=2721810
existing,SANCAP,source_row,SanCap - VIM STATUS REPORT 2026-07-01 8.49 AM.xlsx:2674; Document ID=2722181
existing,SANCAP,source_row,SanCap - VIM STATUS REPORT 2026-07-01 8.49 AM.xlsx:2675; Document ID=2722209
existing,SANCAP,source_row,SanCap - VIM STATUS REPORT 2026-07-01 8.49 AM.xlsx:2676; Document ID=2722218
existing,SANCAP,source_row,SanCap - VIM STATUS REPORT 2026-07-01 8.49 AM.xlsx:2677; Document ID=2723276
existing,SANCAP,source_row,SanCap - VIM STATUS REPORT 2026-07-01 8.49 AM.xlsx:2678; Document ID=2723280
existing,SANCAP,source_row,SanCap - VIM STATUS REPORT 2026-07-01 8.49 AM.xlsx:2679; Document ID=2723299
existing,SANCAP,source_row,SanCap - VIM STATUS REPORT 2026-07-01 8.49 AM.xlsx:2680; Document ID=2723415
existing,SANCAP,source_row,SanCap - VIM STATUS REPORT 2026-07-01 8.49 AM.xlsx:2681; Document ID=2731387
existing,SANCAP,source_row,SanCap - VIM STATUS REPORT 2026-07-01 8.49 AM.xlsx:2682; Document ID=2732412
existing,SANCAP,source_row,SanCap - VIM STATUS REPORT 2026-07-01 8.49 AM.xlsx:2683; Document ID=2732558
existing,SANCAP,source_row,SanCap - VIM STATUS REPORT 2026-07-01 8.49 AM.xlsx:2684; Document ID=2732832
existing,SANCAP,source_row,SanCap - VIM STATUS REPORT 2026-07-01 8.49 AM.xlsx:2685; Document ID=2733024
existing,SANCAP,source_row,SanCap - VIM STATUS REPORT 2026-07-01 8.49 AM.xlsx:2686; Document ID=2733109
existing,SANCAP,source_row,SanCap - VIM STATUS REPORT 2026-07-01 8.49 AM.xlsx:2687; Document ID=2733111
existing,SANCAP,source_row,SanCap - VIM STATUS REPORT 2026-07-01 8.49 AM.xlsx:2688; Document ID=2735738
existing,SANCAP,source_row,SanCap - VIM STATUS REPORT 2026-07-01 8.49 AM.xlsx:2689; Document ID=2736175
existing,SANCAP,source_row,SanCap - VIM STATUS REPORT 2026-07-01 8.49 AM.xlsx:2690; Document ID=2736244
existing,SANCAP,source_row,SanCap - VIM STATUS REPORT 2026-07-01 8.49 AM.xlsx:2691; Document ID=2736270
existing,SANCAP,source_row,SanCap - VIM STATUS REPORT 2026-07-01 8.49 AM.xlsx:2692; Document ID=2736282
existing,SANCAP,source_row,SanCap - VIM STATUS REPORT 2026-07-01 8.49 AM.xlsx:2693; Document ID=2736288
existing,SANCAP,source_row,SanCap - VIM STATUS REPORT 2026-07-01 8.49 AM.xlsx:2694; Document ID=2736459
existing,SANCAP,source_row,SanCap - VIM STATUS REPORT 2026-07-01 8.49 AM.xlsx:2695; Document ID=2736908
existing,SANCAP,source_row,SanCap - VIM STATUS REPORT 2026-07-01 8.49 AM.xlsx:2696; Document ID=2736910
existing,SANCAP,source_row,SanCap - VIM STATUS REPORT 2026-07-01 8.49 AM.xlsx:2697; Document ID=2736911
existing,SANCAP,source_row,SanCap - VIM STATUS REPORT 2026-07-01 8.49 AM.xlsx:2698; Document ID=2736913
existing,SANCAP,source_row,SanCap - VIM STATUS REPORT 2026-07-01 8.49 AM.xlsx:2699; Document ID=2736914
existing,SANCAP,source_row,SanCap - VIM STATUS REPORT 2026-07-01 8.49 AM.xlsx:2700; Document ID=2736917
existing,SANCAP,source_row,SanCap - VIM STATUS REPORT 2026-07-01 8.49 AM.xlsx:2701; Document ID=2736919
existing,SANCAP,source_row,SanCap - VIM STATUS REPORT 2026-07-01 8.49 AM.xlsx:2702; Document ID=2736920
existing,SANCAP,source_row,SanCap - VIM STATUS REPORT 2026-07-01 8.49 AM.xlsx:2703; Document ID=2736923
existing,SANCAP,source_row,SanCap - VIM STATUS REPORT 2026-07-01 8.49 AM.xlsx:2704; Document ID=2736925
existing,SANCAP,source_row,SanCap - VIM STATUS REPORT 2026-07-01 8.49 AM.xlsx:2705; Document ID=2736927
existing,SANCAP,source_row,SanCap - VIM STATUS REPORT 2026-07-01 8.49 AM.xlsx:2706; Document ID=2736929
existing,SANCAP,source_row,SanCap - VIM STATUS REPORT 2026-07-01 8.49 AM.xlsx:2707; Document ID=2736932
existing,SANCAP,source_row,SanCap - VIM STATUS REPORT 2026-07-01 8.49 AM.xlsx:2708; Document ID=2699263
existing,SANCAP,source_row,SanCap - VIM STATUS REPORT 2026-07-01 8.49 AM.xlsx:2709; Document ID=2706702
existing,SANCAP,source_row,SanCap - VIM STATUS REPORT 2026-07-01 8.49 AM.xlsx:2710; Document ID=2715958
existing,SANCAP,source_row,SanCap - VIM STATUS REPORT 2026-07-01 8.49 AM.xlsx:2711; Document ID=2716059
existing,SANCAP,source_row,SanCap - VIM STATUS REPORT 2026-07-01 8.49 AM.xlsx:2712; Document ID=2716337
existing,SANCAP,source_row,SanCap - VIM STATUS REPORT 2026-07-01 8.49 AM.xlsx:2713; Document ID=2721222
existing,SANCAP,source_row,SanCap - VIM STATUS REPORT 2026-07-01 8.49 AM.xlsx:2714; Document ID=2721328
existing,SANCAP,source_row,SanCap - VIM STATUS REPORT 2026-07-01 8.49 AM.xlsx:2715; Document ID=2721356
existing,SANCAP,source_row,SanCap - VIM STATUS REPORT 2026-07-01 8.49 AM.xlsx:2716; Document ID=2721379
existing,SANCAP,source_row,SanCap - VIM STATUS REPORT 2026-07-01 8.49 AM.xlsx:2717; Document ID=2723166
existing,SANCAP,source_row,SanCap - VIM STATUS REPORT 2026-07-01 8.49 AM.xlsx:2718; Document ID=2723216
existing,SANCAP,source_row,SanCap - VIM STATUS REPORT 2026-07-01 8.49 AM.xlsx:2719; Document ID=2723234
existing,SANCAP,source_row,SanCap - VIM STATUS REPORT 2026-07-01 8.49 AM.xlsx:2720; Document ID=2723455
existing,SANCAP,source_row,SanCap - VIM STATUS REPORT 2026-07-01 8.49 AM.xlsx:2721; Document ID=2723504
existing,SANCAP,source_row,SanCap - VIM STATUS REPORT 2026-07-01 8.49 AM.xlsx:2722; Document ID=2723535
existing,SANCAP,source_row,SanCap - VIM STATUS REPORT 2026-07-01 8.49 AM.xlsx:2723; Document ID=2723650
existing,SANCAP,source_row,SanCap - VIM STATUS REPORT 2026-07-01 8.49 AM.xlsx:2724; Document ID=2723668
existing,SANCAP,source_row,SanCap - VIM STATUS REPORT 2026-07-01 8.49 AM.xlsx:2725; Document ID=2731392
existing,SANCAP,source_row,SanCap - VIM STATUS REPORT 2026-07-01 8.49 AM.xlsx:2726; Document ID=2731408
existing,SANCAP,source_row,SanCap - VIM STATUS REPORT 2026-07-01 8.49 AM.xlsx:2730; Document ID=2732602
existing,SANCAP,source_row,SanCap - VIM STATUS REPORT 2026-07-01 8.49 AM.xlsx:2731; Document ID=2732604
existing,SANCAP,source_row,SanCap - VIM STATUS REPORT 2026-07-01 8.49 AM.xlsx:2732; Document ID=2732605
existing,SANCAP,source_row,SanCap - VIM STATUS REPORT 2026-07-01 8.49 AM.xlsx:2733; Document ID=2732606
existing,SANCAP,source_row,SanCap - VIM STATUS REPORT 2026-07-01 8.49 AM.xlsx:2737; Document ID=2718808
existing,SANCAP,source_row,SanCap - VIM STATUS REPORT 2026-07-01 8.49 AM.xlsx:2738; Document ID=2718826
existing,SANCAP,source_row,SanCap - VIM STATUS REPORT 2026-07-01 8.49 AM.xlsx:2739; Document ID=2718829
existing,SANCAP,source_row,SanCap - VIM STATUS REPORT 2026-07-01 8.49 AM.xlsx:2740; Document ID=2718830
existing,SANCAP,source_row,SanCap - VIM STATUS REPORT 2026-07-01 8.49 AM.xlsx:2741; Document ID=2718831
existing,SANCAP,source_row,SanCap - VIM STATUS REPORT 2026-07-01 8.49 AM.xlsx:2742; Document ID=2718833
existing,SANCAP,source_row,SanCap - VIM STATUS REPORT 2026-07-01 8.49 AM.xlsx:2743; Document ID=2718835
existing,SANCAP,source_row,SanCap - VIM STATUS REPORT 2026-07-01 8.49 AM.xlsx:2744; Document ID=2718837
existing,SANCAP,source_row,SanCap - VIM STATUS REPORT 2026-07-01 8.49 AM.xlsx:2745; Document ID=2718841
existing,SANCAP,source_row,SanCap - VIM STATUS REPORT 2026-07-01 8.49 AM.xlsx:2746; Document ID=2718872
existing,SANCAP,source_row,SanCap - VIM STATUS REPORT 2026-07-01 8.49 AM.xlsx:2747; Document ID=2718874
existing,SANCAP,source_row,SanCap - VIM STATUS REPORT 2026-07-01 8.49 AM.xlsx:2748; Document ID=2718875
existing,SANCAP,source_row,SanCap - VIM STATUS REPORT 2026-07-01 8.49 AM.xlsx:2749; Document ID=2718877
existing,SANCAP,source_row,SanCap - VIM STATUS REPORT 2026-07-01 8.49 AM.xlsx:2750; Document ID=2718881
existing,SANCAP,source_row,SanCap - VIM STATUS REPORT 2026-07-01 8.49 AM.xlsx:2751; Document ID=2723129
existing,SANCAP,source_row,SanCap - VIM STATUS REPORT 2026-07-01 8.49 AM.xlsx:2752; Document ID=2723205
existing,SANCAP,source_row,SanCap - VIM STATUS REPORT 2026-07-01 8.49 AM.xlsx:2753; Document ID=2723533
existing,SANCAP,source_row,SanCap - VIM STATUS REPORT 2026-07-01 8.49 AM.xlsx:2754; Document ID=2723676
existing,SANCAP,source_row,SanCap - VIM STATUS REPORT 2026-07-01 8.49 AM.xlsx:2755; Document ID=2723710
existing,SANCAP,source_row,SanCap - VIM STATUS REPORT 2026-07-01 8.49 AM.xlsx:2756; Document ID=2723896
existing,SANCAP,source_row,SanCap - VIM STATUS REPORT 2026-07-01 8.49 AM.xlsx:2760; Document ID=2684526
existing,SANCAP,source_row,SanCap - VIM STATUS REPORT 2026-07-01 8.49 AM.xlsx:2761; Document ID=2699168
existing,SANCAP,source_row,SanCap - VIM STATUS REPORT 2026-07-01 8.49 AM.xlsx:2762; Document ID=2699174
existing,SANCAP,source_row,SanCap - VIM STATUS REPORT 2026-07-01 8.49 AM.xlsx:2763; Document ID=2716893
existing,SANCAP,source_row,SanCap - VIM STATUS REPORT 2026-07-01 8.49 AM.xlsx:2764; Document ID=2718497
existing,SANCAP,source_row,SanCap - VIM STATUS REPORT 2026-07-01 8.49 AM.xlsx:2765; Document ID=2719544
existing,SANCAP,source_row,SanCap - VIM STATUS REPORT 2026-07-01 8.49 AM.xlsx:2766; Document ID=2719565
existing,SANCAP,source_row,SanCap - VIM STATUS REPORT 2026-07-01 8.49 AM.xlsx:2767; Document ID=2719566
existing,SANCAP,source_row,SanCap - VIM STATUS REPORT 2026-07-01 8.49 AM.xlsx:2768; Document ID=2719567
existing,SANCAP,source_row,SanCap - VIM STATUS REPORT 2026-07-01 8.49 AM.xlsx:2769; Document ID=2719708
existing,SANCAP,source_row,SanCap - VIM STATUS REPORT 2026-07-01 8.49 AM.xlsx:2770; Document ID=2719709
existing,SANCAP,source_row,SanCap - VIM STATUS REPORT 2026-07-01 8.49 AM.xlsx:2771; Document ID=2719721
existing,SANCAP,source_row,SanCap - VIM STATUS REPORT 2026-07-01 8.49 AM.xlsx:2772; Document ID=2719722
existing,SANCAP,source_row,SanCap - VIM STATUS REPORT 2026-07-01 8.49 AM.xlsx:2773; Document ID=2720084
existing,SANCAP,source_row,SanCap - VIM STATUS REPORT 2026-07-01 8.49 AM.xlsx:2774; Document ID=2720091
existing,SANCAP,source_row,SanCap - VIM STATUS REPORT 2026-07-01 8.49 AM.xlsx:2775; Document ID=2720092
existing,SANCAP,source_row,SanCap - VIM STATUS REPORT 2026-07-01 8.49 AM.xlsx:2776; Document ID=2720604
existing,SANCAP,source_row,SanCap - VIM STATUS REPORT 2026-07-01 8.49 AM.xlsx:2777; Document ID=2720650
existing,SANCAP,source_row,SanCap - VIM STATUS REPORT 2026-07-01 8.49 AM.xlsx:2778; Document ID=2720651
existing,SANCAP,source_row,SanCap - VIM STATUS REPORT 2026-07-01 8.49 AM.xlsx:2779; Document ID=2720653
existing,SANCAP,source_row,SanCap - VIM STATUS REPORT 2026-07-01 8.49 AM.xlsx:2781; Document ID=2721832
existing,SANCAP,source_row,SanCap - VIM STATUS REPORT 2026-07-01 8.49 AM.xlsx:2785; Document ID=2723215
existing,SANCAP,source_row,SanCap - VIM STATUS REPORT 2026-07-01 8.49 AM.xlsx:2786; Document ID=2723404
existing,SANCAP,source_row,SanCap - VIM STATUS REPORT 2026-07-01 8.49 AM.xlsx:2788; Document ID=2632746
existing,SANCAP,source_row,SanCap - VIM STATUS REPORT 2026-07-01 8.49 AM.xlsx:2789; Document ID=2632751
existing,SANCAP,source_row,SanCap - VIM STATUS REPORT 2026-07-01 8.49 AM.xlsx:2790; Document ID=2632808
existing,SANCAP,source_row,SanCap - VIM STATUS REPORT 2026-07-01 8.49 AM.xlsx:2791; Document ID=2632813
existing,SANCAP,source_row,SanCap - VIM STATUS REPORT 2026-07-01 8.49 AM.xlsx:2792; Document ID=2632954
existing,SANCAP,source_row,SanCap - VIM STATUS REPORT 2026-07-01 8.49 AM.xlsx:2793; Document ID=2632968
existing,SANCAP,source_row,SanCap - VIM STATUS REPORT 2026-07-01 8.49 AM.xlsx:2794; Document ID=2632978
existing,SANCAP,source_row,SanCap - VIM STATUS REPORT 2026-07-01 8.49 AM.xlsx:2795; Document ID=2632982
existing,SANCAP,source_row,SanCap - VIM STATUS REPORT 2026-07-01 8.49 AM.xlsx:2796; Document ID=2632990
existing,SANCAP,source_row,SanCap - VIM STATUS REPORT 2026-07-01 8.49 AM.xlsx:2797; Document ID=2632996
existing,SANCAP,source_row,SanCap - VIM STATUS REPORT 2026-07-01 8.49 AM.xlsx:2798; Document ID=2633002
existing,SANCAP,source_row,SanCap - VIM STATUS REPORT 2026-07-01 8.49 AM.xlsx:2799; Document ID=2633009
existing,SANCAP,source_row,SanCap - VIM STATUS REPORT 2026-07-01 8.49 AM.xlsx:2800; Document ID=2633017
existing,SANCAP,source_row,SanCap - VIM STATUS REPORT 2026-07-01 8.49 AM.xlsx:2801; Document ID=2633025
existing,SANCAP,source_row,SanCap - VIM STATUS REPORT 2026-07-01 8.49 AM.xlsx:2802; Document ID=2633027
existing,SANCAP,source_row,SanCap - VIM STATUS REPORT 2026-07-01 8.49 AM.xlsx:2803; Document ID=2633096
existing,SANCAP,source_row,SanCap - VIM STATUS REPORT 2026-07-01 8.49 AM.xlsx:2804; Document ID=2633105
existing,SANCAP,source_row,SanCap - VIM STATUS REPORT 2026-07-01 8.49 AM.xlsx:2805; Document ID=2633106
existing,SANCAP,source_row,SanCap - VIM STATUS REPORT 2026-07-01 8.49 AM.xlsx:2806; Document ID=2633117
existing,SANCAP,source_row,SanCap - VIM STATUS REPORT 2026-07-01 8.49 AM.xlsx:2807; Document ID=2633124
existing,SANCAP,source_row,SanCap - VIM STATUS REPORT 2026-07-01 8.49 AM.xlsx:2808; Document ID=2633129
existing,SANCAP,source_row,SanCap - VIM STATUS REPORT 2026-07-01 8.49 AM.xlsx:2810; Document ID=2633199
existing,SANCAP,source_row,SanCap - VIM STATUS REPORT 2026-07-01 8.49 AM.xlsx:2811; Document ID=2633203
existing,SANCAP,source_row,SanCap - VIM STATUS REPORT 2026-07-01 8.49 AM.xlsx:2812; Document ID=2633207
existing,SANCAP,source_row,SanCap - VIM STATUS REPORT 2026-07-01 8.49 AM.xlsx:2813; Document ID=2633209
existing,SANCAP,source_row,SanCap - VIM STATUS REPORT 2026-07-01 8.49 AM.xlsx:2814; Document ID=2677593
existing,SANCAP,source_row,SanCap - VIM STATUS REPORT 2026-07-01 8.49 AM.xlsx:2815; Document ID=2677894
existing,SANCAP,source_row,SanCap - VIM STATUS REPORT 2026-07-01 8.49 AM.xlsx:2816; Document ID=2697668
existing,SANCAP,source_row,SanCap - VIM STATUS REPORT 2026-07-01 8.49 AM.xlsx:2817; Document ID=2698767
existing,SANCAP,source_row,SanCap - VIM STATUS REPORT 2026-07-01 8.49 AM.xlsx:2818; Document ID=2698782
existing,SANCAP,source_row,SanCap - VIM STATUS REPORT 2026-07-01 8.49 AM.xlsx:2819; Document ID=2698790
existing,SANCAP,source_row,SanCap - VIM STATUS REPORT 2026-07-01 8.49 AM.xlsx:2820; Document ID=2698813
existing,SANCAP,source_row,SanCap - VIM STATUS REPORT 2026-07-01 8.49 AM.xlsx:2821; Document ID=2699172
existing,SANCAP,source_row,SanCap - VIM STATUS REPORT 2026-07-01 8.49 AM.xlsx:2822; Document ID=2699262
existing,SANCAP,source_row,SanCap - VIM STATUS REPORT 2026-07-01 8.49 AM.xlsx:2823; Document ID=2700885
existing,SANCAP,source_row,SanCap - VIM STATUS REPORT 2026-07-01 8.49 AM.xlsx:2824; Document ID=2701112
existing,SANCAP,source_row,SanCap - VIM STATUS REPORT 2026-07-01 8.49 AM.xlsx:2825; Document ID=2701262
existing,SANCAP,source_row,SanCap - VIM STATUS REPORT 2026-07-01 8.49 AM.xlsx:2826; Document ID=2701270
existing,SANCAP,source_row,SanCap - VIM STATUS REPORT 2026-07-01 8.49 AM.xlsx:2827; Document ID=2701278
existing,SANCAP,source_row,SanCap - VIM STATUS REPORT 2026-07-01 8.49 AM.xlsx:2828; Document ID=2701284
existing,SANCAP,source_row,SanCap - VIM STATUS REPORT 2026-07-01 8.49 AM.xlsx:2829; Document ID=2701292
existing,SANCAP,source_row,SanCap - VIM STATUS REPORT 2026-07-01 8.49 AM.xlsx:2830; Document ID=2701297
existing,SANCAP,source_row,SanCap - VIM STATUS REPORT 2026-07-01 8.49 AM.xlsx:2831; Document ID=2706372
existing,SANCAP,source_row,SanCap - VIM STATUS REPORT 2026-07-01 8.49 AM.xlsx:2832; Document ID=2706664
existing,SANCAP,source_row,SanCap - VIM STATUS REPORT 2026-07-01 8.49 AM.xlsx:2833; Document ID=2706684
existing,SANCAP,source_row,SanCap - VIM STATUS REPORT 2026-07-01 8.49 AM.xlsx:2834; Document ID=2706816
existing,SANCAP,source_row,SanCap - VIM STATUS REPORT 2026-07-01 8.49 AM.xlsx:2835; Document ID=2710115
existing,SANCAP,source_row,SanCap - VIM STATUS REPORT 2026-07-01 8.49 AM.xlsx:2836; Document ID=2711152
existing,SANCAP,source_row,SanCap - VIM STATUS REPORT 2026-07-01 8.49 AM.xlsx:2837; Document ID=2711204
existing,SANCAP,source_row,SanCap - VIM STATUS REPORT 2026-07-01 8.49 AM.xlsx:2838; Document ID=2711900
existing,SANCAP,source_row,SanCap - VIM STATUS REPORT 2026-07-01 8.49 AM.xlsx:2839; Document ID=2716078
existing,SANCAP,source_row,SanCap - VIM STATUS REPORT 2026-07-01 8.49 AM.xlsx:2840; Document ID=2716111
existing,SANCAP,source_row,SanCap - VIM STATUS REPORT 2026-07-01 8.49 AM.xlsx:2841; Document ID=2716171
existing,SANCAP,source_row,SanCap - VIM STATUS REPORT 2026-07-01 8.49 AM.xlsx:2843; Document ID=2716297
existing,SANCAP,source_row,SanCap - VIM STATUS REPORT 2026-07-01 8.49 AM.xlsx:2844; Document ID=2716372
existing,SANCAP,source_row,SanCap - VIM STATUS REPORT 2026-07-01 8.49 AM.xlsx:2845; Document ID=2716386
existing,SANCAP,source_row,SanCap - VIM STATUS REPORT 2026-07-01 8.49 AM.xlsx:2847; Document ID=2716717
existing,SANCAP,source_row,SanCap - VIM STATUS REPORT 2026-07-01 8.49 AM.xlsx:2848; Document ID=2716725
existing,SANCAP,source_row,SanCap - VIM STATUS REPORT 2026-07-01 8.49 AM.xlsx:2849; Document ID=2717287
existing,SANCAP,source_row,SanCap - VIM STATUS REPORT 2026-07-01 8.49 AM.xlsx:2851; Document ID=2717921
existing,SANCAP,source_row,SanCap - VIM STATUS REPORT 2026-07-01 8.49 AM.xlsx:2852; Document ID=2718641
existing,SANCAP,source_row,SanCap - VIM STATUS REPORT 2026-07-01 8.49 AM.xlsx:2853; Document ID=2718644
existing,SANCAP,source_row,SanCap - VIM STATUS REPORT 2026-07-01 8.49 AM.xlsx:2854; Document ID=2718646
existing,SANCAP,source_row,SanCap - VIM STATUS REPORT 2026-07-01 8.49 AM.xlsx:2856; Document ID=2632729
existing,SANCAP,source_row,SanCap - VIM STATUS REPORT 2026-07-01 8.49 AM.xlsx:2857; Document ID=2632735
existing,SANCAP,source_row,SanCap - VIM STATUS REPORT 2026-07-01 8.49 AM.xlsx:2860; Document ID=2706272
existing,SANCAP,source_row,SanCap - VIM STATUS REPORT 2026-07-01 8.49 AM.xlsx:2861; Document ID=2706353
existing,SANCAP,source_row,SanCap - VIM STATUS REPORT 2026-07-01 8.49 AM.xlsx:2862; Document ID=2706502
existing,SANCAP,source_row,SanCap - VIM STATUS REPORT 2026-07-01 8.49 AM.xlsx:2863; Document ID=2706519
existing,SANCAP,source_row,SanCap - VIM STATUS REPORT 2026-07-01 8.49 AM.xlsx:2864; Document ID=2706527
existing,SANCAP,source_row,SanCap - VIM STATUS REPORT 2026-07-01 8.49 AM.xlsx:2865; Document ID=2706535
existing,SANCAP,source_row,SanCap - VIM STATUS REPORT 2026-07-01 8.49 AM.xlsx:2866; Document ID=2706561
existing,SANCAP,source_row,SanCap - VIM STATUS REPORT 2026-07-01 8.49 AM.xlsx:2867; Document ID=2706568
existing,SANCAP,source_row,SanCap - VIM STATUS REPORT 2026-07-01 8.49 AM.xlsx:2868; Document ID=2706621
existing,SANCAP,source_row,SanCap - VIM STATUS REPORT 2026-07-01 8.49 AM.xlsx:2869; Document ID=2706760
existing,SANCAP,source_row,SanCap - VIM STATUS REPORT 2026-07-01 8.49 AM.xlsx:2870; Document ID=2706911
existing,SANCAP,source_row,SanCap - VIM STATUS REPORT 2026-07-01 8.49 AM.xlsx:2871; Document ID=2710093
existing,SANCAP,source_row,SanCap - VIM STATUS REPORT 2026-07-01 8.49 AM.xlsx:2872; Document ID=2710327
existing,SANCAP,source_row,SanCap - VIM STATUS REPORT 2026-07-01 8.49 AM.xlsx:2873; Document ID=2710347
existing,SANCAP,source_row,SanCap - VIM STATUS REPORT 2026-07-01 8.49 AM.xlsx:2874; Document ID=2710349
existing,SANCAP,source_row,SanCap - VIM STATUS REPORT 2026-07-01 8.49 AM.xlsx:2875; Document ID=2710351
existing,SANCAP,source_row,SanCap - VIM STATUS REPORT 2026-07-01 8.49 AM.xlsx:2876; Document ID=2710357
existing,SANCAP,source_row,SanCap - VIM STATUS REPORT 2026-07-01 8.49 AM.xlsx:2877; Document ID=2710358
existing,SANCAP,source_row,SanCap - VIM STATUS REPORT 2026-07-01 8.49 AM.xlsx:2878; Document ID=2710360
existing,SANCAP,source_row,SanCap - VIM STATUS REPORT 2026-07-01 8.49 AM.xlsx:2879; Document ID=2710361
existing,SANCAP,source_row,SanCap - VIM STATUS REPORT 2026-07-01 8.49 AM.xlsx:2880; Document ID=2710363
existing,SANCAP,source_row,SanCap - VIM STATUS REPORT 2026-07-01 8.49 AM.xlsx:2881; Document ID=2710364
existing,SANCAP,source_row,SanCap - VIM STATUS REPORT 2026-07-01 8.49 AM.xlsx:2882; Document ID=2710366
existing,SANCAP,source_row,SanCap - VIM STATUS REPORT 2026-07-01 8.49 AM.xlsx:2883; Document ID=2710367
existing,SANCAP,source_row,SanCap - VIM STATUS REPORT 2026-07-01 8.49 AM.xlsx:2884; Document ID=2710369
existing,SANCAP,source_row,SanCap - VIM STATUS REPORT 2026-07-01 8.49 AM.xlsx:2885; Document ID=2710372
existing,SANCAP,source_row,SanCap - VIM STATUS REPORT 2026-07-01 8.49 AM.xlsx:2886; Document ID=2710373
existing,SANCAP,source_row,SanCap - VIM STATUS REPORT 2026-07-01 8.49 AM.xlsx:2887; Document ID=2710374
existing,SANCAP,source_row,SanCap - VIM STATUS REPORT 2026-07-01 8.49 AM.xlsx:2888; Document ID=2710375
existing,SANCAP,source_row,SanCap - VIM STATUS REPORT 2026-07-01 8.49 AM.xlsx:2889; Document ID=2710378
existing,SANCAP,source_row,SanCap - VIM STATUS REPORT 2026-07-01 8.49 AM.xlsx:2890; Document ID=2710379
existing,SANCAP,source_row,SanCap - VIM STATUS REPORT 2026-07-01 8.49 AM.xlsx:2891; Document ID=2710380
existing,SANCAP,source_row,SanCap - VIM STATUS REPORT 2026-07-01 8.49 AM.xlsx:2892; Document ID=2710381
existing,SANCAP,source_row,SanCap - VIM STATUS REPORT 2026-07-01 8.49 AM.xlsx:2893; Document ID=2711141
existing,SANCAP,source_row,SanCap - VIM STATUS REPORT 2026-07-01 8.49 AM.xlsx:2894; Document ID=2711154
existing,SANCAP,source_row,SanCap - VIM STATUS REPORT 2026-07-01 8.49 AM.xlsx:2895; Document ID=2711155
existing,SANCAP,source_row,SanCap - VIM STATUS REPORT 2026-07-01 8.49 AM.xlsx:2896; Document ID=2711156
existing,SANCAP,source_row,SanCap - VIM STATUS REPORT 2026-07-01 8.49 AM.xlsx:2897; Document ID=2711158
existing,SANCAP,source_row,SanCap - VIM STATUS REPORT 2026-07-01 8.49 AM.xlsx:2898; Document ID=2711564
existing,SANCAP,source_row,SanCap - VIM STATUS REPORT 2026-07-01 8.49 AM.xlsx:2899; Document ID=2711857
existing,SANCAP,source_row,SanCap - VIM STATUS REPORT 2026-07-01 8.49 AM.xlsx:2900; Document ID=2658769
existing,SANCAP,source_row,SanCap - VIM STATUS REPORT 2026-07-01 8.49 AM.xlsx:2901; Document ID=2698563
existing,SANCAP,source_row,SanCap - VIM STATUS REPORT 2026-07-01 8.49 AM.xlsx:2903; Document ID=2705587
existing,SANCAP,source_row,SanCap - VIM STATUS REPORT 2026-07-01 8.49 AM.xlsx:2904; Document ID=2706028
existing,SANCAP,source_row,SanCap - VIM STATUS REPORT 2026-07-01 8.49 AM.xlsx:2905; Document ID=2706033
existing,SANCAP,source_row,SanCap - VIM STATUS REPORT 2026-07-01 8.49 AM.xlsx:2906; Document ID=2706038
existing,SANCAP,source_row,SanCap - VIM STATUS REPORT 2026-07-01 8.49 AM.xlsx:2907; Document ID=2706053
existing,SANCAP,source_row,SanCap - VIM STATUS REPORT 2026-07-01 8.49 AM.xlsx:2908; Document ID=2706132
existing,SANCAP,source_row,SanCap - VIM STATUS REPORT 2026-07-01 8.49 AM.xlsx:2909; Document ID=2706149
existing,SANCAP,source_row,SanCap - VIM STATUS REPORT 2026-07-01 8.49 AM.xlsx:2910; Document ID=2706168
existing,SANCAP,source_row,SanCap - VIM STATUS REPORT 2026-07-01 8.49 AM.xlsx:2912; Document ID=2706600
existing,SANCAP,source_row,SanCap - VIM STATUS REPORT 2026-07-01 8.49 AM.xlsx:2913; Document ID=2706615
existing,SANCAP,source_row,SanCap - VIM STATUS REPORT 2026-07-01 8.49 AM.xlsx:2914; Document ID=2706645
existing,SANCAP,source_row,SanCap - VIM STATUS REPORT 2026-07-01 8.49 AM.xlsx:2915; Document ID=2706649
existing,SANCAP,source_row,SanCap - VIM STATUS REPORT 2026-07-01 8.49 AM.xlsx:2916; Document ID=2706750
existing,SANCAP,source_row,SanCap - VIM STATUS REPORT 2026-07-01 8.49 AM.xlsx:2918; Document ID=2645605
existing,SANCAP,source_row,SanCap - VIM STATUS REPORT 2026-07-01 8.49 AM.xlsx:2919; Document ID=2696263
existing,SANCAP,source_row,SanCap - VIM STATUS REPORT 2026-07-01 8.49 AM.xlsx:2920; Document ID=2698730
existing,SANCAP,source_row,SanCap - VIM STATUS REPORT 2026-07-01 8.49 AM.xlsx:2921; Document ID=2701741
existing,SANCAP,source_row,SanCap - VIM STATUS REPORT 2026-07-01 8.49 AM.xlsx:2922; Document ID=2701773
existing,SANCAP,source_row,SanCap - VIM STATUS REPORT 2026-07-01 8.49 AM.xlsx:2923; Document ID=2633143
existing,SANCAP,source_row,SanCap - VIM STATUS REPORT 2026-07-01 8.49 AM.xlsx:2924; Document ID=2643937
existing,SANCAP,source_row,SanCap - VIM STATUS REPORT 2026-07-01 8.49 AM.xlsx:2925; Document ID=2643948
existing,SANCAP,source_row,SanCap - VIM STATUS REPORT 2026-07-01 8.49 AM.xlsx:2926; Document ID=2643962
existing,SANCAP,source_row,SanCap - VIM STATUS REPORT 2026-07-01 8.49 AM.xlsx:2927; Document ID=2643983
existing,SANCAP,source_row,SanCap - VIM STATUS REPORT 2026-07-01 8.49 AM.xlsx:2928; Document ID=2644021
existing,SANCAP,source_row,SanCap - VIM STATUS REPORT 2026-07-01 8.49 AM.xlsx:2929; Document ID=2644037
existing,SANCAP,source_row,SanCap - VIM STATUS REPORT 2026-07-01 8.49 AM.xlsx:2930; Document ID=2644058
existing,SANCAP,source_row,SanCap - VIM STATUS REPORT 2026-07-01 8.49 AM.xlsx:2931; Document ID=2644071
existing,SANCAP,source_row,SanCap - VIM STATUS REPORT 2026-07-01 8.49 AM.xlsx:2932; Document ID=2644115
existing,SANCAP,source_row,SanCap - VIM STATUS REPORT 2026-07-01 8.49 AM.xlsx:2933; Document ID=2645503
existing,SANCAP,source_row,SanCap - VIM STATUS REPORT 2026-07-01 8.49 AM.xlsx:2934; Document ID=2665584
existing,SANCAP,source_row,SanCap - VIM STATUS REPORT 2026-07-01 8.49 AM.xlsx:2935; Document ID=2677543
existing,SANCAP,source_row,SanCap - VIM STATUS REPORT 2026-07-01 8.49 AM.xlsx:2936; Document ID=2677609
existing,SANCAP,source_row,SanCap - VIM STATUS REPORT 2026-07-01 8.49 AM.xlsx:2937; Document ID=2684409
existing,SANCAP,source_row,SanCap - VIM STATUS REPORT 2026-07-01 8.49 AM.xlsx:2938; Document ID=2686895
existing,SANCAP,source_row,SanCap - VIM STATUS REPORT 2026-07-01 8.49 AM.xlsx:2939; Document ID=2697788
existing,SANCAP,source_row,SanCap - VIM STATUS REPORT 2026-07-01 8.49 AM.xlsx:2940; Document ID=2697809
existing,SANCAP,source_row,SanCap - VIM STATUS REPORT 2026-07-01 8.49 AM.xlsx:2941; Document ID=2697862
existing,SANCAP,source_row,SanCap - VIM STATUS REPORT 2026-07-01 8.49 AM.xlsx:2942; Document ID=2697970
existing,SANCAP,source_row,SanCap - VIM STATUS REPORT 2026-07-01 8.49 AM.xlsx:2943; Document ID=2698437
existing,SANCAP,source_row,SanCap - VIM STATUS REPORT 2026-07-01 8.49 AM.xlsx:2944; Document ID=2698443
existing,SANCAP,source_row,SanCap - VIM STATUS REPORT 2026-07-01 8.49 AM.xlsx:2945; Document ID=2698794
existing,SANCAP,source_row,SanCap - VIM STATUS REPORT 2026-07-01 8.49 AM.xlsx:2946; Document ID=2698803
existing,SANCAP,source_row,SanCap - VIM STATUS REPORT 2026-07-01 8.49 AM.xlsx:2947; Document ID=2699162
existing,SANCAP,source_row,SanCap - VIM STATUS REPORT 2026-07-01 8.49 AM.xlsx:2948; Document ID=2699180
existing,SANCAP,source_row,SanCap - VIM STATUS REPORT 2026-07-01 8.49 AM.xlsx:2949; Document ID=2699236
existing,SANCAP,source_row,SanCap - VIM STATUS REPORT 2026-07-01 8.49 AM.xlsx:2950; Document ID=2699259
existing,SANCAP,source_row,SanCap - VIM STATUS REPORT 2026-07-01 8.49 AM.xlsx:2951; Document ID=2699268
existing,SANCAP,source_row,SanCap - VIM STATUS REPORT 2026-07-01 8.49 AM.xlsx:2953; Document ID=2700752
existing,SANCAP,source_row,SanCap - VIM STATUS REPORT 2026-07-01 8.49 AM.xlsx:2954; Document ID=2700805
existing,SANCAP,source_row,SanCap - VIM STATUS REPORT 2026-07-01 8.49 AM.xlsx:2956; Document ID=2701137
existing,SANCAP,source_row,SanCap - VIM STATUS REPORT 2026-07-01 8.49 AM.xlsx:2958; Document ID=2701256
existing,SANCAP,source_row,SanCap - VIM STATUS REPORT 2026-07-01 8.49 AM.xlsx:2959; Document ID=2701648
existing,SANCAP,source_row,SanCap - VIM STATUS REPORT 2026-07-01 8.49 AM.xlsx:2960; Document ID=2701666
existing,SANCAP,source_row,SanCap - VIM STATUS REPORT 2026-07-01 8.49 AM.xlsx:2961; Document ID=2701678
existing,SANCAP,source_row,SanCap - VIM STATUS REPORT 2026-07-01 8.49 AM.xlsx:2962; Document ID=2701729
existing,SANCAP,source_row,SanCap - VIM STATUS REPORT 2026-07-01 8.49 AM.xlsx:2963; Document ID=2631899
existing,SANCAP,source_row,SanCap - VIM STATUS REPORT 2026-07-01 8.49 AM.xlsx:2964; Document ID=2652255
existing,SANCAP,source_row,SanCap - VIM STATUS REPORT 2026-07-01 8.49 AM.xlsx:2965; Document ID=2652276
existing,SANCAP,source_row,SanCap - VIM STATUS REPORT 2026-07-01 8.49 AM.xlsx:2966; Document ID=2652319
existing,SANCAP,source_row,SanCap - VIM STATUS REPORT 2026-07-01 8.49 AM.xlsx:2967; Document ID=2677031
existing,SANCAP,source_row,SanCap - VIM STATUS REPORT 2026-07-01 8.49 AM.xlsx:2968; Document ID=2677042
existing,SANCAP,source_row,SanCap - VIM STATUS REPORT 2026-07-01 8.49 AM.xlsx:2971; Document ID=2680017
existing,SANCAP,source_row,SanCap - VIM STATUS REPORT 2026-07-01 8.49 AM.xlsx:2972; Document ID=2680031
existing,SANCAP,source_row,SanCap - VIM STATUS REPORT 2026-07-01 8.49 AM.xlsx:2974; Document ID=2681119
existing,SANCAP,source_row,SanCap - VIM STATUS REPORT 2026-07-01 8.49 AM.xlsx:2975; Document ID=2681136
existing,SANCAP,source_row,SanCap - VIM STATUS REPORT 2026-07-01 8.49 AM.xlsx:2976; Document ID=2693471
existing,SANCAP,source_row,SanCap - VIM STATUS REPORT 2026-07-01 8.49 AM.xlsx:2977; Document ID=2695972
existing,SANCAP,source_row,SanCap - VIM STATUS REPORT 2026-07-01 8.49 AM.xlsx:2978; Document ID=2696068
existing,SANCAP,source_row,SanCap - VIM STATUS REPORT 2026-07-01 8.49 AM.xlsx:2979; Document ID=2696104
existing,SANCAP,source_row,SanCap - VIM STATUS REPORT 2026-07-01 8.49 AM.xlsx:2980; Document ID=2696287
existing,SANCAP,source_row,SanCap - VIM STATUS REPORT 2026-07-01 8.49 AM.xlsx:2981; Document ID=2696292
existing,SANCAP,source_row,SanCap - VIM STATUS REPORT 2026-07-01 8.49 AM.xlsx:2982; Document ID=2696294
existing,SANCAP,source_row,SanCap - VIM STATUS REPORT 2026-07-01 8.49 AM.xlsx:2983; Document ID=2696321
existing,SANCAP,source_row,SanCap - VIM STATUS REPORT 2026-07-01 8.49 AM.xlsx:2984; Document ID=2696335
existing,SANCAP,source_row,SanCap - VIM STATUS REPORT 2026-07-01 8.49 AM.xlsx:2985; Document ID=2696354
existing,SANCAP,source_row,SanCap - VIM STATUS REPORT 2026-07-01 8.49 AM.xlsx:2986; Document ID=2696366
existing,SANCAP,source_row,SanCap - VIM STATUS REPORT 2026-07-01 8.49 AM.xlsx:2987; Document ID=2697605
existing,SANCAP,source_row,SanCap - VIM STATUS REPORT 2026-07-01 8.49 AM.xlsx:2988; Document ID=2697655
existing,SANCAP,source_row,SanCap - VIM STATUS REPORT 2026-07-01 8.49 AM.xlsx:2989; Document ID=2697690
existing,SANCAP,source_row,SanCap - VIM STATUS REPORT 2026-07-01 8.49 AM.xlsx:2990; Document ID=2697713
existing,SANCAP,source_row,SanCap - VIM STATUS REPORT 2026-07-01 8.49 AM.xlsx:2991; Document ID=2697717
existing,SANCAP,source_row,SanCap - VIM STATUS REPORT 2026-07-01 8.49 AM.xlsx:2992; Document ID=2697828
existing,SANCAP,source_row,SanCap - VIM STATUS REPORT 2026-07-01 8.49 AM.xlsx:2994; Document ID=2697928
existing,SANCAP,source_row,SanCap - VIM STATUS REPORT 2026-07-01 8.49 AM.xlsx:2995; Document ID=2697930
existing,SANCAP,source_row,SanCap - VIM STATUS REPORT 2026-07-01 8.49 AM.xlsx:2998; Document ID=2698169
existing,SANCAP,source_row,SanCap - VIM STATUS REPORT 2026-07-01 8.49 AM.xlsx:2999; Document ID=2698178
existing,SANCAP,source_row,SanCap - VIM STATUS REPORT 2026-07-01 8.49 AM.xlsx:3000; Document ID=2698231
existing,SANCAP,source_row,SanCap - VIM STATUS REPORT 2026-07-01 8.49 AM.xlsx:3001; Document ID=2698238
existing,SANCAP,source_row,SanCap - VIM STATUS REPORT 2026-07-01 8.49 AM.xlsx:3002; Document ID=2698249
existing,SANCAP,source_row,SanCap - VIM STATUS REPORT 2026-07-01 8.49 AM.xlsx:3003; Document ID=2698298
existing,SANCAP,source_row,SanCap - VIM STATUS REPORT 2026-07-01 8.49 AM.xlsx:3004; Document ID=2698431
existing,SANCAP,source_row,SanCap - VIM STATUS REPORT 2026-07-01 8.49 AM.xlsx:3005; Document ID=2698469
existing,SANCAP,source_row,SanCap - VIM STATUS REPORT 2026-07-01 8.49 AM.xlsx:3006; Document ID=2698476
existing,SANCAP,source_row,SanCap - VIM STATUS REPORT 2026-07-01 8.49 AM.xlsx:3007; Document ID=2698655
existing,SANCAP,source_row,SanCap - VIM STATUS REPORT 2026-07-01 8.49 AM.xlsx:3008; Document ID=2698708
existing,SANCAP,source_row,SanCap - VIM STATUS REPORT 2026-07-01 8.49 AM.xlsx:3009; Document ID=2698788
existing,SANCAP,source_row,SanCap - VIM STATUS REPORT 2026-07-01 8.49 AM.xlsx:3014; Document ID=2677361
existing,SANCAP,source_row,SanCap - VIM STATUS REPORT 2026-07-01 8.49 AM.xlsx:3015; Document ID=2684397
existing,SANCAP,source_row,SanCap - VIM STATUS REPORT 2026-07-01 8.49 AM.xlsx:3016; Document ID=2686927
existing,SANCAP,source_row,SanCap - VIM STATUS REPORT 2026-07-01 8.49 AM.xlsx:3017; Document ID=2692212
existing,SANCAP,source_row,SanCap - VIM STATUS REPORT 2026-07-01 8.49 AM.xlsx:3018; Document ID=2692214
existing,SANCAP,source_row,SanCap - VIM STATUS REPORT 2026-07-01 8.49 AM.xlsx:3019; Document ID=2692240
existing,SANCAP,source_row,SanCap - VIM STATUS REPORT 2026-07-01 8.49 AM.xlsx:3020; Document ID=2692241
existing,SANCAP,source_row,SanCap - VIM STATUS REPORT 2026-07-01 8.49 AM.xlsx:3021; Document ID=2692411
existing,SANCAP,source_row,SanCap - VIM STATUS REPORT 2026-07-01 8.49 AM.xlsx:3022; Document ID=2693580
existing,SANCAP,source_row,SanCap - VIM STATUS REPORT 2026-07-01 8.49 AM.xlsx:3023; Document ID=2693588
existing,SANCAP,source_row,SanCap - VIM STATUS REPORT 2026-07-01 8.49 AM.xlsx:3024; Document ID=2693595
existing,SANCAP,source_row,SanCap - VIM STATUS REPORT 2026-07-01 8.49 AM.xlsx:3025; Document ID=2693630
existing,SANCAP,source_row,SanCap - VIM STATUS REPORT 2026-07-01 8.49 AM.xlsx:3027; Document ID=2693966
existing,SANCAP,source_row,SanCap - VIM STATUS REPORT 2026-07-01 8.49 AM.xlsx:3028; Document ID=2693967
existing,SANCAP,source_row,SanCap - VIM STATUS REPORT 2026-07-01 8.49 AM.xlsx:3029; Document ID=2694034
existing,SANCAP,source_row,SanCap - VIM STATUS REPORT 2026-07-01 8.49 AM.xlsx:3030; Document ID=2695740
existing,SANCAP,source_row,SanCap - VIM STATUS REPORT 2026-07-01 8.49 AM.xlsx:3031; Document ID=2695745
existing,SANCAP,source_row,SanCap - VIM STATUS REPORT 2026-07-01 8.49 AM.xlsx:3032; Document ID=2695749
existing,SANCAP,source_row,SanCap - VIM STATUS REPORT 2026-07-01 8.49 AM.xlsx:3033; Document ID=2695753
existing,SANCAP,source_row,SanCap - VIM STATUS REPORT 2026-07-01 8.49 AM.xlsx:3034; Document ID=2695757
existing,SANCAP,source_row,SanCap - VIM STATUS REPORT 2026-07-01 8.49 AM.xlsx:3038; Document ID=2621625
existing,SANCAP,source_row,SanCap - VIM STATUS REPORT 2026-07-01 8.49 AM.xlsx:3039; Document ID=2683532
existing,SANCAP,source_row,SanCap - VIM STATUS REPORT 2026-07-01 8.49 AM.xlsx:3040; Document ID=2688935
existing,SANCAP,source_row,SanCap - VIM STATUS REPORT 2026-07-01 8.49 AM.xlsx:3041; Document ID=2688937
existing,SANCAP,source_row,SanCap - VIM STATUS REPORT 2026-07-01 8.49 AM.xlsx:3042; Document ID=2688943
existing,SANCAP,source_row,SanCap - VIM STATUS REPORT 2026-07-01 8.49 AM.xlsx:3043; Document ID=2689040
existing,SANCAP,source_row,SanCap - VIM STATUS REPORT 2026-07-01 8.49 AM.xlsx:3044; Document ID=2690115
existing,SANCAP,source_row,SanCap - VIM STATUS REPORT 2026-07-01 8.49 AM.xlsx:3045; Document ID=2690160
existing,SANCAP,source_row,SanCap - VIM STATUS REPORT 2026-07-01 8.49 AM.xlsx:3046; Document ID=2671227
existing,SANCAP,source_row,SanCap - VIM STATUS REPORT 2026-07-01 8.49 AM.xlsx:3048; Document ID=2679616
existing,SANCAP,source_row,SanCap - VIM STATUS REPORT 2026-07-01 8.49 AM.xlsx:3049; Document ID=2681490
existing,SANCAP,source_row,SanCap - VIM STATUS REPORT 2026-07-01 8.49 AM.xlsx:3067; Document ID=2684284
existing,SANCAP,source_row,SanCap - VIM STATUS REPORT 2026-07-01 8.49 AM.xlsx:3068; Document ID=2684373
existing,SANCAP,source_row,SanCap - VIM STATUS REPORT 2026-07-01 8.49 AM.xlsx:3069; Document ID=2684403
existing,SANCAP,source_row,SanCap - VIM STATUS REPORT 2026-07-01 8.49 AM.xlsx:3070; Document ID=2684427
existing,SANCAP,source_row,SanCap - VIM STATUS REPORT 2026-07-01 8.49 AM.xlsx:3071; Document ID=2684435
existing,SANCAP,source_row,SanCap - VIM STATUS REPORT 2026-07-01 8.49 AM.xlsx:3072; Document ID=2684438
existing,SANCAP,source_row,SanCap - VIM STATUS REPORT 2026-07-01 8.49 AM.xlsx:3073; Document ID=2684441
existing,SANCAP,source_row,SanCap - VIM STATUS REPORT 2026-07-01 8.49 AM.xlsx:3076; Document ID=2684716
existing,SANCAP,source_row,SanCap - VIM STATUS REPORT 2026-07-01 8.49 AM.xlsx:3077; Document ID=2684732
existing,SANCAP,source_row,SanCap - VIM STATUS REPORT 2026-07-01 8.49 AM.xlsx:3078; Document ID=2684736
existing,SANCAP,source_row,SanCap - VIM STATUS REPORT 2026-07-01 8.49 AM.xlsx:3079; Document ID=2684742
existing,SANCAP,source_row,SanCap - VIM STATUS REPORT 2026-07-01 8.49 AM.xlsx:3080; Document ID=2684940
existing,SANCAP,source_row,SanCap - VIM STATUS REPORT 2026-07-01 8.49 AM.xlsx:3081; Document ID=2684942
existing,SANCAP,source_row,SanCap - VIM STATUS REPORT 2026-07-01 8.49 AM.xlsx:3082; Document ID=2684943
existing,SANCAP,source_row,SanCap - VIM STATUS REPORT 2026-07-01 8.49 AM.xlsx:3083; Document ID=2684944
existing,SANCAP,source_row,SanCap - VIM STATUS REPORT 2026-07-01 8.49 AM.xlsx:3084; Document ID=2684945
existing,SANCAP,source_row,SanCap - VIM STATUS REPORT 2026-07-01 8.49 AM.xlsx:3085; Document ID=2684946
existing,SANCAP,source_row,SanCap - VIM STATUS REPORT 2026-07-01 8.49 AM.xlsx:3086; Document ID=2684947
existing,SANCAP,source_row,SanCap - VIM STATUS REPORT 2026-07-01 8.49 AM.xlsx:3087; Document ID=2684948
existing,SANCAP,source_row,SanCap - VIM STATUS REPORT 2026-07-01 8.49 AM.xlsx:3088; Document ID=2684949
existing,SANCAP,source_row,SanCap - VIM STATUS REPORT 2026-07-01 8.49 AM.xlsx:3089; Document ID=2684950
existing,SANCAP,source_row,SanCap - VIM STATUS REPORT 2026-07-01 8.49 AM.xlsx:3090; Document ID=2684951
existing,SANCAP,source_row,SanCap - VIM STATUS REPORT 2026-07-01 8.49 AM.xlsx:3091; Document ID=2684952
existing,SANCAP,source_row,SanCap - VIM STATUS REPORT 2026-07-01 8.49 AM.xlsx:3092; Document ID=2684953
existing,SANCAP,source_row,SanCap - VIM STATUS REPORT 2026-07-01 8.49 AM.xlsx:3093; Document ID=2684954
existing,SANCAP,source_row,SanCap - VIM STATUS REPORT 2026-07-01 8.49 AM.xlsx:3094; Document ID=2684955
existing,SANCAP,source_row,SanCap - VIM STATUS REPORT 2026-07-01 8.49 AM.xlsx:3095; Document ID=2684956
existing,SANCAP,source_row,SanCap - VIM STATUS REPORT 2026-07-01 8.49 AM.xlsx:3097; Document ID=2684963
existing,SANCAP,source_row,SanCap - VIM STATUS REPORT 2026-07-01 8.49 AM.xlsx:3098; Document ID=2685526
existing,SANCAP,source_row,SanCap - VIM STATUS REPORT 2026-07-01 8.49 AM.xlsx:3099; Document ID=2685595
existing,SANCAP,source_row,SanCap - VIM STATUS REPORT 2026-07-01 8.49 AM.xlsx:3100; Document ID=2685596
existing,SANCAP,source_row,SanCap - VIM STATUS REPORT 2026-07-01 8.49 AM.xlsx:3101; Document ID=2685936
existing,SANCAP,source_row,SanCap - VIM STATUS REPORT 2026-07-01 8.49 AM.xlsx:3102; Document ID=2685968
existing,SANCAP,source_row,SanCap - VIM STATUS REPORT 2026-07-01 8.49 AM.xlsx:3103; Document ID=2686004
existing,SANCAP,source_row,SanCap - VIM STATUS REPORT 2026-07-01 8.49 AM.xlsx:3104; Document ID=2686391
existing,SANCAP,source_row,SanCap - VIM STATUS REPORT 2026-07-01 8.49 AM.xlsx:3105; Document ID=2686557
existing,SANCAP,source_row,SanCap - VIM STATUS REPORT 2026-07-01 8.49 AM.xlsx:3106; Document ID=2686606
existing,SANCAP,source_row,SanCap - VIM STATUS REPORT 2026-07-01 8.49 AM.xlsx:3107; Document ID=2686607
existing,SANCAP,source_row,SanCap - VIM STATUS REPORT 2026-07-01 8.49 AM.xlsx:3108; Document ID=2686608
existing,SANCAP,source_row,SanCap - VIM STATUS REPORT 2026-07-01 8.49 AM.xlsx:3109; Document ID=2686609
existing,SANCAP,source_row,SanCap - VIM STATUS REPORT 2026-07-01 8.49 AM.xlsx:3110; Document ID=2686610
existing,SANCAP,source_row,SanCap - VIM STATUS REPORT 2026-07-01 8.49 AM.xlsx:3111; Document ID=2686611
existing,SANCAP,source_row,SanCap - VIM STATUS REPORT 2026-07-01 8.49 AM.xlsx:3112; Document ID=2686615
existing,SANCAP,source_row,SanCap - VIM STATUS REPORT 2026-07-01 8.49 AM.xlsx:3113; Document ID=2686616
existing,SANCAP,source_row,SanCap - VIM STATUS REPORT 2026-07-01 8.49 AM.xlsx:3114; Document ID=2686618
existing,SANCAP,source_row,SanCap - VIM STATUS REPORT 2026-07-01 8.49 AM.xlsx:3115; Document ID=2686885
existing,SANCAP,source_row,SanCap - VIM STATUS REPORT 2026-07-01 8.49 AM.xlsx:3119; Document ID=2687245
existing,SANCAP,source_row,SanCap - VIM STATUS REPORT 2026-07-01 8.49 AM.xlsx:3120; Document ID=2687271
existing,SANCAP,source_row,SanCap - VIM STATUS REPORT 2026-07-01 8.49 AM.xlsx:3123; Document ID=2679603
existing,SANCAP,source_row,SanCap - VIM STATUS REPORT 2026-07-01 8.49 AM.xlsx:3124; Document ID=2679622
existing,SANCAP,source_row,SanCap - VIM STATUS REPORT 2026-07-01 8.49 AM.xlsx:3125; Document ID=2679627
existing,SANCAP,source_row,SanCap - VIM STATUS REPORT 2026-07-01 8.49 AM.xlsx:3126; Document ID=2680013
existing,SANCAP,source_row,SanCap - VIM STATUS REPORT 2026-07-01 8.49 AM.xlsx:3127; Document ID=2680688
existing,SANCAP,source_row,SanCap - VIM STATUS REPORT 2026-07-01 8.49 AM.xlsx:3128; Document ID=2681276
existing,SANCAP,source_row,SanCap - VIM STATUS REPORT 2026-07-01 8.49 AM.xlsx:3131; Document ID=2681453
existing,SANCAP,source_row,SanCap - VIM STATUS REPORT 2026-07-01 8.49 AM.xlsx:3133; Document ID=2681527
existing,SANCAP,source_row,SanCap - VIM STATUS REPORT 2026-07-01 8.49 AM.xlsx:3136; Document ID=2683611
existing,SANCAP,source_row,SanCap - VIM STATUS REPORT 2026-07-01 8.49 AM.xlsx:3137; Document ID=2683794
existing,SANCAP,source_row,SanCap - VIM STATUS REPORT 2026-07-01 8.49 AM.xlsx:3138; Document ID=2683891
existing,SANCAP,source_row,SanCap - VIM STATUS REPORT 2026-07-01 8.49 AM.xlsx:3141; Document ID=2684234
existing,SANCAP,source_row,SanCap - VIM STATUS REPORT 2026-07-01 8.49 AM.xlsx:3142; Document ID=2684372
existing,SANCAP,source_row,SanCap - VIM STATUS REPORT 2026-07-01 8.49 AM.xlsx:3143; Document ID=2684430
existing,SANCAP,source_row,SanCap - VIM STATUS REPORT 2026-07-01 8.49 AM.xlsx:3144; Document ID=2684446
existing,SANCAP,source_row,SanCap - VIM STATUS REPORT 2026-07-01 8.49 AM.xlsx:3146; Document ID=2684527
existing,SANCAP,source_row,SanCap - VIM STATUS REPORT 2026-07-01 8.49 AM.xlsx:3148; Document ID=2684550
existing,SANCAP,source_row,SanCap - VIM STATUS REPORT 2026-07-01 8.49 AM.xlsx:3149; Document ID=2532461
existing,SANCAP,source_row,SanCap - VIM STATUS REPORT 2026-07-01 8.49 AM.xlsx:3150; Document ID=2651934
existing,SANCAP,source_row,SanCap - VIM STATUS REPORT 2026-07-01 8.49 AM.xlsx:3151; Document ID=2652459
existing,SANCAP,source_row,SanCap - VIM STATUS REPORT 2026-07-01 8.49 AM.xlsx:3152; Document ID=2661027
existing,SANCAP,source_row,SanCap - VIM STATUS REPORT 2026-07-01 8.49 AM.xlsx:3153; Document ID=2661177
existing,SANCAP,source_row,SanCap - VIM STATUS REPORT 2026-07-01 8.49 AM.xlsx:3154; Document ID=2661243
existing,SANCAP,source_row,SanCap - VIM STATUS REPORT 2026-07-01 8.49 AM.xlsx:3155; Document ID=2661748
existing,SANCAP,source_row,SanCap - VIM STATUS REPORT 2026-07-01 8.49 AM.xlsx:3156; Document ID=2667181
existing,SANCAP,source_row,SanCap - VIM STATUS REPORT 2026-07-01 8.49 AM.xlsx:3158; Document ID=2677785
existing,SANCAP,source_row,SanCap - VIM STATUS REPORT 2026-07-01 8.49 AM.xlsx:3159; Document ID=2677810
existing,SANCAP,source_row,SanCap - VIM STATUS REPORT 2026-07-01 8.49 AM.xlsx:3160; Document ID=2677859
existing,SANCAP,source_row,SanCap - VIM STATUS REPORT 2026-07-01 8.49 AM.xlsx:3161; Document ID=2677878
existing,SANCAP,source_row,SanCap - VIM STATUS REPORT 2026-07-01 8.49 AM.xlsx:3162; Document ID=2677888
existing,SANCAP,source_row,SanCap - VIM STATUS REPORT 2026-07-01 8.49 AM.xlsx:3163; Document ID=2677910
existing,SANCAP,source_row,SanCap - VIM STATUS REPORT 2026-07-01 8.49 AM.xlsx:3164; Document ID=2677915
existing,SANCAP,source_row,SanCap - VIM STATUS REPORT 2026-07-01 8.49 AM.xlsx:3165; Document ID=2677919
existing,SANCAP,source_row,SanCap - VIM STATUS REPORT 2026-07-01 8.49 AM.xlsx:3166; Document ID=2677941
existing,SANCAP,source_row,SanCap - VIM STATUS REPORT 2026-07-01 8.49 AM.xlsx:3168; Document ID=2679645
existing,SANCAP,source_row,SanCap - VIM STATUS REPORT 2026-07-01 8.49 AM.xlsx:3171; Document ID=2679705
existing,SANCAP,source_row,SanCap - VIM STATUS REPORT 2026-07-01 8.49 AM.xlsx:3172; Document ID=2679717
existing,SANCAP,source_row,SanCap - VIM STATUS REPORT 2026-07-01 8.49 AM.xlsx:3174; Document ID=2679904
existing,SANCAP,source_row,SanCap - VIM STATUS REPORT 2026-07-01 8.49 AM.xlsx:3178; Document ID=2680073
existing,SANCAP,source_row,SanCap - VIM STATUS REPORT 2026-07-01 8.49 AM.xlsx:3180; Document ID=2680101
existing,SANCAP,source_row,SanCap - VIM STATUS REPORT 2026-07-01 8.49 AM.xlsx:3181; Document ID=2680145
existing,SANCAP,source_row,SanCap - VIM STATUS REPORT 2026-07-01 8.49 AM.xlsx:3182; Document ID=2680565
existing,SANCAP,source_row,SanCap - VIM STATUS REPORT 2026-07-01 8.49 AM.xlsx:3183; Document ID=2680578
existing,SANCAP,source_row,SanCap - VIM STATUS REPORT 2026-07-01 8.49 AM.xlsx:3185; Document ID=2680913
existing,SANCAP,source_row,SanCap - VIM STATUS REPORT 2026-07-01 8.49 AM.xlsx:3187; Document ID=2680983
existing,SANCAP,source_row,SanCap - VIM STATUS REPORT 2026-07-01 8.49 AM.xlsx:3188; Document ID=2680997
existing,SANCAP,source_row,SanCap - VIM STATUS REPORT 2026-07-01 8.49 AM.xlsx:3189; Document ID=2681019
existing,SANCAP,source_row,SanCap - VIM STATUS REPORT 2026-07-01 8.49 AM.xlsx:3191; Document ID=2681088
existing,SANCAP,source_row,SanCap - VIM STATUS REPORT 2026-07-01 8.49 AM.xlsx:3192; Document ID=2681117
existing,SANCAP,source_row,SanCap - VIM STATUS REPORT 2026-07-01 8.49 AM.xlsx:3193; Document ID=2681143
existing,SANCAP,source_row,SanCap - VIM STATUS REPORT 2026-07-01 8.49 AM.xlsx:3194; Document ID=2681157
existing,SANCAP,source_row,SanCap - VIM STATUS REPORT 2026-07-01 8.49 AM.xlsx:3195; Document ID=2681162
existing,SANCAP,source_row,SanCap - VIM STATUS REPORT 2026-07-01 8.49 AM.xlsx:3196; Document ID=2681216
existing,SANCAP,source_row,SanCap - VIM STATUS REPORT 2026-07-01 8.49 AM.xlsx:3197; Document ID=2681289
existing,SANCAP,source_row,SanCap - VIM STATUS REPORT 2026-07-01 8.49 AM.xlsx:3198; Document ID=2681319
existing,SANCAP,source_row,SanCap - VIM STATUS REPORT 2026-07-01 8.49 AM.xlsx:3199; Document ID=2681339
existing,SANCAP,source_row,SanCap - VIM STATUS REPORT 2026-07-01 8.49 AM.xlsx:3201; Document ID=2681358
existing,SANCAP,source_row,SanCap - VIM STATUS REPORT 2026-07-01 8.49 AM.xlsx:3202; Document ID=2681369
existing,SANCAP,source_row,SanCap - VIM STATUS REPORT 2026-07-01 8.49 AM.xlsx:3203; Document ID=2647429
existing,SANCAP,source_row,SanCap - VIM STATUS REPORT 2026-07-01 8.49 AM.xlsx:3204; Document ID=2672469
existing,SANCAP,source_row,SanCap - VIM STATUS REPORT 2026-07-01 8.49 AM.xlsx:3205; Document ID=2677122
existing,SANCAP,source_row,SanCap - VIM STATUS REPORT 2026-07-01 8.49 AM.xlsx:3206; Document ID=2677221
existing,SANCAP,source_row,SanCap - VIM STATUS REPORT 2026-07-01 8.49 AM.xlsx:3207; Document ID=2677275
existing,SANCAP,source_row,SanCap - VIM STATUS REPORT 2026-07-01 8.49 AM.xlsx:3208; Document ID=2677277
existing,SANCAP,source_row,SanCap - VIM STATUS REPORT 2026-07-01 8.49 AM.xlsx:3209; Document ID=2677284
existing,SANCAP,source_row,SanCap - VIM STATUS REPORT 2026-07-01 8.49 AM.xlsx:3210; Document ID=2677296
existing,SANCAP,source_row,SanCap - VIM STATUS REPORT 2026-07-01 8.49 AM.xlsx:3211; Document ID=2677364
existing,SANCAP,source_row,SanCap - VIM STATUS REPORT 2026-07-01 8.49 AM.xlsx:3212; Document ID=2677379
existing,SANCAP,source_row,SanCap - VIM STATUS REPORT 2026-07-01 8.49 AM.xlsx:3213; Document ID=2677384
existing,SANCAP,source_row,SanCap - VIM STATUS REPORT 2026-07-01 8.49 AM.xlsx:3218; Document ID=2614002
existing,SANCAP,source_row,SanCap - VIM STATUS REPORT 2026-07-01 8.49 AM.xlsx:3219; Document ID=2644139
existing,SANCAP,source_row,SanCap - VIM STATUS REPORT 2026-07-01 8.49 AM.xlsx:3220; Document ID=2657886
existing,SANCAP,source_row,SanCap - VIM STATUS REPORT 2026-07-01 8.49 AM.xlsx:3221; Document ID=2661039
existing,SANCAP,source_row,SanCap - VIM STATUS REPORT 2026-07-01 8.49 AM.xlsx:3222; Document ID=2661222
existing,SANCAP,source_row,SanCap - VIM STATUS REPORT 2026-07-01 8.49 AM.xlsx:3223; Document ID=2665006
existing,SANCAP,source_row,SanCap - VIM STATUS REPORT 2026-07-01 8.49 AM.xlsx:3224; Document ID=2665011
existing,SANCAP,source_row,SanCap - VIM STATUS REPORT 2026-07-01 8.49 AM.xlsx:3225; Document ID=2665542
existing,SANCAP,source_row,SanCap - VIM STATUS REPORT 2026-07-01 8.49 AM.xlsx:3226; Document ID=2665546
existing,SANCAP,source_row,SanCap - VIM STATUS REPORT 2026-07-01 8.49 AM.xlsx:3227; Document ID=2665561
existing,SANCAP,source_row,SanCap - VIM STATUS REPORT 2026-07-01 8.49 AM.xlsx:3228; Document ID=2665565
existing,SANCAP,source_row,SanCap - VIM STATUS REPORT 2026-07-01 8.49 AM.xlsx:3229; Document ID=2665567
existing,SANCAP,source_row,SanCap - VIM STATUS REPORT 2026-07-01 8.49 AM.xlsx:3230; Document ID=2665570
existing,SANCAP,source_row,SanCap - VIM STATUS REPORT 2026-07-01 8.49 AM.xlsx:3231; Document ID=2665573
existing,SANCAP,source_row,SanCap - VIM STATUS REPORT 2026-07-01 8.49 AM.xlsx:3232; Document ID=2665578
existing,SANCAP,source_row,SanCap - VIM STATUS REPORT 2026-07-01 8.49 AM.xlsx:3233; Document ID=2667273
existing,SANCAP,source_row,SanCap - VIM STATUS REPORT 2026-07-01 8.49 AM.xlsx:3234; Document ID=2667277
existing,SANCAP,source_row,SanCap - VIM STATUS REPORT 2026-07-01 8.49 AM.xlsx:3235; Document ID=2669004
existing,SANCAP,source_row,SanCap - VIM STATUS REPORT 2026-07-01 8.49 AM.xlsx:3236; Document ID=2669005
existing,SANCAP,source_row,SanCap - VIM STATUS REPORT 2026-07-01 8.49 AM.xlsx:3237; Document ID=2669006
existing,SANCAP,source_row,SanCap - VIM STATUS REPORT 2026-07-01 8.49 AM.xlsx:3238; Document ID=2669007
existing,SANCAP,source_row,SanCap - VIM STATUS REPORT 2026-07-01 8.49 AM.xlsx:3239; Document ID=2669008
existing,SANCAP,source_row,SanCap - VIM STATUS REPORT 2026-07-01 8.49 AM.xlsx:3240; Document ID=2669009
existing,SANCAP,source_row,SanCap - VIM STATUS REPORT 2026-07-01 8.49 AM.xlsx:3241; Document ID=2669010
existing,SANCAP,source_row,SanCap - VIM STATUS REPORT 2026-07-01 8.49 AM.xlsx:3242; Document ID=2669175
existing,SANCAP,source_row,SanCap - VIM STATUS REPORT 2026-07-01 8.49 AM.xlsx:3243; Document ID=2645575
existing,SANCAP,source_row,SanCap - VIM STATUS REPORT 2026-07-01 8.49 AM.xlsx:3244; Document ID=2651978
existing,SANCAP,source_row,SanCap - VIM STATUS REPORT 2026-07-01 8.49 AM.xlsx:3245; Document ID=2660829
existing,SANCAP,source_row,SanCap - VIM STATUS REPORT 2026-07-01 8.49 AM.xlsx:3246; Document ID=2660849
existing,SANCAP,source_row,SanCap - VIM STATUS REPORT 2026-07-01 8.49 AM.xlsx:3247; Document ID=2660851
existing,SANCAP,source_row,SanCap - VIM STATUS REPORT 2026-07-01 8.49 AM.xlsx:3248; Document ID=2660919
existing,SANCAP,source_row,SanCap - VIM STATUS REPORT 2026-07-01 8.49 AM.xlsx:3249; Document ID=2660920
existing,SANCAP,source_row,SanCap - VIM STATUS REPORT 2026-07-01 8.49 AM.xlsx:3250; Document ID=2660930
existing,SANCAP,source_row,SanCap - VIM STATUS REPORT 2026-07-01 8.49 AM.xlsx:3251; Document ID=2660931
existing,SANCAP,source_row,SanCap - VIM STATUS REPORT 2026-07-01 8.49 AM.xlsx:3252; Document ID=2660935
existing,SANCAP,source_row,SanCap - VIM STATUS REPORT 2026-07-01 8.49 AM.xlsx:3253; Document ID=2660945
existing,SANCAP,source_row,SanCap - VIM STATUS REPORT 2026-07-01 8.49 AM.xlsx:3255; Document ID=2661205
existing,SANCAP,source_row,SanCap - VIM STATUS REPORT 2026-07-01 8.49 AM.xlsx:3256; Document ID=2661231
existing,SANCAP,source_row,SanCap - VIM STATUS REPORT 2026-07-01 8.49 AM.xlsx:3258; Document ID=2661359
existing,SANCAP,source_row,SanCap - VIM STATUS REPORT 2026-07-01 8.49 AM.xlsx:3259; Document ID=2661735
existing,SANCAP,source_row,SanCap - VIM STATUS REPORT 2026-07-01 8.49 AM.xlsx:3260; Document ID=2662037
existing,SANCAP,source_row,SanCap - VIM STATUS REPORT 2026-07-01 8.49 AM.xlsx:3261; Document ID=2662043
existing,SANCAP,source_row,SanCap - VIM STATUS REPORT 2026-07-01 8.49 AM.xlsx:3262; Document ID=2662049
existing,SANCAP,source_row,SanCap - VIM STATUS REPORT 2026-07-01 8.49 AM.xlsx:3263; Document ID=2662057
existing,SANCAP,source_row,SanCap - VIM STATUS REPORT 2026-07-01 8.49 AM.xlsx:3265; Document ID=2662062
existing,SANCAP,source_row,SanCap - VIM STATUS REPORT 2026-07-01 8.49 AM.xlsx:3266; Document ID=2662065
existing,SANCAP,source_row,SanCap - VIM STATUS REPORT 2026-07-01 8.49 AM.xlsx:3267; Document ID=2662068
existing,SANCAP,source_row,SanCap - VIM STATUS REPORT 2026-07-01 8.49 AM.xlsx:3268; Document ID=2662070
existing,SANCAP,source_row,SanCap - VIM STATUS REPORT 2026-07-01 8.49 AM.xlsx:3269; Document ID=2664433
existing,SANCAP,source_row,SanCap - VIM STATUS REPORT 2026-07-01 8.49 AM.xlsx:3270; Document ID=2664809
existing,SANCAP,source_row,SanCap - VIM STATUS REPORT 2026-07-01 8.49 AM.xlsx:3271; Document ID=2664839
existing,SANCAP,source_row,SanCap - VIM STATUS REPORT 2026-07-01 8.49 AM.xlsx:3272; Document ID=2664856
existing,SANCAP,source_row,SanCap - VIM STATUS REPORT 2026-07-01 8.49 AM.xlsx:3273; Document ID=2664908
existing,SANCAP,source_row,SanCap - VIM STATUS REPORT 2026-07-01 8.49 AM.xlsx:3274; Document ID=2664918
existing,SANCAP,source_row,SanCap - VIM STATUS REPORT 2026-07-01 8.49 AM.xlsx:3275; Document ID=2664925
existing,SANCAP,source_row,SanCap - VIM STATUS REPORT 2026-07-01 8.49 AM.xlsx:3276; Document ID=2664935
existing,SANCAP,source_row,SanCap - VIM STATUS REPORT 2026-07-01 8.49 AM.xlsx:3277; Document ID=2664955
existing,SANCAP,source_row,SanCap - VIM STATUS REPORT 2026-07-01 8.49 AM.xlsx:3278; Document ID=2664970
existing,SANCAP,source_row,SanCap - VIM STATUS REPORT 2026-07-01 8.49 AM.xlsx:3279; Document ID=2664988
existing,SANCAP,source_row,SanCap - VIM STATUS REPORT 2026-07-01 8.49 AM.xlsx:3280; Document ID=2664996
existing,SANCAP,source_row,SanCap - VIM STATUS REPORT 2026-07-01 8.49 AM.xlsx:3281; Document ID=2665018
existing,SANCAP,source_row,SanCap - VIM STATUS REPORT 2026-07-01 8.49 AM.xlsx:3282; Document ID=2665210
existing,SANCAP,source_row,SanCap - VIM STATUS REPORT 2026-07-01 8.49 AM.xlsx:3283; Document ID=2665231
existing,SANCAP,source_row,SanCap - VIM STATUS REPORT 2026-07-01 8.49 AM.xlsx:3284; Document ID=2665509
existing,SANCAP,source_row,SanCap - VIM STATUS REPORT 2026-07-01 8.49 AM.xlsx:3285; Document ID=2665539
existing,SANCAP,source_row,SanCap - VIM STATUS REPORT 2026-07-01 8.49 AM.xlsx:3286; Document ID=2665540
existing,SANCAP,source_row,SanCap - VIM STATUS REPORT 2026-07-01 8.49 AM.xlsx:3287; Document ID=2660512
existing,SANCAP,source_row,SanCap - VIM STATUS REPORT 2026-07-01 8.49 AM.xlsx:3288; Document ID=2660523
existing,SANCAP,source_row,SanCap - VIM STATUS REPORT 2026-07-01 8.49 AM.xlsx:3289; Document ID=2661001
existing,SANCAP,source_row,SanCap - VIM STATUS REPORT 2026-07-01 8.49 AM.xlsx:3290; Document ID=2661022
existing,SANCAP,source_row,SanCap - VIM STATUS REPORT 2026-07-01 8.49 AM.xlsx:3291; Document ID=2661269
existing,SANCAP,source_row,SanCap - VIM STATUS REPORT 2026-07-01 8.49 AM.xlsx:3292; Document ID=2661346
existing,SANCAP,source_row,SanCap - VIM STATUS REPORT 2026-07-01 8.49 AM.xlsx:3294; Document ID=2661800
existing,SANCAP,source_row,SanCap - VIM STATUS REPORT 2026-07-01 8.49 AM.xlsx:3301; Document ID=2653180
existing,SANCAP,source_row,SanCap - VIM STATUS REPORT 2026-07-01 8.49 AM.xlsx:3302; Document ID=2656299
existing,SANCAP,source_row,SanCap - VIM STATUS REPORT 2026-07-01 8.49 AM.xlsx:3303; Document ID=2658096
existing,SANCAP,source_row,SanCap - VIM STATUS REPORT 2026-07-01 8.49 AM.xlsx:3304; Document ID=2658098
existing,SANCAP,source_row,SanCap - VIM STATUS REPORT 2026-07-01 8.49 AM.xlsx:3306; Document ID=2658106
existing,SANCAP,source_row,SanCap - VIM STATUS REPORT 2026-07-01 8.49 AM.xlsx:3307; Document ID=2658135
existing,SANCAP,source_row,SanCap - VIM STATUS REPORT 2026-07-01 8.49 AM.xlsx:3308; Document ID=2658473
existing,SANCAP,source_row,SanCap - VIM STATUS REPORT 2026-07-01 8.49 AM.xlsx:3309; Document ID=2621760
existing,SANCAP,source_row,SanCap - VIM STATUS REPORT 2026-07-01 8.49 AM.xlsx:3310; Document ID=2621769
existing,SANCAP,source_row,SanCap - VIM STATUS REPORT 2026-07-01 8.49 AM.xlsx:3311; Document ID=2635845
existing,SANCAP,source_row,SanCap - VIM STATUS REPORT 2026-07-01 8.49 AM.xlsx:3312; Document ID=2645496
existing,SANCAP,source_row,SanCap - VIM STATUS REPORT 2026-07-01 8.49 AM.xlsx:3313; Document ID=2648954
existing,SANCAP,source_row,SanCap - VIM STATUS REPORT 2026-07-01 8.49 AM.xlsx:3315; Document ID=2652450
existing,SANCAP,source_row,SanCap - VIM STATUS REPORT 2026-07-01 8.49 AM.xlsx:3316; Document ID=2652454
existing,SANCAP,source_row,SanCap - VIM STATUS REPORT 2026-07-01 8.49 AM.xlsx:3317; Document ID=2652455
existing,SANCAP,source_row,SanCap - VIM STATUS REPORT 2026-07-01 8.49 AM.xlsx:3318; Document ID=2652456
existing,SANCAP,source_row,SanCap - VIM STATUS REPORT 2026-07-01 8.49 AM.xlsx:3319; Document ID=2653223
existing,SANCAP,source_row,SanCap - VIM STATUS REPORT 2026-07-01 8.49 AM.xlsx:3320; Document ID=2646691
existing,SANCAP,source_row,SanCap - VIM STATUS REPORT 2026-07-01 8.49 AM.xlsx:3321; Document ID=2647661
existing,SANCAP,source_row,SanCap - VIM STATUS REPORT 2026-07-01 8.49 AM.xlsx:3322; Document ID=2645423
existing,SANCAP,source_row,SanCap - VIM STATUS REPORT 2026-07-01 8.49 AM.xlsx:3324; Document ID=2645526
existing,SANCAP,source_row,SanCap - VIM STATUS REPORT 2026-07-01 8.49 AM.xlsx:3325; Document ID=2645583
existing,SANCAP,source_row,SanCap - VIM STATUS REPORT 2026-07-01 8.49 AM.xlsx:3326; Document ID=2645598
existing,SANCAP,source_row,SanCap - VIM STATUS REPORT 2026-07-01 8.49 AM.xlsx:3327; Document ID=2645602
existing,SANCAP,source_row,SanCap - VIM STATUS REPORT 2026-07-01 8.49 AM.xlsx:3328; Document ID=2645623
existing,SANCAP,source_row,SanCap - VIM STATUS REPORT 2026-07-01 8.49 AM.xlsx:3329; Document ID=2646591
existing,SANCAP,source_row,SanCap - VIM STATUS REPORT 2026-07-01 8.49 AM.xlsx:3330; Document ID=2646645
existing,SANCAP,source_row,SanCap - VIM STATUS REPORT 2026-07-01 8.49 AM.xlsx:3331; Document ID=2646655
existing,SANCAP,source_row,SanCap - VIM STATUS REPORT 2026-07-01 8.49 AM.xlsx:3332; Document ID=2646832
existing,SANCAP,source_row,SanCap - VIM STATUS REPORT 2026-07-01 8.49 AM.xlsx:3334; Document ID=2648773
existing,SANCAP,source_row,SanCap - VIM STATUS REPORT 2026-07-01 8.49 AM.xlsx:3335; Document ID=2648926
existing,SANCAP,source_row,SanCap - VIM STATUS REPORT 2026-07-01 8.49 AM.xlsx:3336; Document ID=2648949
existing,SANCAP,source_row,SanCap - VIM STATUS REPORT 2026-07-01 8.49 AM.xlsx:3337; Document ID=2649023
existing,SANCAP,source_row,SanCap - VIM STATUS REPORT 2026-07-01 8.49 AM.xlsx:3338; Document ID=2649121
existing,SANCAP,source_row,SanCap - VIM STATUS REPORT 2026-07-01 8.49 AM.xlsx:3341; Document ID=2636485
existing,SANCAP,source_row,SanCap - VIM STATUS REPORT 2026-07-01 8.49 AM.xlsx:3342; Document ID=2636500
existing,SANCAP,source_row,SanCap - VIM STATUS REPORT 2026-07-01 8.49 AM.xlsx:3343; Document ID=2637143
existing,SANCAP,source_row,SanCap - VIM STATUS REPORT 2026-07-01 8.49 AM.xlsx:3344; Document ID=2639282
existing,SANCAP,source_row,SanCap - VIM STATUS REPORT 2026-07-01 8.49 AM.xlsx:3345; Document ID=2639301
existing,SANCAP,source_row,SanCap - VIM STATUS REPORT 2026-07-01 8.49 AM.xlsx:3346; Document ID=2639351
existing,SANCAP,source_row,SanCap - VIM STATUS REPORT 2026-07-01 8.49 AM.xlsx:3347; Document ID=2639426
existing,SANCAP,source_row,SanCap - VIM STATUS REPORT 2026-07-01 8.49 AM.xlsx:3348; Document ID=2639446
existing,SANCAP,source_row,SanCap - VIM STATUS REPORT 2026-07-01 8.49 AM.xlsx:3349; Document ID=2639537
existing,SANCAP,source_row,SanCap - VIM STATUS REPORT 2026-07-01 8.49 AM.xlsx:3350; Document ID=2639593
existing,SANCAP,source_row,SanCap - VIM STATUS REPORT 2026-07-01 8.49 AM.xlsx:3351; Document ID=2639843
existing,SANCAP,source_row,SanCap - VIM STATUS REPORT 2026-07-01 8.49 AM.xlsx:3352; Document ID=2639885
existing,SANCAP,source_row,SanCap - VIM STATUS REPORT 2026-07-01 8.49 AM.xlsx:3353; Document ID=2639918
existing,SANCAP,source_row,SanCap - VIM STATUS REPORT 2026-07-01 8.49 AM.xlsx:3354; Document ID=2640012
existing,SANCAP,source_row,SanCap - VIM STATUS REPORT 2026-07-01 8.49 AM.xlsx:3355; Document ID=2640078
existing,SANCAP,source_row,SanCap - VIM STATUS REPORT 2026-07-01 8.49 AM.xlsx:3356; Document ID=2640093
existing,SANCAP,source_row,SanCap - VIM STATUS REPORT 2026-07-01 8.49 AM.xlsx:3357; Document ID=2641417
existing,SANCAP,source_row,SanCap - VIM STATUS REPORT 2026-07-01 8.49 AM.xlsx:3358; Document ID=2641456
existing,SANCAP,source_row,SanCap - VIM STATUS REPORT 2026-07-01 8.49 AM.xlsx:3359; Document ID=2641524
existing,SANCAP,source_row,SanCap - VIM STATUS REPORT 2026-07-01 8.49 AM.xlsx:3360; Document ID=2641551
existing,SANCAP,source_row,SanCap - VIM STATUS REPORT 2026-07-01 8.49 AM.xlsx:3361; Document ID=2641589
existing,SANCAP,source_row,SanCap - VIM STATUS REPORT 2026-07-01 8.49 AM.xlsx:3362; Document ID=2641599
existing,SANCAP,source_row,SanCap - VIM STATUS REPORT 2026-07-01 8.49 AM.xlsx:3363; Document ID=2641805
existing,SANCAP,source_row,SanCap - VIM STATUS REPORT 2026-07-01 8.49 AM.xlsx:3365; Document ID=2643626
existing,SANCAP,source_row,SanCap - VIM STATUS REPORT 2026-07-01 8.49 AM.xlsx:3366; Document ID=2643708
existing,SANCAP,source_row,SanCap - VIM STATUS REPORT 2026-07-01 8.49 AM.xlsx:3367; Document ID=2643780
existing,SANCAP,source_row,SanCap - VIM STATUS REPORT 2026-07-01 8.49 AM.xlsx:3368; Document ID=2644186
existing,SANCAP,source_row,SanCap - VIM STATUS REPORT 2026-07-01 8.49 AM.xlsx:3369; Document ID=2644226
existing,SANCAP,source_row,SanCap - VIM STATUS REPORT 2026-07-01 8.49 AM.xlsx:3370; Document ID=2644440
existing,SANCAP,source_row,SanCap - VIM STATUS REPORT 2026-07-01 8.49 AM.xlsx:3371; Document ID=2644469
existing,SANCAP,source_row,SanCap - VIM STATUS REPORT 2026-07-01 8.49 AM.xlsx:3372; Document ID=2644539
existing,SANCAP,source_row,SanCap - VIM STATUS REPORT 2026-07-01 8.49 AM.xlsx:3373; Document ID=2644687
existing,SANCAP,source_row,SanCap - VIM STATUS REPORT 2026-07-01 8.49 AM.xlsx:3374; Document ID=2644846
existing,SANCAP,source_row,SanCap - VIM STATUS REPORT 2026-07-01 8.49 AM.xlsx:3375; Document ID=2645216
existing,SANCAP,source_row,SanCap - VIM STATUS REPORT 2026-07-01 8.49 AM.xlsx:3376; Document ID=2645230
existing,SANCAP,source_row,SanCap - VIM STATUS REPORT 2026-07-01 8.49 AM.xlsx:3378; Document ID=2633211
existing,SANCAP,source_row,SanCap - VIM STATUS REPORT 2026-07-01 8.49 AM.xlsx:3379; Document ID=2633221
existing,SANCAP,source_row,SanCap - VIM STATUS REPORT 2026-07-01 8.49 AM.xlsx:3380; Document ID=2635817
existing,SANCAP,source_row,SanCap - VIM STATUS REPORT 2026-07-01 8.49 AM.xlsx:3381; Document ID=2635902
existing,SANCAP,source_row,SanCap - VIM STATUS REPORT 2026-07-01 8.49 AM.xlsx:3382; Document ID=2636271
existing,SANCAP,source_row,SanCap - VIM STATUS REPORT 2026-07-01 8.49 AM.xlsx:3383; Document ID=2636415
existing,SANCAP,source_row,SanCap - VIM STATUS REPORT 2026-07-01 8.49 AM.xlsx:3384; Document ID=2636493
existing,SANCAP,source_row,SanCap - VIM STATUS REPORT 2026-07-01 8.49 AM.xlsx:3385; Document ID=2637207
existing,SANCAP,source_row,SanCap - VIM STATUS REPORT 2026-07-01 8.49 AM.xlsx:3386; Document ID=2639239
existing,SANCAP,source_row,SanCap - VIM STATUS REPORT 2026-07-01 8.49 AM.xlsx:3387; Document ID=2639266
existing,SANCAP,source_row,SanCap - VIM STATUS REPORT 2026-07-01 8.49 AM.xlsx:3388; Document ID=2639325
existing,SANCAP,source_row,SanCap - VIM STATUS REPORT 2026-07-01 8.49 AM.xlsx:3389; Document ID=2639544
existing,SANCAP,source_row,SanCap - VIM STATUS REPORT 2026-07-01 8.49 AM.xlsx:3390; Document ID=2639580
existing,SANCAP,source_row,SanCap - VIM STATUS REPORT 2026-07-01 8.49 AM.xlsx:3391; Document ID=2641564
existing,SANCAP,source_row,SanCap - VIM STATUS REPORT 2026-07-01 8.49 AM.xlsx:3392; Document ID=2633109
existing,SANCAP,source_row,SanCap - VIM STATUS REPORT 2026-07-01 8.49 AM.xlsx:3393; Document ID=2633256
existing,SANCAP,source_row,SanCap - VIM STATUS REPORT 2026-07-01 8.49 AM.xlsx:3394; Document ID=2635565
existing,SANCAP,source_row,SanCap - VIM STATUS REPORT 2026-07-01 8.49 AM.xlsx:3395; Document ID=2635591
existing,SANCAP,source_row,SanCap - VIM STATUS REPORT 2026-07-01 8.49 AM.xlsx:3396; Document ID=2635626
existing,SANCAP,source_row,SanCap - VIM STATUS REPORT 2026-07-01 8.49 AM.xlsx:3397; Document ID=2635632
existing,SANCAP,source_row,SanCap - VIM STATUS REPORT 2026-07-01 8.49 AM.xlsx:3398; Document ID=2636509
existing,SANCAP,source_row,SanCap - VIM STATUS REPORT 2026-07-01 8.49 AM.xlsx:3399; Document ID=2636525
existing,SANCAP,source_row,SanCap - VIM STATUS REPORT 2026-07-01 8.49 AM.xlsx:3400; Document ID=2620476
existing,SANCAP,source_row,SanCap - VIM STATUS REPORT 2026-07-01 8.49 AM.xlsx:3401; Document ID=2626809
existing,SANCAP,source_row,SanCap - VIM STATUS REPORT 2026-07-01 8.49 AM.xlsx:3402; Document ID=2629578
existing,SANCAP,source_row,SanCap - VIM STATUS REPORT 2026-07-01 8.49 AM.xlsx:3403; Document ID=2631649
existing,SANCAP,source_row,SanCap - VIM STATUS REPORT 2026-07-01 8.49 AM.xlsx:3404; Document ID=2631930
existing,SANCAP,source_row,SanCap - VIM STATUS REPORT 2026-07-01 8.49 AM.xlsx:3405; Document ID=2631938
existing,SANCAP,source_row,SanCap - VIM STATUS REPORT 2026-07-01 8.49 AM.xlsx:3406; Document ID=2631941
existing,SANCAP,source_row,SanCap - VIM STATUS REPORT 2026-07-01 8.49 AM.xlsx:3407; Document ID=2631944
existing,SANCAP,source_row,SanCap - VIM STATUS REPORT 2026-07-01 8.49 AM.xlsx:3408; Document ID=2632644
existing,SANCAP,source_row,SanCap - VIM STATUS REPORT 2026-07-01 8.49 AM.xlsx:3409; Document ID=2632651
existing,SANCAP,source_row,SanCap - VIM STATUS REPORT 2026-07-01 8.49 AM.xlsx:3410; Document ID=2632661
existing,SANCAP,source_row,SanCap - VIM STATUS REPORT 2026-07-01 8.49 AM.xlsx:3413; Document ID=2632687
existing,SANCAP,source_row,SanCap - VIM STATUS REPORT 2026-07-01 8.49 AM.xlsx:3415; Document ID=2632710
existing,SANCAP,source_row,SanCap - VIM STATUS REPORT 2026-07-01 8.49 AM.xlsx:3416; Document ID=2632711
existing,SANCAP,source_row,SanCap - VIM STATUS REPORT 2026-07-01 8.49 AM.xlsx:3417; Document ID=2632712
existing,SANCAP,source_row,SanCap - VIM STATUS REPORT 2026-07-01 8.49 AM.xlsx:3418; Document ID=2632938
existing,SANCAP,source_row,SanCap - VIM STATUS REPORT 2026-07-01 8.49 AM.xlsx:3419; Document ID=2632947
existing,SANCAP,source_row,SanCap - VIM STATUS REPORT 2026-07-01 8.49 AM.xlsx:3420; Document ID=2632992
existing,SANCAP,source_row,SanCap - VIM STATUS REPORT 2026-07-01 8.49 AM.xlsx:3424; Document ID=2427800
existing,SANCAP,source_row,SanCap - VIM STATUS REPORT 2026-07-01 8.49 AM.xlsx:3427; Document ID=2621813
existing,SANCAP,source_row,SanCap - VIM STATUS REPORT 2026-07-01 8.49 AM.xlsx:3428; Document ID=2621816
existing,SANCAP,source_row,SanCap - VIM STATUS REPORT 2026-07-01 8.49 AM.xlsx:3429; Document ID=2621824
existing,SANCAP,source_row,SanCap - VIM STATUS REPORT 2026-07-01 8.49 AM.xlsx:3430; Document ID=2623926
existing,SANCAP,source_row,SanCap - VIM STATUS REPORT 2026-07-01 8.49 AM.xlsx:3431; Document ID=2628236
existing,SANCAP,source_row,SanCap - VIM STATUS REPORT 2026-07-01 8.49 AM.xlsx:3432; Document ID=2628237
existing,SANCAP,source_row,SanCap - VIM STATUS REPORT 2026-07-01 8.49 AM.xlsx:3433; Document ID=2628238
existing,SANCAP,source_row,SanCap - VIM STATUS REPORT 2026-07-01 8.49 AM.xlsx:3434; Document ID=2628239
existing,SANCAP,source_row,SanCap - VIM STATUS REPORT 2026-07-01 8.49 AM.xlsx:3435; Document ID=2628240
existing,SANCAP,source_row,SanCap - VIM STATUS REPORT 2026-07-01 8.49 AM.xlsx:3436; Document ID=2628241
existing,SANCAP,source_row,SanCap - VIM STATUS REPORT 2026-07-01 8.49 AM.xlsx:3437; Document ID=2628242
existing,SANCAP,source_row,SanCap - VIM STATUS REPORT 2026-07-01 8.49 AM.xlsx:3438; Document ID=2628243
existing,SANCAP,source_row,SanCap - VIM STATUS REPORT 2026-07-01 8.49 AM.xlsx:3439; Document ID=2628244
existing,SANCAP,source_row,SanCap - VIM STATUS REPORT 2026-07-01 8.49 AM.xlsx:3440; Document ID=2628245
existing,SANCAP,source_row,SanCap - VIM STATUS REPORT 2026-07-01 8.49 AM.xlsx:3441; Document ID=2628246
existing,SANCAP,source_row,SanCap - VIM STATUS REPORT 2026-07-01 8.49 AM.xlsx:3442; Document ID=2628249
existing,SANCAP,source_row,SanCap - VIM STATUS REPORT 2026-07-01 8.49 AM.xlsx:3443; Document ID=2628252
existing,SANCAP,source_row,SanCap - VIM STATUS REPORT 2026-07-01 8.49 AM.xlsx:3444; Document ID=2628255
existing,SANCAP,source_row,SanCap - VIM STATUS REPORT 2026-07-01 8.49 AM.xlsx:3445; Document ID=2628259
existing,SANCAP,source_row,SanCap - VIM STATUS REPORT 2026-07-01 8.49 AM.xlsx:3446; Document ID=2628260
existing,SANCAP,source_row,SanCap - VIM STATUS REPORT 2026-07-01 8.49 AM.xlsx:3447; Document ID=2628261
existing,SANCAP,source_row,SanCap - VIM STATUS REPORT 2026-07-01 8.49 AM.xlsx:3448; Document ID=2628262
existing,SANCAP,source_row,SanCap - VIM STATUS REPORT 2026-07-01 8.49 AM.xlsx:3449; Document ID=2628263
existing,SANCAP,source_row,SanCap - VIM STATUS REPORT 2026-07-01 8.49 AM.xlsx:3450; Document ID=2628264
existing,SANCAP,source_row,SanCap - VIM STATUS REPORT 2026-07-01 8.49 AM.xlsx:3451; Document ID=2628265
existing,SANCAP,source_row,SanCap - VIM STATUS REPORT 2026-07-01 8.49 AM.xlsx:3452; Document ID=2628266
existing,SANCAP,source_row,SanCap - VIM STATUS REPORT 2026-07-01 8.49 AM.xlsx:3453; Document ID=2628268
